{
  "custom_macbuf": {
    "benchmark": "custom_macbuf",
    "reward": -0.050226605937291745,
    "success": true,
    "status": null,
    "wirelength": 5349.0,
    "delay_ns": 13.7588,
    "power_w": 0.007809,
    "routing_area": 680236.0,
    "baseline": {
      "delay_ns": 14.3481,
      "wirelength": 4672.0,
      "power_w": 0.006354,
      "routing_area": 488146.0
    },
    "adp": 73086.23547873119,
    "baseline_adp": 44503.210274000405,
    "adp_reduction_pct": -64.22688392308974
  }
}