{
  "lightweight_cipher": {
    "benchmark": "lightweight_cipher",
    "reward": 0.03001094608375016,
    "success": true,
    "status": null,
    "wirelength": 6057.0,
    "delay_ns": 3.52003,
    "power_w": 0.0213,
    "routing_area": 366070.0,
    "baseline": {
      "delay_ns": 3.55966,
      "wirelength": 6618.0,
      "power_w": 0.02235,
      "routing_area": 447080.0
    },
    "adp": 27446.69823873,
    "baseline_adp": 35568.969919079995,
    "adp_reduction_pct": 22.83527383229905
  }
}