{
  "lightweight_cipher": {
    "benchmark": "lightweight_cipher",
    "reward": 0.02832700686107669,
    "success": true,
    "status": null,
    "wirelength": 5602.0,
    "delay_ns": 3.68412,
    "power_w": 0.02007,
    "routing_area": 352905.0,
    "baseline": {
      "delay_ns": 3.55966,
      "wirelength": 6618.0,
      "power_w": 0.02235,
      "routing_area": 447080.0
    },
    "adp": 26093.897477802,
    "baseline_adp": 35568.969919079995,
    "adp_reduction_pct": 26.63859106078682
  }
}