{
  "custom_macbuf": {
    "benchmark": "custom_macbuf",
    "reward": 0.09264359817498856,
    "success": true,
    "status": null,
    "wirelength": 4638.0,
    "delay_ns": 13.7177,
    "power_w": 0.005117,
    "routing_area": 243691.0,
    "baseline": {
      "delay_ns": 14.3481,
      "wirelength": 4672.0,
      "power_w": 0.006354,
      "routing_area": 488146.0
    },
    "adp": 17105.5171170919,
    "baseline_adp": 44503.210274000405,
    "adp_reduction_pct": 61.56340854564091
  }
}