{
  "custom_macbuf": {
    "benchmark": "custom_macbuf",
    "reward": 0.055052616352864125,
    "success": true,
    "status": null,
    "wirelength": 4861.0,
    "delay_ns": 13.7225,
    "power_w": 0.005706,
    "routing_area": 324630.0,
    "baseline": {
      "delay_ns": 14.3481,
      "wirelength": 4672.0,
      "power_w": 0.006354,
      "routing_area": 488146.0
    },
    "adp": 25418.71890855,
    "baseline_adp": 44503.210274000405,
    "adp_reduction_pct": 42.88340379929831
  }
}