{
  "lightweight_cipher": {
    "benchmark": "lightweight_cipher",
    "reward": 0.030347330818471456,
    "success": true,
    "status": null,
    "wirelength": 5741.0,
    "delay_ns": 3.62707,
    "power_w": 0.0204,
    "routing_area": 353005.0,
    "baseline": {
      "delay_ns": 3.55966,
      "wirelength": 6618.0,
      "power_w": 0.02235,
      "routing_area": 447080.0
    },
    "adp": 26119.62644514,
    "baseline_adp": 35568.969919079995,
    "adp_reduction_pct": 26.56625563078552
  }
}