{
  "custom_macbuf": {
    "benchmark": "custom_macbuf",
    "reward": 0.021669468007758666,
    "success": true,
    "status": null,
    "wirelength": 4623.0,
    "delay_ns": 13.8179,
    "power_w": 0.006396,
    "routing_area": 460833.0,
    "baseline": {
      "delay_ns": 14.3481,
      "wirelength": 4672.0,
      "power_w": 0.006354,
      "routing_area": 488146.0
    },
    "adp": 40728.0926112372,
    "baseline_adp": 44503.210274000405,
    "adp_reduction_pct": 8.48279852064671
  }
}