{
  "custom_macbuf": {
    "benchmark": "custom_macbuf",
    "reward": 0.10712083890539593,
    "success": true,
    "status": null,
    "wirelength": 4282.0,
    "delay_ns": 13.3451,
    "power_w": 0.005291,
    "routing_area": 256751.0,
    "baseline": {
      "delay_ns": 14.3481,
      "wirelength": 4672.0,
      "power_w": 0.006354,
      "routing_area": 488146.0
    },
    "adp": 18128.9118715991,
    "baseline_adp": 44503.210274000405,
    "adp_reduction_pct": 59.26381094761079
  }
}