{
  "lightweight_cipher": {
    "benchmark": "lightweight_cipher",
    "reward": 0.0586919400677086,
    "success": true,
    "status": null,
    "wirelength": 6076.0,
    "delay_ns": 3.29644,
    "power_w": 0.02205,
    "routing_area": 322329.0,
    "baseline": {
      "delay_ns": 3.55966,
      "wirelength": 6618.0,
      "power_w": 0.02235,
      "routing_area": 447080.0
    },
    "adp": 23428.967503158,
    "baseline_adp": 35568.969919079995,
    "adp_reduction_pct": 34.13087993141411
  }
}