{
  "custom_macbuf": {
    "benchmark": "custom_macbuf",
    "reward": 0.03757077865558707,
    "success": true,
    "status": null,
    "wirelength": 4820.0,
    "delay_ns": 14.5651,
    "power_w": 0.005384,
    "routing_area": 299885.0,
    "baseline": {
      "delay_ns": 14.3481,
      "wirelength": 4672.0,
      "power_w": 0.006354,
      "routing_area": 488146.0
    },
    "adp": 23516.531392683995,
    "baseline_adp": 44503.210274000405,
    "adp_reduction_pct": 47.15767413654923
  }
}