{
  "lightweight_cipher": {
    "benchmark": "lightweight_cipher",
    "reward": 0.06132352222778335,
    "success": true,
    "status": null,
    "wirelength": 5402.0,
    "delay_ns": 3.41905,
    "power_w": 0.02113,
    "routing_area": 324905.0,
    "baseline": {
      "delay_ns": 3.55966,
      "wirelength": 6618.0,
      "power_w": 0.02235,
      "routing_area": 447080.0
    },
    "adp": 23472.607882482498,
    "baseline_adp": 35568.969919079995,
    "adp_reduction_pct": 34.008187653780595
  }
}