{
  "lightweight_cipher": {
    "benchmark": "lightweight_cipher",
    "reward": 0.06351814857286248,
    "success": true,
    "status": null,
    "wirelength": 5704.0,
    "delay_ns": 3.38223,
    "power_w": 0.02105,
    "routing_area": 310224.0,
    "baseline": {
      "delay_ns": 3.55966,
      "wirelength": 6618.0,
      "power_w": 0.02235,
      "routing_area": 447080.0
    },
    "adp": 22086.689755896,
    "baseline_adp": 35568.969919079995,
    "adp_reduction_pct": 37.9046123456946
  }
}