{
  "custom_macbuf": {
    "benchmark": "custom_macbuf",
    "reward": 0.07961623987187368,
    "success": true,
    "status": null,
    "wirelength": 4253.0,
    "delay_ns": 13.3903,
    "power_w": 0.005773,
    "routing_area": 338687.0,
    "baseline": {
      "delay_ns": 14.3481,
      "wirelength": 4672.0,
      "power_w": 0.006354,
      "routing_area": 488146.0
    },
    "adp": 26181.250854905302,
    "baseline_adp": 44503.210274000405,
    "adp_reduction_pct": 41.16997247229855
  }
}