{
  "custom_macbuf": {
    "benchmark": "custom_macbuf",
    "reward": 0.05829587080375116,
    "success": true,
    "status": null,
    "wirelength": 4702.0,
    "delay_ns": 13.8735,
    "power_w": 0.005584,
    "routing_area": 299982.0,
    "baseline": {
      "delay_ns": 14.3481,
      "wirelength": 4672.0,
      "power_w": 0.006354,
      "routing_area": 488146.0
    },
    "adp": 23239.492746768,
    "baseline_adp": 44503.210274000405,
    "adp_reduction_pct": 47.78018798265226
  }
}