{
  "custom_macbuf": {
    "benchmark": "custom_macbuf",
    "reward": 0.0597014807555878,
    "success": true,
    "status": null,
    "wirelength": 4509.0,
    "delay_ns": 13.8405,
    "power_w": 0.005663,
    "routing_area": 338561.0,
    "baseline": {
      "delay_ns": 14.3481,
      "wirelength": 4672.0,
      "power_w": 0.006354,
      "routing_area": 488146.0
    },
    "adp": 26535.9884865915,
    "baseline_adp": 44503.210274000405,
    "adp_reduction_pct": 40.372866759020496
  }
}