{
  "lightweight_cipher": {
    "benchmark": "lightweight_cipher",
    "reward": 0.03960330914009897,
    "success": true,
    "status": null,
    "wirelength": 5535.0,
    "delay_ns": 3.68102,
    "power_w": 0.01944,
    "routing_area": 300518.0,
    "baseline": {
      "delay_ns": 3.55966,
      "wirelength": 6618.0,
      "power_w": 0.02235,
      "routing_area": 447080.0
    },
    "adp": 21504.776216918402,
    "baseline_adp": 35568.969919079995,
    "adp_reduction_pct": 39.54062694016124
  }
}