{
  "lightweight_cipher": {
    "benchmark": "lightweight_cipher",
    "reward": 0.05002057580904299,
    "success": true,
    "status": null,
    "wirelength": 5414.0,
    "delay_ns": 3.53503,
    "power_w": 0.02051,
    "routing_area": 324790.0,
    "baseline": {
      "delay_ns": 3.55966,
      "wirelength": 6618.0,
      "power_w": 0.02235,
      "routing_area": 447080.0
    },
    "adp": 23548.400494786998,
    "baseline_adp": 35568.969919079995,
    "adp_reduction_pct": 33.795101324665836
  }
}