{
  "lightweight_cipher": {
    "benchmark": "lightweight_cipher",
    "reward": 0.03140650530591496,
    "success": true,
    "status": null,
    "wirelength": 5670.0,
    "delay_ns": 3.63622,
    "power_w": 0.02031,
    "routing_area": 352969.0,
    "baseline": {
      "delay_ns": 3.55966,
      "wirelength": 6618.0,
      "power_w": 0.02235,
      "routing_area": 447080.0
    },
    "adp": 26067.3353541258,
    "baseline_adp": 35568.969919079995,
    "adp_reduction_pct": 26.71326885926293
  }
}