{
  "lightweight_cipher": {
    "benchmark": "lightweight_cipher",
    "reward": -0.0019550993959145625,
    "success": true,
    "status": null,
    "wirelength": 6932.0,
    "delay_ns": 3.45086,
    "power_w": 0.02357,
    "routing_area": 502939.0,
    "baseline": {
      "delay_ns": 3.55966,
      "wirelength": 6618.0,
      "power_w": 0.02235,
      "routing_area": 447080.0
    },
    "adp": 40907.4338676178,
    "baseline_adp": 35568.969919079995,
    "adp_reduction_pct": -15.008767362909023
  }
}