{
  "lightweight_cipher": {
    "benchmark": "lightweight_cipher",
    "reward": 0.05119890160862905,
    "success": true,
    "status": null,
    "wirelength": 5964.0,
    "delay_ns": 3.35585,
    "power_w": 0.02195,
    "routing_area": 335824.0,
    "baseline": {
      "delay_ns": 3.55966,
      "wirelength": 6618.0,
      "power_w": 0.02235,
      "routing_area": 447080.0
    },
    "adp": 24737.100600280002,
    "baseline_adp": 35568.969919079995,
    "adp_reduction_pct": 30.453143128526573
  }
}