{
  "lightweight_cipher": {
    "benchmark": "lightweight_cipher",
    "reward": 0.0421869122617887,
    "success": true,
    "status": null,
    "wirelength": 5771.0,
    "delay_ns": 3.51456,
    "power_w": 0.02085,
    "routing_area": 336343.0,
    "baseline": {
      "delay_ns": 3.55966,
      "wirelength": 6618.0,
      "power_w": 0.02235,
      "routing_area": 447080.0
    },
    "adp": 24646.736087568002,
    "baseline_adp": 35568.969919079995,
    "adp_reduction_pct": 30.70719747116731
  }
}