{
  "lightweight_cipher": {
    "benchmark": "lightweight_cipher",
    "reward": 0.034687667382932094,
    "success": true,
    "status": null,
    "wirelength": 5742.0,
    "delay_ns": 3.58417,
    "power_w": 0.02059,
    "routing_area": 336305.0,
    "baseline": {
      "delay_ns": 3.55966,
      "wirelength": 6618.0,
      "power_w": 0.02235,
      "routing_area": 447080.0
    },
    "adp": 24818.6566691915,
    "baseline_adp": 35568.969919079995,
    "adp_reduction_pct": 30.223853190985402
  }
}