{
  "lightweight_cipher": {
    "benchmark": "lightweight_cipher",
    "reward": 0.050981339026113195,
    "success": true,
    "status": null,
    "wirelength": 5777.0,
    "delay_ns": 3.40849,
    "power_w": 0.02152,
    "routing_area": 336181.0,
    "baseline": {
      "delay_ns": 3.55966,
      "wirelength": 6618.0,
      "power_w": 0.02235,
      "routing_area": 447080.0
    },
    "adp": 24659.1132903688,
    "baseline_adp": 35568.969919079995,
    "adp_reduction_pct": 30.672399716751148
  }
}