{
  "custom_macbuf": {
    "benchmark": "custom_macbuf",
    "reward": 0.061772714951843735,
    "success": true,
    "status": null,
    "wirelength": 4827.0,
    "delay_ns": 13.5618,
    "power_w": 0.005726,
    "routing_area": 324696.0,
    "baseline": {
      "delay_ns": 14.3481,
      "wirelength": 4672.0,
      "power_w": 0.006354,
      "routing_area": 488146.0
    },
    "adp": 25214.2246304928,
    "baseline_adp": 44503.210274000405,
    "adp_reduction_pct": 43.342908353684734
  }
}