{
  "custom_macbuf": {
    "benchmark": "custom_macbuf",
    "reward": 0.10591549496919776,
    "success": true,
    "status": null,
    "wirelength": 4332.0,
    "delay_ns": 13.4546,
    "power_w": 0.005206,
    "routing_area": 243717.0,
    "baseline": {
      "delay_ns": 14.3481,
      "wirelength": 4672.0,
      "power_w": 0.006354,
      "routing_area": 488146.0
    },
    "adp": 17071.071379129196,
    "baseline_adp": 44503.210274000405,
    "adp_reduction_pct": 61.6408091146125
  }
}