{
  "custom_macbuf": {
    "benchmark": "custom_macbuf",
    "reward": 0.06669304696826923,
    "success": true,
    "status": null,
    "wirelength": 4527.0,
    "delay_ns": 13.647,
    "power_w": 0.005683,
    "routing_area": 313248.0,
    "baseline": {
      "delay_ns": 14.3481,
      "wirelength": 4672.0,
      "power_w": 0.006354,
      "routing_area": 488146.0
    },
    "adp": 24294.230876448,
    "baseline_adp": 44503.210274000405,
    "adp_reduction_pct": 45.41016091452365
  }
}