{
  "lightweight_cipher": {
    "benchmark": "lightweight_cipher",
    "reward": 0.04570968789108189,
    "success": true,
    "status": null,
    "wirelength": 5281.0,
    "delay_ns": 3.59819,
    "power_w": 0.02025,
    "routing_area": 324713.0,
    "baseline": {
      "delay_ns": 3.55966,
      "wirelength": 6618.0,
      "power_w": 0.02235,
      "routing_area": 447080.0
    },
    "adp": 23659.676156767502,
    "baseline_adp": 35568.969919079995,
    "adp_reduction_pct": 33.48225655509939
  }
}