{
  "custom_macbuf": {
    "benchmark": "custom_macbuf",
    "reward": 0.11187281284523375,
    "success": true,
    "status": null,
    "wirelength": 4335.0,
    "delay_ns": 13.2642,
    "power_w": 0.00525,
    "routing_area": 244118.0,
    "baseline": {
      "delay_ns": 14.3481,
      "wirelength": 4672.0,
      "power_w": 0.006354,
      "routing_area": 488146.0
    },
    "adp": 16999.6573719,
    "baseline_adp": 44503.210274000405,
    "adp_reduction_pct": 61.80127845331753
  }
}