{
  "lightweight_cipher": {
    "benchmark": "lightweight_cipher",
    "reward": 0.03330514474042484,
    "success": true,
    "status": null,
    "wirelength": 5742.0,
    "delay_ns": 3.61356,
    "power_w": 0.02035,
    "routing_area": 336155.0,
    "baseline": {
      "delay_ns": 3.55966,
      "wirelength": 6618.0,
      "power_w": 0.02235,
      "routing_area": 447080.0
    },
    "adp": 24719.47592763,
    "baseline_adp": 35568.969919079995,
    "adp_reduction_pct": 30.502693825918424
  }
}