{
  "lightweight_cipher": {
    "benchmark": "lightweight_cipher",
    "reward": 0.03126157856106576,
    "success": true,
    "status": null,
    "wirelength": 5921.0,
    "delay_ns": 3.47263,
    "power_w": 0.02196,
    "routing_area": 410156.0,
    "baseline": {
      "delay_ns": 3.55966,
      "wirelength": 6618.0,
      "power_w": 0.02235,
      "routing_area": 447080.0
    },
    "adp": 31278.067864948804,
    "baseline_adp": 35568.969919079995,
    "adp_reduction_pct": 12.063610680582164
  }
}