{
  "lightweight_cipher": {
    "benchmark": "lightweight_cipher",
    "reward": 0.04560682674270024,
    "success": true,
    "status": null,
    "wirelength": 5758.0,
    "delay_ns": 3.47595,
    "power_w": 0.02109,
    "routing_area": 336243.0,
    "baseline": {
      "delay_ns": 3.55966,
      "wirelength": 6618.0,
      "power_w": 0.02235,
      "routing_area": 447080.0
    },
    "adp": 24649.2297198765,
    "baseline_adp": 35568.969919079995,
    "adp_reduction_pct": 30.7001867752878
  }
}