{
  "custom_macbuf": {
    "benchmark": "custom_macbuf",
    "reward": 0.06091839493703002,
    "success": true,
    "status": null,
    "wirelength": 4518.0,
    "delay_ns": 13.7413,
    "power_w": 0.005718,
    "routing_area": 324683.0,
    "baseline": {
      "delay_ns": 14.3481,
      "wirelength": 4672.0,
      "power_w": 0.006354,
      "routing_area": 488146.0
    },
    "adp": 25511.2372921722,
    "baseline_adp": 44503.210274000405,
    "adp_reduction_pct": 42.675512316745525
  }
}