{
  "custom_macbuf": {
    "benchmark": "custom_macbuf",
    "reward": 0.0961166744654207,
    "success": true,
    "status": null,
    "wirelength": 4577.0,
    "delay_ns": 13.6129,
    "power_w": 0.005159,
    "routing_area": 243699.0,
    "baseline": {
      "delay_ns": 14.3481,
      "wirelength": 4672.0,
      "power_w": 0.006354,
      "routing_area": 488146.0
    },
    "adp": 17114.7251541189,
    "baseline_adp": 44503.210274000405,
    "adp_reduction_pct": 61.54271782025209
  }
}