{
  "custom_macbuf": {
    "benchmark": "custom_macbuf",
    "reward": 0.06522625169759373,
    "success": true,
    "status": null,
    "wirelength": 4657.0,
    "delay_ns": 13.6172,
    "power_w": 0.005682,
    "routing_area": 313252.0,
    "baseline": {
      "delay_ns": 14.3481,
      "wirelength": 4672.0,
      "power_w": 0.006354,
      "routing_area": 488146.0
    },
    "adp": 24237.2251936608,
    "baseline_adp": 44503.210274000405,
    "adp_reduction_pct": 45.53825433168664
  }
}