{
  "custom_macbuf": {
    "benchmark": "custom_macbuf",
    "reward": 0.04247700149884287,
    "success": true,
    "status": null,
    "wirelength": 5286.0,
    "delay_ns": 13.9278,
    "power_w": 0.005617,
    "routing_area": 313191.0,
    "baseline": {
      "delay_ns": 14.3481,
      "wirelength": 4672.0,
      "power_w": 0.006354,
      "routing_area": 488146.0
    },
    "adp": 24501.700062246597,
    "baseline_adp": 44503.210274000405,
    "adp_reduction_pct": 44.943971656442635
  }
}