{
  "lightweight_cipher": {
    "benchmark": "lightweight_cipher",
    "reward": 0.056754167838872834,
    "success": true,
    "status": null,
    "wirelength": 5197.0,
    "delay_ns": 3.56676,
    "power_w": 0.01997,
    "routing_area": 310169.0,
    "baseline": {
      "delay_ns": 3.55966,
      "wirelength": 6618.0,
      "power_w": 0.02235,
      "routing_area": 447080.0
    },
    "adp": 22092.778697326805,
    "baseline_adp": 35568.969919079995,
    "adp_reduction_pct": 37.88749365644198
  }
}