{
  "lightweight_cipher": {
    "benchmark": "lightweight_cipher",
    "reward": 0.017158564752018414,
    "success": true,
    "status": null,
    "wirelength": 6204.0,
    "delay_ns": 3.71042,
    "power_w": 0.01985,
    "routing_area": 336303.0,
    "baseline": {
      "delay_ns": 3.55966,
      "wirelength": 6618.0,
      "power_w": 0.02235,
      "routing_area": 447080.0
    },
    "adp": 24769.333738611,
    "baseline_adp": 35568.969919079995,
    "adp_reduction_pct": 30.36252161656171
  }
}