{
  "lightweight_cipher": {
    "benchmark": "lightweight_cipher",
    "reward": 0.051482634972128585,
    "success": true,
    "status": null,
    "wirelength": 5461.0,
    "delay_ns": 3.453,
    "power_w": 0.02133,
    "routing_area": 352872.0,
    "baseline": {
      "delay_ns": 3.55966,
      "wirelength": 6618.0,
      "power_w": 0.02235,
      "routing_area": 447080.0
    },
    "adp": 25989.90145128,
    "baseline_adp": 35568.969919079995,
    "adp_reduction_pct": 26.930969577113252
  }
}