{
  "custom_macbuf": {
    "benchmark": "custom_macbuf",
    "reward": 0.07080572265519192,
    "success": true,
    "status": null,
    "wirelength": 4687.0,
    "delay_ns": 13.446,
    "power_w": 0.005708,
    "routing_area": 299970.0,
    "baseline": {
      "delay_ns": 14.3481,
      "wirelength": 4672.0,
      "power_w": 0.006354,
      "routing_area": 488146.0
    },
    "adp": 23022.627906960002,
    "baseline_adp": 44503.210274000405,
    "adp_reduction_pct": 48.26748954690523
  }
}