{
  "lightweight_cipher": {
    "benchmark": "lightweight_cipher",
    "reward": -0.016710719824242933,
    "success": true,
    "status": null,
    "wirelength": 6839.0,
    "delay_ns": 3.61922,
    "power_w": 0.02261,
    "routing_area": 502866.0,
    "baseline": {
      "delay_ns": 3.55966,
      "wirelength": 6618.0,
      "power_w": 0.02235,
      "routing_area": 447080.0
    },
    "adp": 41149.8084969972,
    "baseline_adp": 35568.969919079995,
    "adp_reduction_pct": -15.69018892201181
  }
}