{
  "lightweight_cipher": {
    "benchmark": "lightweight_cipher",
    "reward": 0.04342327653687029,
    "success": true,
    "status": null,
    "wirelength": 5709.0,
    "delay_ns": 3.51112,
    "power_w": 0.02088,
    "routing_area": 336339.0,
    "baseline": {
      "delay_ns": 3.55966,
      "wirelength": 6618.0,
      "power_w": 0.02235,
      "routing_area": 447080.0
    },
    "adp": 24657.7471925184,
    "baseline_adp": 35568.969919079995,
    "adp_reduction_pct": 30.6762404179396
  }
}