{
  "custom_macbuf": {
    "benchmark": "custom_macbuf",
    "reward": 0.06516118180197979,
    "success": true,
    "status": null,
    "wirelength": 4729.0,
    "delay_ns": 13.5553,
    "power_w": 0.005706,
    "routing_area": 324604.0,
    "baseline": {
      "delay_ns": 14.3481,
      "wirelength": 4672.0,
      "power_w": 0.006354,
      "routing_area": 488146.0
    },
    "adp": 25106.996854447203,
    "baseline_adp": 44503.210274000405,
    "adp_reduction_pct": 43.58385226623713
  }
}