{
  "lightweight_cipher": {
    "benchmark": "lightweight_cipher",
    "reward": 0.02758596306650323,
    "success": true,
    "status": null,
    "wirelength": 5810.0,
    "delay_ns": 3.67826,
    "power_w": 0.01994,
    "routing_area": 336339.0,
    "baseline": {
      "delay_ns": 3.55966,
      "wirelength": 6618.0,
      "power_w": 0.02235,
      "routing_area": 447080.0
    },
    "adp": 24668.617265391596,
    "baseline_adp": 35568.969919079995,
    "adp_reduction_pct": 30.645679867836723
  }
}