{
  "custom_macbuf": {
    "benchmark": "custom_macbuf",
    "reward": 0.11825608045013856,
    "success": true,
    "status": null,
    "wirelength": 4233.0,
    "delay_ns": 13.0584,
    "power_w": 0.005345,
    "routing_area": 256772.0,
    "baseline": {
      "delay_ns": 14.3481,
      "wirelength": 4672.0,
      "power_w": 0.006354,
      "routing_area": 488146.0
    },
    "adp": 17921.953286256,
    "baseline_adp": 44503.210274000405,
    "adp_reduction_pct": 59.728852871707694
  }
}