{
  "custom_macbuf": {
    "benchmark": "custom_macbuf",
    "reward": 0.05508502245047678,
    "success": true,
    "status": null,
    "wirelength": 4761.0,
    "delay_ns": 13.835,
    "power_w": 0.005652,
    "routing_area": 313228.0,
    "baseline": {
      "delay_ns": 14.3481,
      "wirelength": 4672.0,
      "power_w": 0.006354,
      "routing_area": 488146.0
    },
    "adp": 24492.99501576,
    "baseline_adp": 44503.210274000405,
    "adp_reduction_pct": 44.96353214754654
  }
}