{
  "lightweight_cipher": {
    "benchmark": "lightweight_cipher",
    "reward": 0.040554259459950684,
    "success": true,
    "status": null,
    "wirelength": 5722.0,
    "delay_ns": 3.53679,
    "power_w": 0.02076,
    "routing_area": 336286.0,
    "baseline": {
      "delay_ns": 3.55966,
      "wirelength": 6618.0,
      "power_w": 0.02235,
      "routing_area": 447080.0
    },
    "adp": 24691.3826898744,
    "baseline_adp": 35568.969919079995,
    "adp_reduction_pct": 30.581676258694834
  }
}