{
  "custom_macbuf": {
    "benchmark": "custom_macbuf",
    "reward": 0.062210952982853215,
    "success": true,
    "status": null,
    "wirelength": 4596.0,
    "delay_ns": 13.7547,
    "power_w": 0.00565,
    "routing_area": 313228.0,
    "baseline": {
      "delay_ns": 14.3481,
      "wirelength": 4672.0,
      "power_w": 0.006354,
      "routing_area": 488146.0
    },
    "adp": 24342.21801954,
    "baseline_adp": 44503.210274000405,
    "adp_reduction_pct": 45.30233241676686
  }
}