{
  "lightweight_cipher": {
    "benchmark": "lightweight_cipher",
    "reward": 0.05738519217095005,
    "success": true,
    "status": null,
    "wirelength": 5915.0,
    "delay_ns": 3.32524,
    "power_w": 0.02196,
    "routing_area": 336261.0,
    "baseline": {
      "delay_ns": 3.55966,
      "wirelength": 6618.0,
      "power_w": 0.02235,
      "routing_area": 447080.0
    },
    "adp": 24554.5416669744,
    "baseline_adp": 35568.969919079995,
    "adp_reduction_pct": 30.966396488747367
  }
}