{
  "lightweight_cipher": {
    "benchmark": "lightweight_cipher",
    "reward": 0.030842313876532385,
    "success": true,
    "status": null,
    "wirelength": 5820.0,
    "delay_ns": 3.61672,
    "power_w": 0.02039,
    "routing_area": 336337.0,
    "baseline": {
      "delay_ns": 3.55966,
      "wirelength": 6618.0,
      "power_w": 0.02235,
      "routing_area": 447080.0
    },
    "adp": 24803.145427109597,
    "baseline_adp": 35568.969919079995,
    "adp_reduction_pct": 30.267462106613795
  }
}