{
  "lightweight_cipher": {
    "benchmark": "lightweight_cipher",
    "reward": -0.020264675255304936,
    "success": true,
    "status": null,
    "wirelength": 6875.0,
    "delay_ns": 3.74509,
    "power_w": 0.02133,
    "routing_area": 406237.0,
    "baseline": {
      "delay_ns": 3.55966,
      "wirelength": 6618.0,
      "power_w": 0.02235,
      "routing_area": 447080.0
    },
    "adp": 32451.336714618894,
    "baseline_adp": 35568.969919079995,
    "adp_reduction_pct": 8.76503652355907
  }
}