{
  "custom_macbuf": {
    "benchmark": "custom_macbuf",
    "reward": 0.059644686204692314,
    "success": true,
    "status": null,
    "wirelength": 4790.0,
    "delay_ns": 13.6753,
    "power_w": 0.005686,
    "routing_area": 324607.0,
    "baseline": {
      "delay_ns": 14.3481,
      "wirelength": 4672.0,
      "power_w": 0.006354,
      "routing_area": 488146.0
    },
    "adp": 25240.711836970597,
    "baseline_adp": 44503.210274000405,
    "adp_reduction_pct": 43.283390835027724
  }
}