{
  "lightweight_cipher": {
    "benchmark": "lightweight_cipher",
    "reward": 0.05093103693469525,
    "success": true,
    "status": null,
    "wirelength": 5303.0,
    "delay_ns": 3.49118,
    "power_w": 0.02111,
    "routing_area": 352857.0,
    "baseline": {
      "delay_ns": 3.55966,
      "wirelength": 6618.0,
      "power_w": 0.02235,
      "routing_area": 447080.0
    },
    "adp": 26005.1409295986,
    "baseline_adp": 35568.969919079995,
    "adp_reduction_pct": 26.88812470881014
  }
}