{
  "custom_macbuf": {
    "benchmark": "custom_macbuf",
    "reward": 0.06140607056868791,
    "success": true,
    "status": null,
    "wirelength": 5109.0,
    "delay_ns": 13.4329,
    "power_w": 0.005734,
    "routing_area": 299981.0,
    "baseline": {
      "delay_ns": 14.3481,
      "wirelength": 4672.0,
      "power_w": 0.006354,
      "routing_area": 488146.0
    },
    "adp": 23105.8111192766,
    "baseline_adp": 44503.210274000405,
    "adp_reduction_pct": 48.08057446414053
  }
}