{
  "custom_macbuf": {
    "benchmark": "custom_macbuf",
    "reward": 0.035647472722594525,
    "success": true,
    "status": null,
    "wirelength": 4427.0,
    "delay_ns": 13.6424,
    "power_w": 0.006354,
    "routing_area": 442269.0,
    "baseline": {
      "delay_ns": 14.3481,
      "wirelength": 4672.0,
      "power_w": 0.006354,
      "routing_area": 488146.0
    },
    "adp": 38337.561787982406,
    "baseline_adp": 44503.210274000405,
    "adp_reduction_pct": 13.85439038679887
  }
}