{
  "lightweight_cipher": {
    "benchmark": "lightweight_cipher",
    "reward": 0.035750995999370525,
    "success": true,
    "status": null,
    "wirelength": 5781.0,
    "delay_ns": 3.57988,
    "power_w": 0.02052,
    "routing_area": 336337.0,
    "baseline": {
      "delay_ns": 3.55966,
      "wirelength": 6618.0,
      "power_w": 0.02235,
      "routing_area": 447080.0
    },
    "adp": 24707.0259629712,
    "baseline_adp": 35568.969919079995,
    "adp_reduction_pct": 30.537696145881927
  }
}