{
  "custom_macbuf": {
    "benchmark": "custom_macbuf",
    "reward": 0.0711969011532933,
    "success": true,
    "status": null,
    "wirelength": 4603.0,
    "delay_ns": 13.4519,
    "power_w": 0.00573,
    "routing_area": 313252.0,
    "baseline": {
      "delay_ns": 14.3481,
      "wirelength": 4672.0,
      "power_w": 0.006354,
      "routing_area": 488146.0
    },
    "adp": 24145.272136524,
    "baseline_adp": 44503.210274000405,
    "adp_reduction_pct": 45.74487550928407
  }
}