{
  "custom_macbuf": {
    "benchmark": "custom_macbuf",
    "reward": 0.007666252321028751,
    "success": true,
    "status": null,
    "wirelength": 5536.0,
    "delay_ns": 14.1974,
    "power_w": 0.005978,
    "routing_area": 365966.0,
    "baseline": {
      "delay_ns": 14.3481,
      "wirelength": 4672.0,
      "power_w": 0.006354,
      "routing_area": 488146.0
    },
    "adp": 31060.287285255203,
    "baseline_adp": 44503.210274000405,
    "adp_reduction_pct": 30.20663656841584
  }
}