{
  "custom_macbuf": {
    "benchmark": "custom_macbuf",
    "reward": 0.0015968753190600243,
    "success": true,
    "status": null,
    "wirelength": 4557.0,
    "delay_ns": 14.0715,
    "power_w": 0.006626,
    "routing_area": 483511.0,
    "baseline": {
      "delay_ns": 14.3481,
      "wirelength": 4672.0,
      "power_w": 0.006354,
      "routing_area": 488146.0
    },
    "adp": 45081.482091849,
    "baseline_adp": 44503.210274000405,
    "adp_reduction_pct": -1.299393491589151
  }
}