{
  "custom_macbuf": {
    "benchmark": "custom_macbuf",
    "reward": 0.0514978353285412,
    "success": true,
    "status": null,
    "wirelength": 5045.0,
    "delay_ns": 13.6603,
    "power_w": 0.005755,
    "routing_area": 324579.0,
    "baseline": {
      "delay_ns": 14.3481,
      "wirelength": 4672.0,
      "power_w": 0.006354,
      "routing_area": 488146.0
    },
    "adp": 25516.786686343497,
    "baseline_adp": 44503.210274000405,
    "adp_reduction_pct": 42.6630426676188
  }
}