{
  "custom_macbuf": {
    "benchmark": "custom_macbuf",
    "reward": 0.04145985083481895,
    "success": true,
    "status": null,
    "wirelength": 5154.0,
    "delay_ns": 14.1342,
    "power_w": 0.005519,
    "routing_area": 299885.0,
    "baseline": {
      "delay_ns": 14.3481,
      "wirelength": 4672.0,
      "power_w": 0.006354,
      "routing_area": 488146.0
    },
    "adp": 23393.024175272996,
    "baseline_adp": 44503.210274000405,
    "adp_reduction_pct": 47.435198424461454
  }
}