{
  "mkDelayWorker32B": {
    "benchmark": "mkDelayWorker32B",
    "reward": 0.10818206782821041,
    "success": true,
    "status": null,
    "wirelength": 23106.0,
    "delay_ns": 6.62671,
    "power_w": 0.153,
    "routing_area": 3771980.0,
    "baseline": {
      "delay_ns": 7.95916,
      "wirelength": 21796.0,
      "power_w": 0.1551,
      "routing_area": 6865840.0
    },
    "adp": 3824360.0906273997,
    "baseline_adp": 8475644.09154144,
    "adp_reduction_pct": 54.87823639923658
  }
}