{
  "mkDelayWorker32B": {
    "benchmark": "mkDelayWorker32B",
    "reward": 0.13537566880721627,
    "success": true,
    "status": null,
    "wirelength": 24007.0,
    "delay_ns": 6.04504,
    "power_w": 0.1658,
    "routing_area": 3477470.0,
    "baseline": {
      "delay_ns": 7.95916,
      "wirelength": 21796.0,
      "power_w": 0.1551,
      "routing_area": 6865840.0
    },
    "adp": 3485355.6222510403,
    "baseline_adp": 8475644.09154144,
    "adp_reduction_pct": 58.87798514652862
  }
}