{
  "mkDelayWorker32B": {
    "benchmark": "mkDelayWorker32B",
    "reward": 0.13161353872783982,
    "success": true,
    "status": null,
    "wirelength": 23695.0,
    "delay_ns": 6.16933,
    "power_w": 0.1619,
    "routing_area": 3189100.0,
    "baseline": {
      "delay_ns": 7.95916,
      "wirelength": 21796.0,
      "power_w": 0.1551,
      "routing_area": 6865840.0
    },
    "adp": 3185319.4080557004,
    "baseline_adp": 8475644.09154144,
    "adp_reduction_pct": 62.41796642647371
  }
}