{
  "custom_macbuf": {
    "benchmark": "custom_macbuf",
    "reward": 0.09447135174166028,
    "success": true,
    "status": null,
    "wirelength": 4455.0,
    "delay_ns": 13.6801,
    "power_w": 0.005183,
    "routing_area": 256780.0,
    "baseline": {
      "delay_ns": 14.3481,
      "wirelength": 4672.0,
      "power_w": 0.006354,
      "routing_area": 488146.0
    },
    "adp": 18206.718412274,
    "baseline_adp": 44503.210274000405,
    "adp_reduction_pct": 59.088977401455686
  }
}