{
  "reduction_layer": {
    "benchmark": "reduction_layer",
    "reward": -0.010245412929107895,
    "success": true,
    "status": null,
    "wirelength": 165734.0,
    "delay_ns": 7.84714,
    "power_w": 0.1313,
    "routing_area": 8855260.0,
    "baseline": {
      "delay_ns": 7.50631,
      "wirelength": 145283.0,
      "power_w": 0.1449,
      "routing_area": 10687300.0
    },
    "adp": 9123835.44877532,
    "baseline_adp": 11624194.8764487,
    "adp_reduction_pct": 21.50995793041336
  }
}