{
  "lightweight_cipher": {
    "benchmark": "lightweight_cipher",
    "reward": 0.051546118586575526,
    "success": true,
    "status": null,
    "wirelength": 5493.0,
    "delay_ns": 3.55856,
    "power_w": 0.02004,
    "routing_area": 300614.0,
    "baseline": {
      "delay_ns": 3.55966,
      "wirelength": 6618.0,
      "power_w": 0.02235,
      "routing_area": 447080.0
    },
    "adp": 21437.8492350336,
    "baseline_adp": 35568.969919079995,
    "adp_reduction_pct": 39.72878808746763
  }
}