{
  "custom_macbuf": {
    "benchmark": "custom_macbuf",
    "reward": 0.05292410499754825,
    "success": true,
    "status": null,
    "wirelength": 5090.0,
    "delay_ns": 13.7494,
    "power_w": 0.005637,
    "routing_area": 299970.0,
    "baseline": {
      "delay_ns": 14.3481,
      "wirelength": 4672.0,
      "power_w": 0.006354,
      "routing_area": 488146.0
    },
    "adp": 23249.285178965998,
    "baseline_adp": 44503.210274000405,
    "adp_reduction_pct": 47.75818410442031
  }
}