{
  "lightweight_cipher": {
    "benchmark": "lightweight_cipher",
    "reward": 0.036630482661948786,
    "success": true,
    "status": null,
    "wirelength": 5929.0,
    "delay_ns": 3.53812,
    "power_w": 0.02077,
    "routing_area": 336321.0,
    "baseline": {
      "delay_ns": 3.55966,
      "wirelength": 6618.0,
      "power_w": 0.02235,
      "routing_area": 447080.0
    },
    "adp": 24715.138053920404,
    "baseline_adp": 35568.969919079995,
    "adp_reduction_pct": 30.514889494557313
  }
}