{
  "custom_macbuf": {
    "benchmark": "custom_macbuf",
    "reward": 0.1030823283377023,
    "success": true,
    "status": null,
    "wirelength": 4358.0,
    "delay_ns": 13.5217,
    "power_w": 0.005193,
    "routing_area": 256464.0,
    "baseline": {
      "delay_ns": 14.3481,
      "wirelength": 4672.0,
      "power_w": 0.006354,
      "routing_area": 488146.0
    },
    "adp": 18008.437392878397,
    "baseline_adp": 44503.210274000405,
    "adp_reduction_pct": 59.53452058401446
  }
}