{
  "reduction_layer": {
    "benchmark": "reduction_layer",
    "reward": -0.0008407402515913324,
    "success": true,
    "status": null,
    "wirelength": 163543.0,
    "delay_ns": 7.81703,
    "power_w": 0.1288,
    "routing_area": 8209430.0,
    "baseline": {
      "delay_ns": 7.50631,
      "wirelength": 145283.0,
      "power_w": 0.1449,
      "routing_area": 10687300.0
    },
    "adp": 8265528.8443655195,
    "baseline_adp": 11624194.8764487,
    "adp_reduction_pct": 28.89375193535369
  }
}