{
  "benchmark": "softmax",
  "best_adpp": 3055264.8352324,
  "baseline_adp": 3578524.063381696,
  "adp_reduction_pct": 14.622207895811034,
  "best_sol": {
    "dsps": [
      [
        22,
        24
      ],
      [
        35,
        7
      ],
      [
        32,
        30
      ],
      [
        21,
        33
      ],
      [
        34,
        30
      ],
      [
        3,
        18
      ],
      [
        27,
        18
      ],
      [
        23,
        5
      ]
    ],
    "brams": [],
    "aspect_ratio": 1.0
  },
  "n_vtr_calls": 768,
  "wall_seconds": 23593.785753250122,
  "wall_hours": 6.5538293759028114
}