{
  "lightweight_cipher": {
    "benchmark": "lightweight_cipher",
    "reward": 0.035423940847233916,
    "success": true,
    "status": null,
    "wirelength": 6110.0,
    "delay_ns": 3.51317,
    "power_w": 0.02094,
    "routing_area": 336302.0,
    "baseline": {
      "delay_ns": 3.55966,
      "wirelength": 6618.0,
      "power_w": 0.02235,
      "routing_area": 447080.0
    },
    "adp": 24740.318878299604,
    "baseline_adp": 35568.969919079995,
    "adp_reduction_pct": 30.444095135214077
  }
}