{
  "mkDelayWorker32B": {
    "benchmark": "mkDelayWorker32B",
    "reward": 0.10398851967608783,
    "success": true,
    "status": null,
    "wirelength": 23029.0,
    "delay_ns": 6.74334,
    "power_w": 0.15,
    "routing_area": 3634500.0,
    "baseline": {
      "delay_ns": 7.95916,
      "wirelength": 21796.0,
      "power_w": 0.1551,
      "routing_area": 6865840.0
    },
    "adp": 3676300.3845,
    "baseline_adp": 8475644.09154144,
    "adp_reduction_pct": 56.625120819208405
  }
}