{
  "mkDelayWorker32B": {
    "benchmark": "mkDelayWorker32B",
    "reward": 0.14500199002310152,
    "success": true,
    "status": null,
    "wirelength": 22411.0,
    "delay_ns": 6.02106,
    "power_w": 0.1656,
    "routing_area": 3623630.0,
    "baseline": {
      "delay_ns": 7.95916,
      "wirelength": 21796.0,
      "power_w": 0.1551,
      "routing_area": 6865840.0
    },
    "adp": 3613076.3080756804,
    "baseline_adp": 8475644.09154144,
    "adp_reduction_pct": 57.371070929211456
  }
}