{
  "custom_macbuf": {
    "benchmark": "custom_macbuf",
    "reward": 0.08868965874374556,
    "success": true,
    "status": null,
    "wirelength": 4315.0,
    "delay_ns": 14.1268,
    "power_w": 0.005008,
    "routing_area": 244193.0,
    "baseline": {
      "delay_ns": 14.3481,
      "wirelength": 4672.0,
      "power_w": 0.006354,
      "routing_area": 488146.0
    },
    "adp": 17275.9256873792,
    "baseline_adp": 44503.210274000405,
    "adp_reduction_pct": 61.180495561974965
  }
}