{
  "custom_4dsp_6bram_big": {
    "benchmark": "custom_4dsp_6bram_big",
    "reward": 0.009001804549763024,
    "success": true,
    "status": null,
    "wirelength": 114026.0,
    "delay_ns": 17.1453,
    "power_w": 0.03819,
    "routing_area": 5642820.0,
    "baseline": {
      "delay_ns": 16.7978,
      "wirelength": 125299.0,
      "power_w": 0.03973,
      "routing_area": 6010710.0
    },
    "adp": 3694800.07627974,
    "baseline_adp": 4011407.1673217397,
    "adp_reduction_pct": 7.892669026998475
  }
}