{
  "softmax": {
    "benchmark": "softmax",
    "reward": 0.021439924771359954,
    "success": true,
    "status": null,
    "wirelength": 137252.0,
    "delay_ns": 6.2146,
    "power_w": 0.07216,
    "routing_area": 7549210.0,
    "baseline": {
      "delay_ns": 6.53536,
      "wirelength": 141720.0,
      "power_w": 0.06934,
      "routing_area": 7896790.0
    },
    "adp": 3385409.52482656,
    "baseline_adp": 3578524.063381696,
    "adp_reduction_pct": 5.396485677747356
  },
  "reduction_layer": {
    "benchmark": "reduction_layer",
    "reward": 0.04086544347275283,
    "success": true,
    "status": null,
    "wirelength": 157569.0,
    "delay_ns": 6.93462,
    "power_w": 0.1442,
    "routing_area": 9099780.0,
    "baseline": {
      "delay_ns": 7.50631,
      "wirelength": 145283.0,
      "power_w": 0.1449,
      "routing_area": 10687300.0
    },
    "adp": 9099527.06251512,
    "baseline_adp": 11624194.8764487,
    "adp_reduction_pct": 21.719076811493466
  },
  "lightweight_cipher": {
    "benchmark": "lightweight_cipher",
    "reward": 0.04104406760714264,
    "success": true,
    "status": null,
    "wirelength": 5671.0,
    "delay_ns": 3.54602,
    "power_w": 0.02068,
    "routing_area": 336302.0,
    "baseline": {
      "delay_ns": 3.55966,
      "wirelength": 6618.0,
      "power_w": 0.02235,
      "routing_area": 447080.0
    },
    "adp": 24661.595221067204,
    "baseline_adp": 35568.969919079995,
    "adp_reduction_pct": 30.665421919238177
  },
  "custom_macbuf": {
    "benchmark": "custom_macbuf",
    "reward": 0.08868965874374556,
    "success": true,
    "status": null,
    "wirelength": 4315.0,
    "delay_ns": 14.1268,
    "power_w": 0.005008,
    "routing_area": 244193.0,
    "baseline": {
      "delay_ns": 14.3481,
      "wirelength": 4672.0,
      "power_w": 0.006354,
      "routing_area": 488146.0
    },
    "adp": 17275.9256873792,
    "baseline_adp": 44503.210274000405,
    "adp_reduction_pct": 61.180495561974965
  },
  "mkDelayWorker32B": {
    "benchmark": "mkDelayWorker32B",
    "reward": 0.11656116070196881,
    "success": true,
    "status": null,
    "wirelength": 25164.0,
    "delay_ns": 6.2961,
    "power_w": 0.1602,
    "routing_area": 3634500.0,
    "baseline": {
      "delay_ns": 7.95916,
      "wirelength": 21796.0,
      "power_w": 0.1551,
      "routing_area": 6865840.0
    },
    "adp": 3665884.70709,
    "baseline_adp": 8475644.09154144,
    "adp_reduction_pct": 56.748010328223955
  },
  "arm_core": {
    "benchmark": "arm_core",
    "reward": 0.02847254851382009,
    "success": true,
    "status": null,
    "wirelength": 177766.0,
    "delay_ns": 19.3195,
    "power_w": 0.05886,
    "routing_area": 8863850.0,
    "baseline": {
      "delay_ns": 19.8096,
      "wirelength": 181252.0,
      "power_w": 0.06116,
      "routing_area": 9465940.0
    },
    "adp": 10079489.533414502,
    "baseline_adp": 11468508.224067839,
    "adp_reduction_pct": 12.11158996022115
  }
}