{
  "softmax": {
    "benchmark": "softmax",
    "reward": 0.01373485158603909,
    "success": true,
    "status": null,
    "wirelength": 138705.0,
    "delay_ns": 6.17902,
    "power_w": 0.07463,
    "routing_area": 7858850.0,
    "baseline": {
      "delay_ns": 6.53536,
      "wirelength": 141720.0,
      "power_w": 0.06934,
      "routing_area": 7896790.0
    },
    "adp": 3624032.15273401,
    "baseline_adp": 3578524.063381696,
    "adp_reduction_pct": -1.2716999675365845
  },
  "reduction_layer": {
    "benchmark": "reduction_layer",
    "reward": 0.0037449747694077214,
    "success": true,
    "status": null,
    "wirelength": 157429.0,
    "delay_ns": 7.42217,
    "power_w": 0.1425,
    "routing_area": 10308500.0,
    "baseline": {
      "delay_ns": 7.50631,
      "wirelength": 145283.0,
      "power_w": 0.1449,
      "routing_area": 10687300.0
    },
    "adp": 10902880.1209125,
    "baseline_adp": 11624194.8764487,
    "adp_reduction_pct": 6.205287877594228
  },
  "arm_core": {
    "benchmark": "arm_core",
    "reward": 0.02178767201072934,
    "success": true,
    "status": null,
    "wirelength": 176654.0,
    "delay_ns": 19.4395,
    "power_w": 0.05957,
    "routing_area": 8997490.0,
    "baseline": {
      "delay_ns": 19.8096,
      "wirelength": 181252.0,
      "power_w": 0.06116,
      "routing_area": 9465940.0
    },
    "adp": 10419192.52735235,
    "baseline_adp": 11468508.224067839,
    "adp_reduction_pct": 9.149539558365513
  }
}