{
  "baseline_adp": 8475644.09154144,
  "rollouts": [
    {
      "rollout": 0,
      "success": true,
      "placed_dsps": [],
      "placed_brams": [
        [
          22,
          38
        ],
        [
          24,
          29
        ],
        [
          6,
          11
        ],
        [
          4,
          5
        ],
        [
          1,
          23
        ],
        [
          26,
          29
        ],
        [
          9,
          4
        ],
        [
          10,
          15
        ],
        [
          14,
          3
        ],
        [
          3,
          7
        ],
        [
          6,
          17
        ],
        [
          34,
          37
        ],
        [
          7,
          6
        ],
        [
          2,
          11
        ],
        [
          48,
          2
        ],
        [
          8,
          43
        ],
        [
          34,
          29
        ],
        [
          45,
          10
        ],
        [
          36,
          16
        ],
        [
          11,
          8
        ],
        [
          13,
          32
        ],
        [
          8,
          5
        ],
        [
          18,
          3
        ],
        [
          28,
          24
        ],
        [
          2,
          3
        ],
        [
          11,
          42
        ],
        [
          38,
          8
        ],
        [
          47,
          18
        ],
        [
          33,
          8
        ],
        [
          29,
          5
        ],
        [
          17,
          31
        ],
        [
          3,
          41
        ],
        [
          40,
          1
        ],
        [
          31,
          7
        ],
        [
          5,
          29
        ],
        [
          42,
          34
        ],
        [
          36,
          43
        ],
        [
          43,
          42
        ],
        [
          35,
          21
        ],
        [
          46,
          9
        ],
        [
          36,
          33
        ],
        [
          12,
          5
        ],
        [
          5,
          5
        ]
      ],
      "wirelength": 31587.0,
      "delay_ns": 8.17105,
      "power_w": 0.1958,
      "routing_area": 11090700.0,
      "adp": 17743917.657213,
      "adp_reduction_pct": -109.3518494355037
    },
    {
      "rollout": 1,
      "success": true,
      "placed_dsps": [],
      "placed_brams": [
        [
          8,
          9
        ],
        [
          10,
          2
        ],
        [
          17,
          39
        ],
        [
          10,
          11
        ],
        [
          4,
          32
        ],
        [
          8,
          1
        ],
        [
          41,
          30
        ],
        [
          4,
          5
        ],
        [
          1,
          5
        ],
        [
          5,
          39
        ],
        [
          10,
          18
        ],
        [
          2,
          4
        ],
        [
          1,
          43
        ],
        [
          7,
          6
        ],
        [
          31,
          6
        ],
        [
          40,
          43
        ],
        [
          3,
          7
        ],
        [
          6,
          19
        ],
        [
          20,
          24
        ],
        [
          9,
          2
        ],
        [
          2,
          11
        ],
        [
          16,
          22
        ],
        [
          32,
          22
        ],
        [
          38,
          4
        ],
        [
          32,
          14
        ],
        [
          27,
          19
        ],
        [
          15,
          12
        ],
        [
          15,
          3
        ],
        [
          38,
          27
        ],
        [
          35,
          41
        ],
        [
          33,
          40
        ],
        [
          38,
          38
        ],
        [
          37,
          21
        ],
        [
          14,
          3
        ],
        [
          5,
          2
        ],
        [
          25,
          30
        ],
        [
          6,
          13
        ],
        [
          4,
          26
        ],
        [
          36,
          23
        ],
        [
          11,
          43
        ],
        [
          33,
          25
        ],
        [
          40,
          15
        ],
        [
          29,
          35
        ]
      ],
      "wirelength": 28145.0,
      "delay_ns": 8.72096,
      "power_w": 0.1614,
      "routing_area": 7842490.0,
      "adp": 11038798.312690558,
      "adp_reduction_pct": -30.241409307253786
    },
    {
      "rollout": 2,
      "success": true,
      "placed_dsps": [],
      "placed_brams": [
        [
          6,
          19
        ],
        [
          23,
          34
        ],
        [
          3,
          7
        ],
        [
          14,
          3
        ],
        [
          7,
          5
        ],
        [
          2,
          4
        ],
        [
          46,
          19
        ],
        [
          9,
          2
        ],
        [
          34,
          32
        ],
        [
          11,
          11
        ],
        [
          47,
          37
        ],
        [
          4,
          3
        ],
        [
          10,
          18
        ],
        [
          8,
          2
        ],
        [
          29,
          34
        ],
        [
          35,
          19
        ],
        [
          19,
          6
        ],
        [
          33,
          14
        ],
        [
          11,
          34
        ],
        [
          34,
          6
        ],
        [
          18,
          3
        ],
        [
          6,
          31
        ],
        [
          6,
          11
        ],
        [
          37,
          24
        ],
        [
          42,
          10
        ],
        [
          5,
          6
        ],
        [
          37,
          2
        ],
        [
          10,
          10
        ],
        [
          34,
          22
        ],
        [
          8,
          26
        ],
        [
          39,
          14
        ],
        [
          8,
          9
        ],
        [
          3,
          43
        ],
        [
          43,
          7
        ],
        [
          4,
          36
        ],
        [
          2,
          16
        ],
        [
          2,
          40
        ],
        [
          6,
          2
        ],
        [
          39,
          42
        ],
        [
          15,
          7
        ],
        [
          38,
          20
        ],
        [
          5,
          31
        ],
        [
          29,
          5
        ]
      ],
      "wirelength": 28774.0,
      "delay_ns": 10.2198,
      "power_w": 0.1604,
      "routing_area": 10308700.0,
      "adp": 16898597.502504,
      "adp_reduction_pct": -99.37832830154507
    },
    {
      "rollout": 3,
      "success": true,
      "placed_dsps": [],