C3: 360 jobs
Baked architecture → /home/digital-2/workspace/rl_gnn/vanilla_rl/temp_arch_bc6c5970.xml
  Size   : 14x14
  DSPs   : [(3, 5), (1, 6), (5, 5)]
  BRAMs  : [(11, 1)]
  Constraints → /home/digital-2/workspace/rl_gnn/vanilla_rl/temp_constraints_bc6c5970.xml
Baked architecture → /home/digital-2/workspace/rl_gnn/vanilla_rl/temp_arch_0f961658.xml
  Size   : 14x14
  DSPs   : [(6, 6), (12, 9), (10, 6)]
  BRAMs  : [(7, 5)]
Baked architecture → /home/digital-2/workspace/rl_gnn/vanilla_rl/temp_arch_d2d426e5.xml
  Size   : 14x14
  DSPs   : [(9, 5), (11, 9), (6, 6)]
  BRAMs  : [(8, 4)]
  Constraints → /home/digital-2/workspace/rl_gnn/vanilla_rl/temp_constraints_0f961658.xml
Baked architecture → /home/digital-2/workspace/rl_gnn/vanilla_rl/temp_arch_47ac3322.xml
  Size   : 14x14
  DSPs   : [(1, 5), (7, 3), (3, 1)]
  BRAMs  : [(2, 3)]
Baked architecture → /home/digital-2/workspace/rl_gnn/vanilla_rl/temp_arch_f1ecae5e.xml
  Size   : 14x14
  DSPs   : [(7, 9), (4, 6), (12, 9)]
  BRAMs  : [(9, 3)]
  Constraints → /home/digital-2/workspace/rl_gnn/vanilla_rl/temp_constraints_47ac3322.xml
  Constraints → /home/digital-2/workspace/rl_gnn/vanilla_rl/temp_constraints_d2d426e5.xml
Baked architecture → /home/digital-2/workspace/rl_gnn/vanilla_rl/temp_arch_f078426b.xml
  Size   : 14x14
  DSPs   : [(12, 1), (1, 1), (6, 5)]
  BRAMs  : [(11, 4)]
Baked architecture → /home/digital-2/workspace/rl_gnn/vanilla_rl/temp_arch_e1dc8626.xml
  Size   : 14x14
  DSPs   : [(11, 3), (2, 7), (10, 9)]
  BRAMs  : [(3, 5)]
  Constraints → /home/digital-2/workspace/rl_gnn/vanilla_rl/temp_constraints_f1ecae5e.xml
  Constraints → /home/digital-2/workspace/rl_gnn/vanilla_rl/temp_constraints_f078426b.xml
Baked architecture → /home/digital-2/workspace/rl_gnn/vanilla_rl/temp_arch_7c54c2f1.xml
  Size   : 14x14
  DSPs   : [(10, 7), (3, 2), (7, 1)]
  BRAMs  : [(2, 5)]
Baked architecture → /home/digital-2/workspace/rl_gnn/vanilla_rl/temp_arch_cb9e8c56.xml
  Size   : 14x14
  DSPs   : [(12, 6), (5, 8), (10, 3)]
  BRAMs  : [(7, 2)]
Baked architecture → /home/digital-2/workspace/rl_gnn/vanilla_rl/temp_arch_cfa4c34b.xml
  Size   : 14x14
  DSPs   : [(5, 7), (3, 9), (10, 2)]
  BRAMs  : [(4, 5)]
  Constraints → /home/digital-2/workspace/rl_gnn/vanilla_rl/temp_constraints_e1dc8626.xml
  Constraints → /home/digital-2/workspace/rl_gnn/vanilla_rl/temp_constraints_cb9e8c56.xml
Baked architecture → /home/digital-2/workspace/rl_gnn/vanilla_rl/temp_arch_ad6583c1.xml
  Size   : 14x14
  DSPs   : [(9, 9), (5, 8), (7, 4)]
  BRAMs  : [(3, 3)]
  Constraints → /home/digital-2/workspace/rl_gnn/vanilla_rl/temp_constraints_7c54c2f1.xml
  Constraints → /home/digital-2/workspace/rl_gnn/vanilla_rl/temp_constraints_ad6583c1.xml
Baked architecture → /home/digital-2/workspace/rl_gnn/vanilla_rl/temp_arch_7f7ba7fd.xml
  Size   : 14x14
  DSPs   : [(8, 2), (5, 7), (6, 8)]
  BRAMs  : [(10, 7)]
Baked architecture → /home/digital-2/workspace/rl_gnn/vanilla_rl/temp_arch_145154a7.xml
  Size   : 14x14
  DSPs   : [(11, 2), (8, 9), (2, 6)]
  BRAMs  : [(8, 3)]
Baked architecture → /home/digital-2/workspace/rl_gnn/vanilla_rl/temp_arch_7e3177e6.xml
  Size   : 14x14
  DSPs   : [(6, 1), (6, 6), (7, 2)]
  BRAMs  : [(12, 7)]
  Constraints → /home/digital-2/workspace/rl_gnn/vanilla_rl/temp_constraints_7f7ba7fd.xml
  Constraints → /home/digital-2/workspace/rl_gnn/vanilla_rl/temp_constraints_cfa4c34b.xml
Baked architecture → /home/digital-2/workspace/rl_gnn/vanilla_rl/temp_arch_3767ad71.xml
  Size   : 14x14
  DSPs   : [(5, 3), (3, 6), (12, 9)]
  BRAMs  : [(6, 7)]
  Constraints → /home/digital-2/workspace/rl_gnn/vanilla_rl/temp_constraints_145154a7.xml
  Constraints → /home/digital-2/workspace/rl_gnn/vanilla_rl/temp_constraints_7e3177e6.xml
Baked architecture → /home/digital-2/workspace/rl_gnn/vanilla_rl/temp_arch_6d02496c.xml
  Size   : 14x14
  DSPs   : [(3, 9), (12, 6), (9, 2)]
  BRAMs  : [(2, 2)]
  Constraints → /home/digital-2/workspace/rl_gnn/vanilla_rl/temp_constraints_3767ad71.xml
  Constraints → /home/digital-2/workspace/rl_gnn/vanilla_rl/temp_constraints_6d02496c.xml
done C3 {'circuit': 'custom_macbuf', 'seed': 7, 'sample_index': 9} True 2.07
Baked architecture → /home/digital-2/workspace/rl_gnn/vanilla_rl/temp_arch_f7860610.xml
  Size   : 14x14
  DSPs   : [(12, 6), (10, 9), (2, 8)]
  BRAMs  : [(4, 2)]
  Constraints → /home/digital-2/workspace/rl_gnn/vanilla_rl/temp_constraints_f7860610.xml
done C3 {'circuit': 'custom_macbuf', 'seed': 7, 'sample_index': 6} True 2.34
Baked architecture → /home/digital-2/workspace/rl_gnn/vanilla_rl/temp_arch_831da201.xml
  Size   : 14x14
  DSPs   : [(10, 5), (8, 4), (7, 2)]
  BRAMs  : [(12, 2)]
  Constraints → /home/digital-2/workspace/rl_gnn/vanilla_rl/temp_constraints_831da201.xml
done C3 {'circuit': 'custom_macbuf', 'seed': 7, 'sample_index': 12} True 2.71
Baked architecture → /home/digital-2/workspace/rl_gnn/vanilla_rl/temp_arch_e084a673.xml
  Size   : 14x14
  DSPs   : [(6, 4), (1, 9), (3, 9)]
  BRAMs  : [(9, 7)]
  Constraints → /home/digital-2/workspace/rl_gnn/vanilla_rl/temp_constraints_e084a673.xml
done C3 {'circuit': 'custom_macbuf', 'seed': 7, 'sample_index': 3} True 2.96
done C3 {'circuit': 'custom_macbuf', 'seed': 7, 'sample_index': 5} True 3.11
Baked architecture → /home/digital-2/workspace/rl_gnn/vanilla_rl/temp_arch_18d49922.xml
  Size   : 14x14
  DSPs   : [(6, 7), (8, 2), (11, 7)]
  BRAMs  : [(9, 6)]
Baked architecture → /home/digital-2/workspace/rl_gnn/vanilla_rl/temp_arch_2ef792bc.xml
  Size   : 14x14
  DSPs   : [(8, 3), (5, 6), (5, 2)]
  BRAMs  : [(10, 3)]
  Constraints → /home/digital-2/workspace/rl_gnn/vanilla_rl/temp_constraints_18d49922.xml
  Constraints → /home/digital-2/workspace/rl_gnn/vanilla_rl/temp_constraints_2ef792bc.xml
done C3 {'circuit': 'custom_macbuf', 'seed': 7, 'sample_index': 14} True 3.11
Baked architecture → /home/digital-2/workspace/rl_gnn/vanilla_rl/temp_arch_3a885f60.xml
  Size   : 14x14
  DSPs   : [(9, 6), (3, 8), (1, 9)]
  BRAMs  : [(2, 1)]
  Constraints → /home/digital-2/workspace/rl_gnn/vanilla_rl/temp_constraints_3a885f60.xml
done C3 {'circuit': 'custom_macbuf', 'seed': 7, 'sample_index': 8} True 3.38
Baked architecture → /home/digital-2/workspace/rl_gnn/vanilla_rl/temp_arch_3ce37aaf.xml
  Size   : 14x14
  DSPs   : [(9, 2), (9, 6), (8, 3)]
  BRAMs  : [(12, 5)]
  Constraints → /home/digital-2/workspace/rl_gnn/vanilla_rl/temp_constraints_3ce37aaf.xml
done C3 {'circuit': 'custom_macbuf', 'seed': 7, 'sample_index': 11} True 3.74
done C3 {'circuit': 'custom_macbuf', 'seed': 7, 'sample_index': 4} True 3.83
Baked architecture → /home/digital-2/workspace/rl_gnn/vanilla_rl/temp_arch_f694f2d7.xml
  Size   : 14x14
  DSPs   : [(2, 4), (11, 3), (6, 2)]
  BRAMs  : [(7, 2)]
  Constraints → /home/digital-2/workspace/rl_gnn/vanilla_rl/temp_constraints_f694f2d7.xml
Baked architecture → /home/digital-2/workspace/rl_gnn/vanilla_rl/temp_arch_565a1b2c.xml
  Size   : 14x14
  DSPs   : [(3, 1), (12, 3), (10, 2)]
  BRAMs  : [(5, 4)]
  Constraints → /home/digital-2/workspace/rl_gnn/vanilla_rl/temp_constraints_565a1b2c.xml
done C3 {'circuit': 'custom_macbuf', 'seed': 7, 'sample_index': 7} True 4.06
Baked architecture → /home/digital-2/workspace/rl_gnn/vanilla_rl/temp_arch_a185a27e.xml
  Size   : 14x14
  DSPs   : [(11, 1), (7, 6), (6, 2)]
  BRAMs  : [(5, 6)]
  Constraints → /home/digital-2/workspace/rl_gnn/vanilla_rl/temp_constraints_a185a27e.xml
done C3 {'circuit': 'custom_macbuf', 'seed': 7, 'sample_index': 1} True 4.4
Baked architecture → /home/digital-2/workspace/rl_gnn/vanilla_rl/temp_arch_8433df7a.xml
  Size   : 14x14
  DSPs   : [(2, 1), (8, 2), (11, 8)]
  BRAMs  : [(3, 6)]
  Constraints → /home/digital-2/workspace/rl_gnn/vanilla_rl/temp_constraints_8433df7a.xml
done C3 {'circuit': 'custom_macbuf', 'seed': 7, 'sample_index': 2} True 4.34
Baked architecture → /home/digital-2/workspace/rl_gnn/vanilla_rl/temp_arch_71d12257.xml
  Size   : 14x14
  DSPs   : [(10, 2), (3, 9), (7, 8)]
  BRAMs  : [(11, 3)]
  Constraints → /home/digital-2/workspace/rl_gnn/vanilla_rl/temp_constraints_71d12257.xml
done C3 {'circuit': 'custom_macbuf', 'seed': 7, 'sample_index': 16} True 2.29
Baked architecture → /home/digital-2/workspace/rl_gnn/vanilla_rl/temp_arch_aaa5a68f.xml
  Size   : 14x14
  DSPs   : [(8, 9), (4, 8), (1, 7)]
  BRAMs  : [(10, 1)]
  Constraints → /home/digital-2/workspace/rl_gnn/vanilla_rl/temp_constraints_aaa5a68f.xml
done C3 {'circuit': 'custom_macbuf', 'seed': 7, 'sample_index': 10} True 4.43
Baked architecture → /home/digital-2/workspace/rl_gnn/vanilla_rl/temp_arch_b90cff92.xml
  Size   : 14x14
  DSPs   : [(11, 8), (9, 1), (10, 2)]
  BRAMs  : [(6, 3)]
  Constraints → /home/digital-2/workspace/rl_gnn/vanilla_rl/temp_constraints_b90cff92.xml
done C3 {'circuit': 'custom_macbuf', 'seed': 7, 'sample_index': 0} True 4.66
Baked architecture → /home/digital-2/workspace/rl_gnn/vanilla_rl/temp_arch_a070631d.xml
  Size   : 14x14
  DSPs   : [(5, 9), (7, 3), (7, 9)]
  BRAMs  : [(3, 3)]
  Constraints → /home/digital-2/workspace/rl_gnn/vanilla_rl/temp_constraints_a070631d.xml
done C3 {'circuit': 'custom_macbuf', 'seed': 42, 'sample_index': 3} True 1.96
Baked architecture → /home/digital-2/workspace/rl_gnn/vanilla_rl/temp_arch_66d82284.xml
  Size   : 14x14
  DSPs   : [(2, 7), (10, 4), (9, 2)]
  BRAMs  : [(7, 4)]
  Constraints → /home/digital-2/workspace/rl_gnn/vanilla_rl/temp_constraints_66d82284.xml
done C3 {'circuit': 'custom_macbuf', 'seed': 7, 'sample_index': 19} True 2.91
Baked architecture → /home/digital-2/workspace/rl_gnn/vanilla_rl/temp_arch_faa6c7bc.xml
  Size   : 14x14
  DSPs   : [(5, 2), (12, 6), (5, 6)]
  BRAMs  : [(9, 7)]
  Constraints → /home/digital-2/workspace/rl_gnn/vanilla_rl/temp_constraints_faa6c7bc.xml
done C3 {'circuit': 'custom_macbuf', 'seed': 42, 'sample_index': 1} True 3.06
Baked architecture → /home/digital-2/workspace/rl_gnn/vanilla_rl/temp_arch_5d75302e.xml
  Size   : 14x14
  DSPs   : [(5, 2), (1, 8), (6, 9)]
  BRAMs  : [(11, 7)]
  Constraints → /home/digital-2/workspace/rl_gnn/vanilla_rl/temp_constraints_5d75302e.xml
done C3 {'circuit': 'custom_macbuf', 'seed': 42, 'sample_index': 4} True 3.04
Baked architecture → /home/digital-2/workspace/rl_gnn/vanilla_rl/temp_arch_0a1b5517.xml
  Size   : 14x14
  DSPs   : [(6, 9), (2, 4), (9, 8)]
  BRAMs  : [(3, 2)]
  Constraints → /home/digital-2/workspace/rl_gnn/vanilla_rl/temp_constraints_0a1b5517.xml
done C3 {'circuit': 'custom_macbuf', 'seed': 42, 'sample_index': 6} True 2.65
Baked architecture → /home/digital-2/workspace/rl_gnn/vanilla_rl/temp_arch_99d4b2a9.xml
  Size   : 14x14
  DSPs   : [(3, 6), (8, 4), (9, 7)]
  BRAMs  : [(4, 7)]
  Constraints → /home/digital-2/workspace/rl_gnn/vanilla_rl/temp_constraints_99d4b2a9.xml
done C3 {'circuit': 'custom_macbuf', 'seed': 42, 'sample_index': 2} True 4.05
Baked architecture → /home/digital-2/workspace/rl_gnn/vanilla_rl/temp_arch_6a9e9e47.xml
  Size   : 14x14
  DSPs   : [(2, 8), (11, 2), (8, 7)]
  BRAMs  : [(6, 2)]
  Constraints → /home/digital-2/workspace/rl_gnn/vanilla_rl/temp_constraints_6a9e9e47.xml
done C3 {'circuit': 'custom_macbuf', 'seed': 42, 'sample_index': 8} True 3.25
Baked architecture → /home/digital-2/workspace/rl_gnn/vanilla_rl/temp_arch_ee39274f.xml
  Size   : 14x14
  DSPs   : [(5, 3), (10, 5), (11, 4)]
  BRAMs  : [(2, 2)]
  Constraints → /home/digital-2/workspace/rl_gnn/vanilla_rl/temp_constraints_ee39274f.xml
done C3 {'circuit': 'custom_macbuf', 'seed': 42, 'sample_index': 9} True 3.3
Baked architecture → /home/digital-2/workspace/rl_gnn/vanilla_rl/temp_arch_09aad523.xml
  Size   : 14x14
  DSPs   : [(11, 3), (5, 1), (11, 9)]
  BRAMs  : [(10, 5)]
  Constraints → /home/digital-2/workspace/rl_gnn/vanilla_rl/temp_constraints_09aad523.xml
done C3 {'circuit': 'custom_macbuf', 'seed': 7, 'sample_index': 15} True 7.74
Baked architecture → /home/digital-2/workspace/rl_gnn/vanilla_rl/temp_arch_9ab37933.xml
  Size   : 14x14
  DSPs   : [(9, 4), (8, 4), (2, 4)]
  BRAMs  : [(3, 7)]
  Constraints → /home/digital-2/workspace/rl_gnn/vanilla_rl/temp_constraints_9ab37933.xml
done C3 {'circuit': 'custom_macbuf', 'seed': 42, 'sample_index': 0} True 4.97
Baked architecture → /home/digital-2/workspace/rl_gnn/vanilla_rl/temp_arch_b0002797.xml
  Size   : 14x14
  DSPs   : [(7, 6), (1, 6), (12, 2)]
  BRAMs  : [(9, 2)]
  Constraints → /home/digital-2/workspace/rl_gnn/vanilla_rl/temp_constraints_b0002797.xml
done C3 {'circuit': 'custom_macbuf', 'seed': 7, 'sample_index': 17} True 5.85
Baked architecture → /home/digital-2/workspace/rl_gnn/vanilla_rl/temp_arch_a044df59.xml
  Size   : 14x14
  DSPs   : [(3, 1), (5, 7), (2, 8)]
  BRAMs  : [(4, 1)]
  Constraints → /home/digital-2/workspace/rl_gnn/vanilla_rl/temp_constraints_a044df59.xml
done C3 {'circuit': 'custom_macbuf', 'seed': 7, 'sample_index': 18} True 5.8
Baked architecture → /home/digital-2/workspace/rl_gnn/vanilla_rl/temp_arch_1e4ee7a0.xml
  Size   : 14x14
  DSPs   : [(6, 1), (12, 2), (5, 6)]
  BRAMs  : [(10, 6)]
  Constraints → /home/digital-2/workspace/rl_gnn/vanilla_rl/temp_constraints_1e4ee7a0.xml
done C3 {'circuit': 'custom_macbuf', 'seed': 42, 'sample_index': 5} True 4.6
Baked architecture → /home/digital-2/workspace/rl_gnn/vanilla_rl/temp_arch_44e95818.xml
  Size   : 14x14
  DSPs   : [(11, 1), (11, 5), (9, 9)]
  BRAMs  : [(10, 4)]
  Constraints → /home/digital-2/workspace/rl_gnn/vanilla_rl/temp_constraints_44e95818.xml
done C3 {'circuit': 'custom_macbuf', 'seed': 42, 'sample_index': 10} True 4.2
Baked architecture → /home/digital-2/workspace/rl_gnn/vanilla_rl/temp_arch_8894d694.xml
  Size   : 14x14
  DSPs   : [(4, 1), (3, 6), (4, 6)]
  BRAMs  : [(7, 2)]
  Constraints → /home/digital-2/workspace/rl_gnn/vanilla_rl/temp_constraints_8894d694.xml
done C3 {'circuit': 'custom_macbuf', 'seed': 42, 'sample_index': 13} True 2.71
Baked architecture → /home/digital-2/workspace/rl_gnn/vanilla_rl/temp_arch_97efdd0a.xml
  Size   : 14x14
  DSPs   : [(3, 4), (5, 9), (9, 5)]
  BRAMs  : [(10, 4)]
  Constraints → /home/digital-2/workspace/rl_gnn/vanilla_rl/temp_constraints_97efdd0a.xml
done C3 {'circuit': 'custom_macbuf', 'seed': 42, 'sample_index': 12} True 3.09
Baked architecture → /home/digital-2/workspace/rl_gnn/vanilla_rl/temp_arch_0654637e.xml
  Size   : 14x14
  DSPs   : [(5, 8), (12, 3), (9, 8)]
  BRAMs  : [(8, 4)]
  Constraints → /home/digital-2/workspace/rl_gnn/vanilla_rl/temp_constraints_0654637e.xml
done C3 {'circuit': 'custom_macbuf', 'seed': 7, 'sample_index': 13} True 9.47
Baked architecture → /home/digital-2/workspace/rl_gnn/vanilla_rl/temp_arch_efedda3e.xml
  Size   : 14x14
  DSPs   : [(10, 1), (3, 3), (6, 9)]
  BRAMs  : [(11, 1)]
  Constraints → /home/digital-2/workspace/rl_gnn/vanilla_rl/temp_constraints_efedda3e.xml
done C3 {'circuit': 'custom_macbuf', 'seed': 42, 'sample_index': 17} True 2.09
Baked architecture → /home/digital-2/workspace/rl_gnn/vanilla_rl/temp_arch_4b1dfaf0.xml
  Size   : 14x14
  DSPs   : [(4, 5), (2, 7), (1, 1)]
  BRAMs  : [(3, 6)]
  Constraints → /home/digital-2/workspace/rl_gnn/vanilla_rl/temp_constraints_4b1dfaf0.xml
done C3 {'circuit': 'custom_macbuf', 'seed': 123, 'sample_index': 1} True 1.74
Baked architecture → /home/digital-2/workspace/rl_gnn/vanilla_rl/temp_arch_074ff40c.xml
  Size   : 14x14
  DSPs   : [(8, 3), (6, 2), (3, 6)]
  BRAMs  : [(1, 2)]
  Constraints → /home/digital-2/workspace/rl_gnn/vanilla_rl/temp_constraints_074ff40c.xml
done C3 {'circuit': 'custom_macbuf', 'seed': 42, 'sample_index': 16} True 2.52
Baked architecture → /home/digital-2/workspace/rl_gnn/vanilla_rl/temp_arch_db85f4eb.xml
  Size   : 14x14
  DSPs   : [(3, 4), (7, 5), (2, 5)]
  BRAMs  : [(1, 2)]
  Constraints → /home/digital-2/workspace/rl_gnn/vanilla_rl/temp_constraints_db85f4eb.xml
done C3 {'circuit': 'custom_macbuf', 'seed': 42, 'sample_index': 19} True 2.49
Baked architecture → /home/digital-2/workspace/rl_gnn/vanilla_rl/temp_arch_7be8b5cb.xml
  Size   : 14x14
  DSPs   : [(12, 1), (2, 8), (8, 7)]
  BRAMs  : [(4, 1)]
  Constraints → /home/digital-2/workspace/rl_gnn/vanilla_rl/temp_constraints_7be8b5cb.xml
done C3 {'circuit': 'custom_macbuf', 'seed': 42, 'sample_index': 15} True 3.74
Baked architecture → /home/digital-2/workspace/rl_gnn/vanilla_rl/temp_arch_e215381b.xml
  Size   : 14x14
  DSPs   : [(8, 1), (10, 8), (5, 8)]
  BRAMs  : [(12, 1)]
  Constraints → /home/digital-2/workspace/rl_gnn/vanilla_rl/temp_constraints_e215381b.xml
done C3 {'circuit': 'custom_macbuf', 'seed': 42, 'sample_index': 14} True 4.3
Baked architecture → /home/digital-2/workspace/rl_gnn/vanilla_rl/temp_arch_8044de20.xml
  Size   : 14x14
  DSPs   : [(11, 5), (3, 9), (9, 5)]
  BRAMs  : [(3, 2)]
  Constraints → /home/digital-2/workspace/rl_gnn/vanilla_rl/temp_constraints_8044de20.xml
done C3 {'circuit': 'custom_macbuf', 'seed': 123, 'sample_index': 5} True 2.94
Baked architecture → /home/digital-2/workspace/rl_gnn/vanilla_rl/temp_arch_d9b74c7d.xml
  Size   : 14x14
  DSPs   : [(6, 5), (10, 9), (7, 2)]
  BRAMs  : [(4, 3)]
  Constraints → /home/digital-2/workspace/rl_gnn/vanilla_rl/temp_constraints_d9b74c7d.xml
done C3 {'circuit': 'custom_macbuf', 'seed': 123, 'sample_index': 10} True 2.09
Baked architecture → /home/digital-2/workspace/rl_gnn/vanilla_rl/temp_arch_e998b47e.xml
  Size   : 14x14
  DSPs   : [(4, 3), (7, 2), (6, 8)]
  BRAMs  : [(12, 3)]
  Constraints → /home/digital-2/workspace/rl_gnn/vanilla_rl/temp_constraints_e998b47e.xml
done C3 {'circuit': 'custom_macbuf', 'seed': 42, 'sample_index': 18} True 4.56
Baked architecture → /home/digital-2/workspace/rl_gnn/vanilla_rl/temp_arch_52e46670.xml
  Size   : 14x14
  DSPs   : [(5, 8), (8, 5), (12, 2)]
  BRAMs  : [(1, 7)]
  Constraints → /home/digital-2/workspace/rl_gnn/vanilla_rl/temp_constraints_52e46670.xml
done C3 {'circuit': 'custom_macbuf', 'seed': 123, 'sample_index': 8} True 2.69
Baked architecture → /home/digital-2/workspace/rl_gnn/vanilla_rl/temp_arch_704632b8.xml
  Size   : 14x14
  DSPs   : [(10, 4), (12, 2), (2, 7)]
  BRAMs  : [(8, 6)]
  Constraints → /home/digital-2/workspace/rl_gnn/vanilla_rl/temp_constraints_704632b8.xml
done C3 {'circuit': 'custom_macbuf', 'seed': 123, 'sample_index': 2} True 4.05
Baked architecture → /home/digital-2/workspace/rl_gnn/vanilla_rl/temp_arch_daff25d4.xml
  Size   : 14x14
  DSPs   : [(6, 7), (1, 2), (10, 3)]
  BRAMs  : [(4, 6)]
  Constraints → /home/digital-2/workspace/rl_gnn/vanilla_rl/temp_constraints_daff25d4.xml
done C3 {'circuit': 'custom_macbuf', 'seed': 123, 'sample_index': 7} True 3.14
Baked architecture → /home/digital-2/workspace/rl_gnn/vanilla_rl/temp_arch_7ad11e08.xml
  Size   : 14x14
  DSPs   : [(7, 5), (9, 6), (6, 4)]
  BRAMs  : [(5, 4)]
  Constraints → /home/digital-2/workspace/rl_gnn/vanilla_rl/temp_constraints_7ad11e08.xml
done C3 {'circuit': 'custom_macbuf', 'seed': 123, 'sample_index': 3} True 4.21
done C3 {'circuit': 'custom_macbuf', 'seed': 123, 'sample_index': 9} True 3.83
done C3 {'circuit': 'custom_macbuf', 'seed': 123, 'sample_index': 12} True 3.08
done C3 {'circuit': 'custom_macbuf', 'seed': 42, 'sample_index': 7} True 9.46
done C3 {'circuit': 'custom_macbuf', 'seed': 123, 'sample_index': 11} True 3.48
done C3 {'circuit': 'custom_macbuf', 'seed': 123, 'sample_index': 6} True 4.66
Baked architecture → /home/digital-2/workspace/rl_gnn/vanilla_rl/temp_arch_846bc802.xml
  Size   : 50x50
  DSPs   : []
  BRAMs  : [(37, 42), (43, 3), (6, 15), (13, 23), (10, 8), (11, 35), (8, 31), (27, 8), (22, 9), (29, 11), (25, 18), (42, 8), (48, 30), (18, 39), (15, 41), (12, 1), (17, 2), (21, 6), (26, 34), (29, 43), (12, 39), (33, 26), (2, 23), (4, 9), (39, 3), (32, 10), (44, 36), (6, 8), (41, 28), (45, 26), (17, 32), (23, 26), (18, 28), (26, 25), (26, 16), (40, 7), (10, 33), (22, 39), (34, 11), (22, 16), (23, 5), (35, 6), (26, 1)]
  Constraints → /home/digital-2/workspace/rl_gnn/vanilla_rl/temp_constraints_846bc802.xml
done C3 {'circuit': 'custom_macbuf', 'seed': 123, 'sample_index': 14} True 4.25
done C3 {'circuit': 'custom_macbuf', 'seed': 123, 'sample_index': 15} True 4.1
done C3 {'circuit': 'custom_macbuf', 'seed': 123, 'sample_index': 18} True 3.51
done C3 {'circuit': 'custom_macbuf', 'seed': 123, 'sample_index': 4} True 7.34
done C3 {'circuit': 'custom_macbuf', 'seed': 123, 'sample_index': 13} True 5.4
done C3 {'circuit': 'custom_macbuf', 'seed': 42, 'sample_index': 11} True 12.3
done C3 {'circuit': 'custom_macbuf', 'seed': 123, 'sample_index': 16} True 5.79
done C3 {'circuit': 'custom_macbuf', 'seed': 123, 'sample_index': 0} True 11.41
Baked architecture → /home/digital-2/workspace/rl_gnn/vanilla_rl/temp_arch_749f0efa.xml
  Size   : 50x50
  DSPs   : []
  BRAMs  : [(41, 28), (6, 8), (36, 39), (17, 2), (34, 36), (24, 3), (28, 28), (24, 11), (28, 8), (25, 28), (4, 21), (5, 40), (15, 8), (17, 35), (30, 17), (6, 41), (26, 13), (38, 4), (31, 1), (21, 39), (10, 35), (32, 35), (40, 41), (16, 29), (8, 30), (12, 21), (42, 32), (4, 30), (25, 20), (26, 37), (29, 33), (3, 7), (45, 17), (13, 36), (23, 30), (15, 36), (40, 31), (24, 31), (38, 33), (36, 10), (39, 4), (19, 15), (18, 23)]
Baked architecture → /home/digital-2/workspace/rl_gnn/vanilla_rl/temp_arch_5e821d0e.xml
  Size   : 50x50
  DSPs   : []
  BRAMs  : [(3, 35), (45, 29), (44, 5), (30, 26), (30, 14), (39, 20), (26, 4), (17, 31), (35, 18), (19, 19), (17, 21), (27, 42), (40, 10), (24, 27), (10, 27), (11, 2), (31, 41), (37, 39), (19, 39), (5, 21), (35, 4), (4, 18), (9, 41), (1, 26), (33, 35), (22, 31), (35, 29), (41, 17), (10, 3), (22, 25), (21, 25), (25, 42), (8, 22), (3, 18), (36, 34), (35, 35), (28, 18), (41, 1), (31, 18), (4, 28), (9, 1), (13, 15), (11, 39)]
  Constraints → /home/digital-2/workspace/rl_gnn/vanilla_rl/temp_constraints_749f0efa.xml
  Constraints → /home/digital-2/workspace/rl_gnn/vanilla_rl/temp_constraints_5e821d0e.xml
Baked architecture → /home/digital-2/workspace/rl_gnn/vanilla_rl/temp_arch_2e67baef.xml
  Size   : 50x50
  DSPs   : []
  BRAMs  : [(19, 32), (30, 36), (4, 31), (33, 24), (42, 35), (11, 22), (28, 11), (6, 31), (10, 1), (41, 2), (37, 41), (35, 11), (8, 30), (16, 31), (17, 16), (21, 35), (36, 2), (41, 16), (4, 43), (9, 43), (44, 43), (27, 7), (26, 20), (35, 43), (36, 33), (41, 34), (3, 19), (2, 40), (43, 33), (3, 33), (13, 28), (5, 16), (42, 10), (12, 18), (47, 1), (6, 41), (37, 25), (19, 26), (1, 21), (47, 41), (30, 10), (38, 18), (13, 18)]
  Constraints → /home/digital-2/workspace/rl_gnn/vanilla_rl/temp_constraints_2e67baef.xml
done C3 {'circuit': 'custom_macbuf', 'seed': 123, 'sample_index': 17} True 7.48
done C3 {'circuit': 'custom_macbuf', 'seed': 123, 'sample_index': 19} True 7.26
Baked architecture → /home/digital-2/workspace/rl_gnn/vanilla_rl/temp_arch_709d1a66.xml
  Size   : 50x50
  DSPs   : []
  BRAMs  : [(4, 28), (5, 37), (19, 36), (14, 43), (7, 25), (27, 40), (2, 4), (11, 10), (19, 20), (45, 25), (5, 30), (47, 41), (11, 23), (44, 26), (3, 24), (35, 34), (40, 12), (47, 27), (47, 34), (38, 18), (6, 34), (15, 38), (30, 21), (19, 2), (36, 23), (36, 38), (23, 10), (8, 27), (4, 1), (26, 24), (12, 36), (32, 30), (28, 27), (22, 41), (33, 4), (29, 18), (35, 17), (14, 35), (33, 37), (12, 20), (23, 33), (5, 15), (24, 13)]
  Constraints → /home/digital-2/workspace/rl_gnn/vanilla_rl/temp_constraints_709d1a66.xml
Baked architecture → /home/digital-2/workspace/rl_gnn/vanilla_rl/temp_arch_ccd98a0c.xml
  Size   : 50x50
  DSPs   : []
  BRAMs  : [(10, 19), (12, 41), (44, 29), (26, 28), (35, 21), (44, 39), (25, 29), (14, 8), (25, 40), (17, 37), (25, 10), (2, 10), (33, 30), (9, 16), (13, 1), (47, 35), (6, 40), (15, 2), (15, 25), (38, 29), (19, 31), (8, 39), (8, 14), (21, 35), (30, 31), (47, 7), (45, 34), (21, 22), (24, 40), (16, 13), (26, 20), (43, 34), (5, 26), (19, 5), (20, 29), (43, 7), (24, 1), (11, 21), (46, 41), (15, 19), (37, 24), (20, 7), (8, 33)]
  Constraints → /home/digital-2/workspace/rl_gnn/vanilla_rl/temp_constraints_ccd98a0c.xml
Baked architecture → /home/digital-2/workspace/rl_gnn/vanilla_rl/temp_arch_0987b774.xml
  Size   : 50x50
  DSPs   : []
  BRAMs  : [(34, 15), (37, 17), (35, 35), (42, 13), (44, 38), (27, 34), (15, 12), (21, 29), (17, 9), (22, 36), (6, 22), (8, 43), (25, 17), (1, 13), (28, 25), (30, 17), (37, 23), (44, 19), (30, 11), (32, 18), (17, 15), (43, 7), (39, 1), (45, 32), (47, 10), (11, 23), (22, 17), (7, 39), (14, 16), (27, 5), (35, 23), (26, 16), (5, 24), (41, 43), (7, 15), (3, 2), (39, 10), (5, 39), (38, 42), (42, 7), (4, 19), (43, 20), (33, 24)]
Baked architecture → /home/digital-2/workspace/rl_gnn/vanilla_rl/temp_arch_cd9f910b.xml
  Size   : 50x50
  DSPs   : []
  BRAMs  : [(41, 27), (35, 19), (45, 20), (35, 32), (7, 42), (14, 36), (9, 23), (45, 38), (41, 41), (6, 23), (9, 29), (23, 28), (30, 12), (13, 6), (40, 13), (37, 14), (40, 23), (40, 32), (20, 41), (8, 15), (1, 42), (14, 30), (38, 2), (37, 37), (21, 29), (47, 19), (11, 42), (13, 33), (37, 22), (33, 16), (4, 43), (12, 16), (15, 37), (46, 25), (39, 26), (23, 5), (10, 28), (38, 24), (24, 17), (18, 38), (19, 41), (31, 11), (22, 22)]
  Constraints → /home/digital-2/workspace/rl_gnn/vanilla_rl/temp_constraints_cd9f910b.xml
  Constraints → /home/digital-2/workspace/rl_gnn/vanilla_rl/temp_constraints_0987b774.xml
Baked architecture → /home/digital-2/workspace/rl_gnn/vanilla_rl/temp_arch_5e3f0c11.xml
  Size   : 50x50
  DSPs   : []
  BRAMs  : [(6, 10), (11, 32), (46, 3), (26, 14), (16, 21), (4, 32), (46, 26), (44, 2), (22, 7), (32, 9), (33, 36), (20, 20), (12, 27), (31, 40), (27, 35), (2, 1), (6, 30), (25, 39), (42, 42), (19, 24), (33, 15), (10, 27), (2, 21), (36, 6), (28, 24), (48, 9), (5, 36), (27, 43), (15, 32), (38, 25), (39, 7), (1, 33), (4, 17), (32, 37), (21, 35), (34, 14), (39, 29), (19, 12), (14, 37), (12, 18), (44, 35), (33, 3), (42, 3)]
  Constraints → /home/digital-2/workspace/rl_gnn/vanilla_rl/temp_constraints_5e3f0c11.xml
Baked architecture → /home/digital-2/workspace/rl_gnn/vanilla_rl/temp_arch_3a7f11b2.xml
  Size   : 50x50
  DSPs   : []
  BRAMs  : [(42, 5), (5, 42), (10, 32), (30, 32), (45, 36), (2, 42), (31, 13), (45, 17), (25, 18), (12, 38), (14, 19), (4, 14), (20, 37), (16, 19), (25, 8), (29, 43), (24, 3), (28, 35), (5, 24), (14, 37), (48, 12), (22, 39), (21, 30), (23, 33), (1, 11), (24, 28), (32, 36), (21, 10), (3, 41), (37, 25), (39, 41), (43, 27), (19, 18), (29, 14), (39, 31), (39, 4), (48, 6), (36, 36), (19, 6), (26, 3), (5, 10), (6, 34), (1, 3)]
Baked architecture → /home/digital-2/workspace/rl_gnn/vanilla_rl/temp_arch_9987526d.xml
  Size   : 50x50
  DSPs   : []
  BRAMs  : [(39, 39), (6, 35), (14, 11), (33, 8), (29, 16), (19, 25), (5, 12), (26, 41), (13, 4), (27, 23), (19, 32), (33, 22), (4, 20), (48, 24), (8, 42), (17, 28), (31, 9), (10, 22), (6, 28), (24, 5), (45, 36), (24, 20), (24, 33), (16, 16), (15, 5), (4, 2), (48, 4), (1, 19), (34, 9), (48, 42), (34, 35), (27, 31), (43, 28), (1, 32), (34, 3), (38, 27), (36, 17), (40, 28), (11, 5), (47, 16), (48, 33), (42, 19), (41, 17)]
  Constraints → /home/digital-2/workspace/rl_gnn/vanilla_rl/temp_constraints_3a7f11b2.xml
Baked architecture → /home/digital-2/workspace/rl_gnn/vanilla_rl/temp_arch_d65c973c.xml
  Size   : 50x50
  DSPs   : []
  BRAMs  : [(44, 40), (15, 17), (19, 16), (14, 14), (29, 2), (42, 36), (13, 8), (11, 11), (21, 14), (41, 21), (30, 4), (2, 10), (4, 2), (42, 43), (30, 17), (24, 19), (17, 35), (33, 3), (8, 7), (21, 1), (28, 28), (27, 19), (2, 26), (7, 27), (19, 22), (48, 30), (29, 16), (21, 43), (22, 35), (31, 5), (33, 21), (36, 15), (39, 10), (46, 23), (26, 19), (15, 39), (20, 6), (30, 28), (6, 14), (31, 36), (28, 2), (45, 29), (34, 17)]
Baked architecture → /home/digital-2/workspace/rl_gnn/vanilla_rl/temp_arch_fe18d8aa.xml
  Size   : 50x50
  DSPs   : []
  BRAMs  : [(28, 32), (31, 20), (26, 15), (19, 29), (9, 32), (12, 42), (16, 42), (12, 3), (24, 9), (8, 10), (7, 4), (34, 15), (40, 42), (40, 16), (47, 19), (7, 43), (22, 40), (5, 2), (41, 32), (2, 30), (30, 32), (11, 37), (45, 5), (44, 6), (14, 22), (16, 13), (37, 19), (18, 27), (23, 31), (38, 20), (44, 38), (24, 33), (36, 31), (40, 29), (21, 26), (43, 22), (15, 28), (14, 36), (8, 33), (24, 43), (8, 3), (27, 21), (2, 21)]
  Constraints → /home/digital-2/workspace/rl_gnn/vanilla_rl/temp_constraints_9987526d.xml
  Constraints → /home/digital-2/workspace/rl_gnn/vanilla_rl/temp_constraints_fe18d8aa.xml
  Constraints → /home/digital-2/workspace/rl_gnn/vanilla_rl/temp_constraints_d65c973c.xml
Baked architecture → /home/digital-2/workspace/rl_gnn/vanilla_rl/temp_arch_e4e88419.xml
  Size   : 50x50
  DSPs   : []
  BRAMs  : [(1, 13), (14, 24), (43, 25), (8, 23), (24, 32), (3, 34), (42, 40), (1, 40), (15, 16), (35, 35), (32, 25), (28, 25), (35, 27), (39, 31), (5, 40), (40, 39), (15, 9), (47, 21), (35, 17), (12, 21), (38, 28), (22, 10), (36, 2), (27, 29), (4, 9), (33, 21), (13, 7), (3, 15), (16, 23), (12, 41), (11, 40), (40, 13), (48, 12), (32, 33), (13, 40), (9, 30), (20, 14), (20, 41), (25, 23), (31, 36), (1, 4), (22, 39), (45, 27)]
  Constraints → /home/digital-2/workspace/rl_gnn/vanilla_rl/temp_constraints_e4e88419.xml
Baked architecture → /home/digital-2/workspace/rl_gnn/vanilla_rl/temp_arch_cfda19f6.xml
  Size   : 50x50
  DSPs   : []
  BRAMs  : [(16, 26), (31, 31), (7, 41), (19, 23), (1, 13), (5, 24), (27, 2), (11, 34), (27, 25), (44, 10), (30, 35), (35, 15), (25, 2), (5, 33), (1, 39), (3, 29), (6, 20), (18, 24), (22, 36), (47, 28), (46, 14), (26, 25), (3, 5), (5, 3), (13, 5), (32, 19), (7, 26), (6, 8), (28, 31), (8, 39), (34, 33), (2, 29), (31, 21), (18, 3), (10, 13), (37, 23), (1, 30), (32, 33), (41, 30), (23, 2), (48, 21), (27, 38), (47, 1)]
Baked architecture → /home/digital-2/workspace/rl_gnn/vanilla_rl/temp_arch_9e436454.xml
  Size   : 50x50
  DSPs   : []
  BRAMs  : [(29, 6), (6, 29), (24, 19), (47, 41), (1, 23), (12, 21), (36, 1), (42, 20), (8, 10), (46, 43), (44, 21), (30, 32), (41, 36), (14, 20), (2, 34), (20, 32), (13, 37), (4, 4), (15, 36), (26, 23), (40, 6), (19, 41), (18, 2), (24, 33), (35, 1), (16, 4), (7, 40), (39, 33), (26, 16), (28, 39), (12, 33), (44, 11), (13, 19), (22, 32), (34, 21), (5, 5), (40, 27), (48, 32), (47, 4), (10, 34), (31, 14), (45, 24), (5, 26)]
  Constraints → /home/digital-2/workspace/rl_gnn/vanilla_rl/temp_constraints_cfda19f6.xml
  Constraints → /home/digital-2/workspace/rl_gnn/vanilla_rl/temp_constraints_9e436454.xml
done C3 {'circuit': 'mkDelayWorker32B', 'seed': 7, 'sample_index': 0} True 50.82
Baked architecture → /home/digital-2/workspace/rl_gnn/vanilla_rl/temp_arch_5dc22a3d.xml
  Size   : 50x50
  DSPs   : []
  BRAMs  : [(40, 30), (29, 12), (38, 19), (47, 25), (42, 34), (22, 28), (34, 22), (26, 40), (5, 32), (39, 19), (11, 1), (37, 43), (14, 12), (38, 29), (35, 28), (12, 41), (5, 2), (2, 5), (32, 2), (15, 25), (39, 10), (22, 38), (3, 22), (6, 19), (43, 22), (13, 40), (40, 19), (23, 30), (48, 19), (11, 38), (12, 3), (44, 12), (18, 1), (33, 16), (14, 19), (8, 33), (16, 21), (2, 37), (31, 12), (20, 43), (33, 33), (16, 34), (17, 22)]
  Constraints → /home/digital-2/workspace/rl_gnn/vanilla_rl/temp_constraints_5dc22a3d.xml
done C3 {'circuit': 'mkDelayWorker32B', 'seed': 7, 'sample_index': 1} True 47.17
Baked architecture → /home/digital-2/workspace/rl_gnn/vanilla_rl/temp_arch_aa448704.xml
  Size   : 50x50
  DSPs   : []
  BRAMs  : [(16, 2), (44, 43), (40, 26), (25, 35), (42, 42), (32, 7), (33, 3), (20, 15), (15, 16), (15, 8), (46, 26), (10, 28), (18, 24), (33, 38), (32, 43), (18, 1), (39, 26), (24, 31), (40, 9), (22, 9), (28, 30), (29, 4), (19, 6), (44, 34), (48, 21), (12, 36), (28, 43), (26, 23), (9, 14), (16, 9), (12, 12), (38, 12), (23, 26), (34, 32), (25, 22), (3, 32), (35, 11), (36, 2), (36, 28), (10, 1), (28, 17), (17, 36), (35, 2)]
  Constraints → /home/digital-2/workspace/rl_gnn/vanilla_rl/temp_constraints_aa448704.xml
done C3 {'circuit': 'mkDelayWorker32B', 'seed': 7, 'sample_index': 14} True 54.24
Baked architecture → /home/digital-2/workspace/rl_gnn/vanilla_rl/temp_arch_4310a10d.xml
  Size   : 50x50
  DSPs   : []
  BRAMs  : [(34, 25), (40, 9), (24, 40), (46, 5), (7, 16), (15, 43), (6, 13), (14, 35), (32, 40), (31, 15), (22, 24), (34, 38), (17, 31), (1, 23), (42, 27), (16, 24), (24, 33), (32, 2), (43, 33), (4, 39), (19, 29), (45, 7), (36, 18), (33, 2), (34, 11), (8, 35), (26, 28), (21, 15), (36, 7), (18, 9), (11, 5), (5, 42), (25, 36), (47, 21), (1, 12), (24, 11), (28, 19), (19, 4), (29, 41), (21, 22), (15, 4), (37, 28), (43, 9)]
  Constraints → /home/digital-2/workspace/rl_gnn/vanilla_rl/temp_constraints_4310a10d.xml
done C3 {'circuit': 'mkDelayWorker32B', 'seed': 7, 'sample_index': 7} True 57.05
done C3 {'circuit': 'mkDelayWorker32B', 'seed': 7, 'sample_index': 4} True 60.51
Baked architecture → /home/digital-2/workspace/rl_gnn/vanilla_rl/temp_arch_962b5ae4.xml
  Size   : 50x50
  DSPs   : []
  BRAMs  : [(35, 41), (1, 14), (1, 28), (18, 15), (29, 33), (29, 43), (1, 36), (19, 4), (14, 22), (30, 27), (48, 37), (8, 42), (41, 8), (29, 12), (44, 2), (41, 42), (48, 26), (39, 23), (37, 14), (15, 23), (26, 31), (25, 40), (3, 34), (39, 9), (34, 3), (34, 40), (36, 36), (27, 42), (14, 36), (28, 43), (19, 10), (5, 29), (26, 7), (16, 42), (37, 29), (33, 20), (19, 19), (42, 31), (9, 10), (23, 22), (25, 28), (16, 12), (9, 25)]
  Constraints → /home/digital-2/workspace/rl_gnn/vanilla_rl/temp_constraints_962b5ae4.xml
Baked architecture → /home/digital-2/workspace/rl_gnn/vanilla_rl/temp_arch_dea4f567.xml
  Size   : 50x50
  DSPs   : []
  BRAMs  : [(39, 4), (22, 21), (12, 30), (45, 10), (20, 12), (40, 20), (31, 9), (44, 11), (39, 34), (44, 34), (28, 2), (22, 6), (37, 5), (12, 42), (40, 13), (48, 31), (20, 3), (2, 36), (35, 40), (5, 2), (10, 18), (1, 35), (25, 2), (30, 41), (40, 2), (9, 17), (15, 15), (3, 11), (23, 23), (10, 42), (17, 23), (7, 2), (43, 32), (38, 14), (4, 14), (10, 12), (29, 7), (17, 2), (41, 18), (18, 34), (30, 11), (48, 23), (26, 8)]
  Constraints → /home/digital-2/workspace/rl_gnn/vanilla_rl/temp_constraints_dea4f567.xml
done C3 {'circuit': 'mkDelayWorker32B', 'seed': 7, 'sample_index': 5} True 66.83
Baked architecture → /home/digital-2/workspace/rl_gnn/vanilla_rl/temp_arch_906baf0f.xml
  Size   : 50x50
  DSPs   : []
  BRAMs  : [(20, 32), (47, 34), (23, 15), (3, 27), (30, 25), (30, 33), (28, 9), (34, 10), (12, 24), (34, 16), (3, 17), (42, 26), (37, 10), (42, 36), (47, 41), (5, 5), (40, 43), (44, 25), (24, 27), (14, 36), (12, 14), (17, 27), (42, 20), (27, 5), (45, 41), (11, 30), (13, 7), (10, 26), (22, 2), (18, 36), (43, 27), (41, 43), (17, 35), (33, 26), (21, 9), (37, 16), (27, 28), (7, 9), (6, 2), (4, 32), (8, 13), (44, 39), (15, 3)]
  Constraints → /home/digital-2/workspace/rl_gnn/vanilla_rl/temp_constraints_906baf0f.xml
done C3 {'circuit': 'mkDelayWorker32B', 'seed': 7, 'sample_index': 8} True 74.17
Baked architecture → /home/digital-2/workspace/rl_gnn/vanilla_rl/temp_arch_12230b39.xml
  Size   : 50x50
  DSPs   : []
  BRAMs  : [(16, 17), (19, 22), (11, 42), (7, 37), (3, 14), (6, 24), (14, 29), (36, 31), (28, 38), (22, 32), (30, 12), (15, 25), (30, 31), (20, 19), (11, 2), (47, 18), (37, 33), (7, 29), (38, 10), (12, 10), (33, 40), (29, 9), (1, 4), (38, 28), (44, 19), (21, 22), (3, 7), (46, 30), (19, 32), (23, 39), (40, 15), (30, 20), (26, 42), (36, 13), (48, 36), (17, 40), (39, 14), (2, 32), (4, 8), (12, 26), (32, 10), (29, 15), (42, 43)]
  Constraints → /home/digital-2/workspace/rl_gnn/vanilla_rl/temp_constraints_12230b39.xml
done C3 {'circuit': 'mkDelayWorker32B', 'seed': 7, 'sample_index': 11} True 74.25
Baked architecture → /home/digital-2/workspace/rl_gnn/vanilla_rl/temp_arch_9bd1aac0.xml
  Size   : 50x50
  DSPs   : []
  BRAMs  : [(13, 41), (15, 38), (26, 43), (37, 21), (20, 43), (6, 27), (5, 16), (21, 20), (16, 42), (48, 36), (8, 3), (25, 20), (11, 8), (44, 29), (14, 22), (30, 18), (35, 40), (27, 15), (17, 33), (23, 12), (44, 1), (8, 16), (12, 3), (29, 10), (32, 23), (36, 13), (22, 30), (29, 28), (18, 18), (31, 31), (8, 35), (30, 11), (38, 8), (17, 4), (37, 42), (31, 41), (29, 43), (48, 42), (48, 22), (24, 14), (14, 5), (39, 38), (14, 42)]
  Constraints → /home/digital-2/workspace/rl_gnn/vanilla_rl/temp_constraints_9bd1aac0.xml
done C3 {'circuit': 'mkDelayWorker32B', 'seed': 7, 'sample_index': 9} True 83.24
Baked architecture → /home/digital-2/workspace/rl_gnn/vanilla_rl/temp_arch_f2eeccf0.xml
  Size   : 50x50
  DSPs   : []
  BRAMs  : [(43, 36), (20, 13), (5, 28), (7, 34), (34, 41), (37, 15), (25, 22), (9, 42), (9, 31), (17, 26), (9, 6), (1, 11), (37, 43), (31, 18), (25, 28), (22, 42), (37, 2), (30, 29), (13, 6), (16, 36), (18, 40), (44, 4), (48, 30), (14, 19), (11, 1), (47, 30), (48, 17), (46, 34), (21, 38), (24, 29), (39, 24), (24, 13), (46, 40), (11, 40), (2, 19), (43, 15), (38, 19), (15, 19), (37, 21), (40, 30), (29, 35), (27, 21), (3, 28)]
  Constraints → /home/digital-2/workspace/rl_gnn/vanilla_rl/temp_constraints_f2eeccf0.xml
done C3 {'circuit': 'mkDelayWorker32B', 'seed': 7, 'sample_index': 17} True 49.2
done C3 {'circuit': 'mkDelayWorker32B', 'seed': 7, 'sample_index': 13} True 97.12
Baked architecture → /home/digital-2/workspace/rl_gnn/vanilla_rl/temp_arch_fabcad95.xml
  Size   : 50x50
  DSPs   : []
  BRAMs  : [(11, 42), (6, 7), (47, 3), (16, 40), (34, 35), (20, 26), (48, 22), (44, 23), (22, 33), (32, 35), (18, 28), (28, 10), (17, 42), (10, 28), (48, 39), (15, 34), (15, 40), (17, 24), (9, 34), (40, 20), (43, 39), (19, 17), (23, 27), (22, 2), (6, 24), (41, 6), (33, 17), (28, 20), (4, 15), (44, 30), (42, 35), (25, 30), (29, 40), (48, 5), (21, 34), (17, 7), (15, 3), (37, 26), (4, 4), (13, 22), (4, 41), (1, 5), (45, 18)]
  Constraints → /home/digital-2/workspace/rl_gnn/vanilla_rl/temp_constraints_fabcad95.xml
Baked architecture → /home/digital-2/workspace/rl_gnn/vanilla_rl/temp_arch_bd41255b.xml
  Size   : 50x50
  DSPs   : []
  BRAMs  : [(23, 33), (25, 20), (14, 31), (20, 7), (33, 8), (6, 35), (40, 26), (48, 42), (18, 27), (25, 37), (46, 42), (7, 28), (45, 23), (6, 41), (47, 43), (32, 31), (16, 37), (13, 22), (22, 12), (17, 28), (32, 39), (36, 3), (46, 4), (5, 15), (2, 27), (14, 15), (12, 21), (22, 35), (47, 22), (26, 25), (48, 8), (18, 34), (25, 11), (19, 17), (30, 38), (36, 11), (31, 34), (42, 6), (47, 28), (18, 12), (9, 11), (13, 13), (47, 13)]
  Constraints → /home/digital-2/workspace/rl_gnn/vanilla_rl/temp_constraints_bd41255b.xml
done C3 {'circuit': 'mkDelayWorker32B', 'seed': 7, 'sample_index': 16} True 54.09
Baked architecture → /home/digital-2/workspace/rl_gnn/vanilla_rl/temp_arch_963df305.xml
  Size   : 50x50
  DSPs   : []
  BRAMs  : [(46, 16), (37, 32), (3, 28), (9, 16), (46, 33), (35, 40), (25, 12), (8, 40), (4, 28), (5, 14), (12, 29), (21, 18), (13, 28), (6, 42), (11, 32), (18, 37), (35, 25), (17, 8), (46, 8), (35, 10), (33, 25), (48, 19), (41, 26), (18, 7), (4, 17), (30, 38), (2, 26), (5, 4), (25, 31), (23, 16), (38, 25), (20, 16), (28, 15), (2, 36), (38, 41), (39, 42), (31, 14), (15, 32), (11, 3), (36, 10), (29, 38), (14, 8), (1, 40)]
  Constraints → /home/digital-2/workspace/rl_gnn/vanilla_rl/temp_constraints_963df305.xml
done C3 {'circuit': 'mkDelayWorker32B', 'seed': 7, 'sample_index': 2} True 102.83
done C3 {'circuit': 'mkDelayWorker32B', 'seed': 7, 'sample_index': 18} True 46.49
Baked architecture → /home/digital-2/workspace/rl_gnn/vanilla_rl/temp_arch_6bcab3ea.xml
  Size   : 50x50
  DSPs   : []
  BRAMs  : [(3, 27), (48, 23), (14, 26), (23, 22), (45, 11), (9, 7), (8, 8), (43, 33), (47, 6), (34, 43), (31, 36), (32, 3), (7, 43), (24, 31), (32, 31), (2, 11), (39, 4), (48, 6), (19, 24), (27, 43), (39, 14), (29, 35), (47, 32), (22, 2), (29, 1), (46, 5), (1, 15), (43, 14), (41, 12), (32, 20), (18, 13), (14, 5), (33, 35), (16, 7), (13, 18), (15, 43), (38, 43), (26, 28), (33, 9), (12, 26), (25, 40), (48, 41), (16, 33)]
  Constraints → /home/digital-2/workspace/rl_gnn/vanilla_rl/temp_constraints_6bcab3ea.xml
Baked architecture → /home/digital-2/workspace/rl_gnn/vanilla_rl/temp_arch_79b1b7f2.xml
  Size   : 50x50
  DSPs   : []
  BRAMs  : [(8, 37), (35, 16), (30, 37), (45, 15), (38, 15), (12, 22), (1, 22), (14, 14), (25, 1), (21, 19), (16, 8), (42, 34), (2, 18), (46, 34), (40, 30), (38, 8), (38, 35), (12, 30), (36, 30), (6, 25), (23, 6), (16, 22), (3, 11), (47, 37), (12, 16), (14, 4), (44, 36), (4, 17), (43, 42), (33, 20), (22, 40), (12, 4), (19, 7), (3, 1), (40, 19), (41, 6), (21, 9), (37, 42), (20, 6), (25, 43), (32, 21), (5, 30), (31, 16)]
  Constraints → /home/digital-2/workspace/rl_gnn/vanilla_rl/temp_constraints_79b1b7f2.xml
done C3 {'circuit': 'mkDelayWorker32B', 'seed': 7, 'sample_index': 10} True 117.87
Baked architecture → /home/digital-2/workspace/rl_gnn/vanilla_rl/temp_arch_7d69d87b.xml
  Size   : 50x50
  DSPs   : []
  BRAMs  : [(13, 20), (5, 20), (45, 30), (40, 22), (38, 21), (18, 28), (33, 43), (44, 28), (3, 21), (32, 14), (2, 22), (28, 5), (31, 34), (39, 14), (46, 32), (1, 15), (35, 15), (11, 16), (34, 3), (16, 8), (12, 24), (31, 22), (30, 35), (24, 21), (14, 20), (20, 23), (11, 1), (11, 38), (37, 25), (27, 21), (21, 35), (25, 3), (16, 2), (18, 19), (32, 25), (6, 17), (39, 27), (29, 21), (27, 38), (29, 9), (19, 38), (34, 28), (28, 30)]
  Constraints → /home/digital-2/workspace/rl_gnn/vanilla_rl/temp_constraints_7d69d87b.xml
done C3 {'circuit': 'mkDelayWorker32B', 'seed': 7, 'sample_index': 3} True 128.54
Baked architecture → /home/digital-2/workspace/rl_gnn/vanilla_rl/temp_arch_2b2c0c52.xml
  Size   : 50x50
  DSPs   : []
  BRAMs  : [(22, 6), (1, 43), (10, 16), (44, 18), (29, 43), (38, 37), (16, 15), (5, 24), (15, 32), (48, 10), (21, 41), (24, 2), (13, 5), (5, 34), (9, 2), (17, 12), (32, 4), (28, 32), (42, 12), (6, 13), (23, 22), (41, 3), (1, 3), (39, 40), (23, 12), (3, 25), (43, 33), (19, 25), (44, 31), (33, 6), (29, 18), (45, 33), (36, 14), (6, 40), (4, 30), (1, 29), (13, 36), (17, 24), (23, 1), (2, 36), (7, 10), (21, 29), (37, 31)]
  Constraints → /home/digital-2/workspace/rl_gnn/vanilla_rl/temp_constraints_2b2c0c52.xml
done C3 {'circuit': 'mkDelayWorker32B', 'seed': 42, 'sample_index': 0} True 69.23
Baked architecture → /home/digital-2/workspace/rl_gnn/vanilla_rl/temp_arch_06182d86.xml
  Size   : 50x50
  DSPs   : []
  BRAMs  : [(30, 10), (15, 6), (40, 1), (19, 40), (23, 26), (14, 8), (3, 4), (6, 25), (5, 35), (40, 11), (25, 38), (39, 12), (41, 36), (24, 4), (43, 10), (2, 9), (23, 12), (19, 11), (39, 3), (28, 20), (11, 33), (12, 9), (36, 5), (46, 29), (41, 24), (43, 20), (3, 20), (47, 27), (16, 17), (20, 32), (37, 22), (35, 26), (18, 9), (14, 38), (40, 43), (25, 30), (38, 7), (47, 15), (3, 29), (38, 42), (5, 9), (11, 23), (25, 11)]
  Constraints → /home/digital-2/workspace/rl_gnn/vanilla_rl/temp_constraints_06182d86.xml
done C3 {'circuit': 'mkDelayWorker32B', 'seed': 42, 'sample_index': 3} True 61.92
Baked architecture → /home/digital-2/workspace/rl_gnn/vanilla_rl/temp_arch_b8e794a0.xml
  Size   : 50x50
  DSPs   : []
  BRAMs  : [(38, 38), (10, 40), (30, 6), (17, 31), (2, 40), (6, 24), (44, 4), (23, 20), (22, 19), (9, 5), (48, 6), (29, 9), (20, 5), (47, 13), (46, 29), (42, 40), (45, 31), (30, 26), (44, 43), (37, 7), (22, 33), (31, 43), (2, 29), (24, 17), (48, 27), (9, 31), (19, 7), (44, 22), (27, 36), (2, 3), (4, 42), (13, 32), (14, 41), (4, 20), (37, 41), (35, 18), (29, 40), (26, 30), (20, 20), (4, 6), (28, 40), (28, 2), (1, 31)]
  Constraints → /home/digital-2/workspace/rl_gnn/vanilla_rl/temp_constraints_b8e794a0.xml
done C3 {'circuit': 'mkDelayWorker32B', 'seed': 42, 'sample_index': 4} True 59.39
Baked architecture → /home/digital-2/workspace/rl_gnn/vanilla_rl/temp_arch_edb7172b.xml
  Size   : 50x50
  DSPs   : []
  BRAMs  : [(7, 4), (24, 28), (7, 13), (48, 27), (44, 1), (47, 32), (20, 13), (43, 40), (45, 31), (11, 25), (28, 4), (12, 24), (24, 13), (3, 22), (31, 25), (26, 2), (27, 29), (26, 42), (29, 40), (36, 11), (35, 2), (48, 43), (13, 43), (39, 6), (42, 10), (2, 30), (45, 16), (22, 2), (14, 40), (38, 28), (23, 4), (46, 14), (18, 22), (33, 12), (4, 14), (28, 43), (6, 19), (1, 23), (39, 28), (36, 32), (43, 17), (33, 22), (7, 43)]
  Constraints → /home/digital-2/workspace/rl_gnn/vanilla_rl/temp_constraints_edb7172b.xml
done C3 {'circuit': 'mkDelayWorker32B', 'seed': 42, 'sample_index': 8} True 46.71
Baked architecture → /home/digital-2/workspace/rl_gnn/vanilla_rl/temp_arch_1839fc2c.xml
  Size   : 50x50
  DSPs   : []
  BRAMs  : [(47, 15), (10, 1), (29, 21), (37, 17), (43, 42), (26, 38), (10, 16), (9, 27), (23, 17), (20, 43), (15, 41), (40, 18), (19, 20), (36, 13), (46, 34), (21, 12), (19, 6), (11, 21), (16, 25), (43, 12), (7, 24), (35, 11), (13, 10), (28, 41), (16, 31), (37, 35), (1, 13), (44, 39), (40, 9), (16, 4), (5, 12), (47, 35), (3, 14), (9, 5), (27, 39), (41, 13), (20, 1), (12, 2), (35, 2), (39, 33), (14, 17), (42, 18), (3, 4)]
  Constraints → /home/digital-2/workspace/rl_gnn/vanilla_rl/temp_constraints_1839fc2c.xml
done C3 {'circuit': 'mkDelayWorker32B', 'seed': 7, 'sample_index': 6} True 151.04
Baked architecture → /home/digital-2/workspace/rl_gnn/vanilla_rl/temp_arch_b112004e.xml
  Size   : 50x50
  DSPs   : []
  BRAMs  : [(18, 29), (4, 28), (47, 20), (24, 20), (12, 38), (47, 36), (32, 5), (18, 35), (31, 7), (33, 43), (19, 25), (41, 13), (2, 22), (39, 7), (27, 41), (46, 11), (9, 23), (2, 33), (16, 10), (17, 25), (26, 40), (12, 27), (8, 6), (34, 38), (4, 6), (41, 4), (20, 28), (11, 22), (15, 28), (28, 24), (47, 9), (40, 14), (13, 31), (30, 24), (48, 37), (27, 23), (26, 11), (9, 41), (3, 39), (11, 41), (46, 21), (25, 13), (38, 13)]
  Constraints → /home/digital-2/workspace/rl_gnn/vanilla_rl/temp_constraints_b112004e.xml
done C3 {'circuit': 'mkDelayWorker32B', 'seed': 42, 'sample_index': 5} True 59.35
Baked architecture → /home/digital-2/workspace/rl_gnn/vanilla_rl/temp_arch_d7a37860.xml
  Size   : 50x50
  DSPs   : []
  BRAMs  : [(48, 43), (19, 19), (10, 36), (26, 9), (26, 31), (48, 13), (40, 34), (5, 34), (34, 24), (33, 3), (11, 2), (24, 29), (42, 21), (6, 24), (16, 34), (25, 20), (36, 31), (37, 32), (8, 8), (35, 18), (23, 4), (3, 21), (26, 22), (19, 9), (4, 8), (14, 18), (37, 14), (48, 19), (31, 43), (25, 29), (46, 16), (32, 15), (10, 28), (40, 43), (13, 5), (18, 37), (36, 14), (11, 8), (22, 24), (24, 12), (44, 20), (45, 5), (45, 29)]
  Constraints → /home/digital-2/workspace/rl_gnn/vanilla_rl/temp_constraints_d7a37860.xml
done C3 {'circuit': 'mkDelayWorker32B', 'seed': 42, 'sample_index': 6} True 62.29
Baked architecture → /home/digital-2/workspace/rl_gnn/vanilla_rl/temp_arch_006c47db.xml
  Size   : 50x50
  DSPs   : []
  BRAMs  : [(46, 17), (1, 14), (20, 30), (42, 22), (42, 6), (1, 4), (4, 23), (19, 26), (11, 37), (3, 40), (10, 12), (13, 1), (32, 21), (16, 2), (1, 35), (9, 35), (16, 38), (8, 13), (21, 2), (37, 27), (30, 8), (43, 38), (7, 27), (35, 2), (26, 34), (12, 26), (27, 16), (12, 5), (35, 20), (35, 9), (25, 41), (18, 2), (26, 15), (31, 10), (16, 25), (22, 28), (23, 42), (17, 39), (6, 5), (47, 41), (48, 26), (37, 35), (36, 5)]
  Constraints → /home/digital-2/workspace/rl_gnn/vanilla_rl/temp_constraints_006c47db.xml
done C3 {'circuit': 'mkDelayWorker32B', 'seed': 42, 'sample_index': 9} True 62.96
Baked architecture → /home/digital-2/workspace/rl_gnn/vanilla_rl/temp_arch_5d24b424.xml
  Size   : 50x50
  DSPs   : []
  BRAMs  : [(8, 36), (16, 27), (48, 24), (22, 21), (20, 39), (45, 42), (28, 42), (1, 32), (2, 21), (9, 2), (31, 6), (30, 17), (17, 15), (39, 7), (45, 26), (47, 36), (9, 26), (18, 15), (38, 15), (42, 13), (1, 41), (18, 38), (27, 40), (42, 40), (4, 29), (34, 39), (10, 10), (3, 15), (6, 6), (35, 34), (43, 35), (28, 25), (40, 9), (24, 30), (34, 6), (34, 21), (22, 32), (13, 14), (27, 7), (45, 5), (2, 32), (19, 23), (26, 15)]
  Constraints → /home/digital-2/workspace/rl_gnn/vanilla_rl/temp_constraints_5d24b424.xml
done C3 {'circuit': 'mkDelayWorker32B', 'seed': 42, 'sample_index': 7} True 66.64
done C3 {'circuit': 'mkDelayWorker32B', 'seed': 42, 'sample_index': 10} True 49.42
Baked architecture → /home/digital-2/workspace/rl_gnn/vanilla_rl/temp_arch_3371c0cd.xml
  Size   : 50x50
  DSPs   : []
  BRAMs  : [(16, 13), (44, 19), (9, 9), (21, 39), (31, 11), (32, 5), (43, 10), (23, 43), (6, 13), (20, 3), (31, 40), (20, 41), (17, 31), (42, 3), (23, 12), (4, 9), (41, 41), (41, 32), (2, 14), (39, 17), (22, 8), (1, 18), (8, 41), (39, 24), (20, 29), (34, 38), (23, 3), (45, 17), (5, 23), (5, 13), (21, 5), (11, 17), (25, 40), (6, 19), (34, 8), (6, 38), (13, 9), (37, 25), (34, 19), (9, 24), (38, 14), (36, 24), (47, 11)]
  Constraints → /home/digital-2/workspace/rl_gnn/vanilla_rl/temp_constraints_3371c0cd.xml
Baked architecture → /home/digital-2/workspace/rl_gnn/vanilla_rl/temp_arch_a395cb40.xml
  Size   : 50x50
  DSPs   : []
  BRAMs  : [(47, 17), (38, 32), (32, 25), (47, 40), (15, 10), (31, 39), (34, 35), (11, 37), (9, 21), (39, 2), (9, 41), (5, 11), (6, 4), (16, 29), (24, 12), (36, 42), (44, 17), (32, 41), (7, 38), (7, 12), (20, 5), (19, 25), (16, 4), (10, 22), (46, 9), (20, 36), (7, 27), (6, 25), (44, 1), (12, 31), (35, 35), (33, 29), (31, 6), (22, 8), (4, 33), (20, 19), (4, 5), (28, 41), (22, 32), (21, 10), (38, 26), (12, 21), (34, 28)]
  Constraints → /home/digital-2/workspace/rl_gnn/vanilla_rl/temp_constraints_a395cb40.xml
done C3 {'circuit': 'mkDelayWorker32B', 'seed': 42, 'sample_index': 1} True 123.23
Baked architecture → /home/digital-2/workspace/rl_gnn/vanilla_rl/temp_arch_7478d2fc.xml
  Size   : 50x50
  DSPs   : []
  BRAMs  : [(24, 22), (36, 13), (18, 5), (41, 13), (48, 43), (20, 19), (15, 5), (46, 40), (13, 5), (5, 13), (25, 35), (14, 34), (11, 27), (33, 6), (18, 11), (37, 42), (40, 13), (1, 11), (43, 29), (7, 15), (21, 31), (15, 38), (6, 21), (9, 43), (19, 38), (31, 22), (30, 10), (44, 12), (1, 37), (6, 13), (47, 28), (9, 13), (17, 9), (2, 15), (21, 13), (8, 32), (16, 42), (46, 13), (45, 14), (13, 33), (31, 38), (40, 7), (2, 24)]
  Constraints → /home/digital-2/workspace/rl_gnn/vanilla_rl/temp_constraints_7478d2fc.xml
done C3 {'circuit': 'mkDelayWorker32B', 'seed': 42, 'sample_index': 14} True 64.55
done C3 {'circuit': 'mkDelayWorker32B', 'seed': 42, 'sample_index': 11} True 82.21
Baked architecture → /home/digital-2/workspace/rl_gnn/vanilla_rl/temp_arch_78b38980.xml
  Size   : 50x50
  DSPs   : []
  BRAMs  : [(4, 1), (30, 6), (13, 16), (32, 21), (42, 10), (11, 16), (2, 28), (20, 20), (47, 31), (17, 29), (36, 34), (7, 14), (19, 36), (31, 34), (29, 30), (23, 3), (19, 13), (18, 13), (37, 4), (44, 43), (12, 6), (14, 34), (37, 41), (41, 7), (3, 11), (3, 24), (33, 19), (38, 38), (33, 5), (16, 5), (12, 13), (31, 1), (10, 28), (12, 38), (20, 30), (1, 16), (25, 28), (28, 31), (9, 34), (48, 11), (23, 40), (12, 31), (44, 6)]
  Constraints → /home/digital-2/workspace/rl_gnn/vanilla_rl/temp_constraints_78b38980.xml
Baked architecture → /home/digital-2/workspace/rl_gnn/vanilla_rl/temp_arch_d8d3a35a.xml
  Size   : 50x50
  DSPs   : []
  BRAMs  : [(47, 4), (27, 20), (22, 15), (2, 24), (18, 27), (47, 11), (20, 12), (1, 34), (42, 42), (46, 30), (21, 27), (42, 9), (27, 9), (28, 29), (38, 18), (1, 19), (44, 9), (32, 35), (26, 11), (35, 4), (10, 43), (31, 6), (35, 25), (32, 14), (26, 21), (12, 36), (40, 35), (25, 4), (11, 6), (42, 18), (9, 16), (46, 1), (10, 13), (37, 10), (33, 23), (43, 41), (27, 36), (11, 35), (10, 26), (22, 24), (42, 2), (40, 28), (34, 20)]
  Constraints → /home/digital-2/workspace/rl_gnn/vanilla_rl/temp_constraints_d8d3a35a.xml
done C3 {'circuit': 'mkDelayWorker32B', 'seed': 42, 'sample_index': 16} True 60.03
done C3 {'circuit': 'mkDelayWorker32B', 'seed': 42, 'sample_index': 15} True 63.89
Baked architecture → /home/digital-2/workspace/rl_gnn/vanilla_rl/temp_arch_d0779f15.xml
  Size   : 50x50
  DSPs   : []
  BRAMs  : [(8, 3), (2, 22), (14, 4), (4, 36), (16, 29), (22, 35), (15, 7), (13, 28), (3, 25), (28, 2), (7, 16), (11, 27), (10, 43), (28, 26), (2, 9), (18, 5), (41, 30), (21, 24), (44, 18), (21, 8), (10, 22), (32, 5), (26, 23), (44, 11), (48, 36), (3, 18), (39, 1), (16, 39), (9, 28), (12, 26), (19, 41), (15, 31), (41, 21), (40, 28), (1, 19), (29, 26), (39, 10), (11, 9), (12, 4), (35, 18), (19, 4), (38, 22), (27, 20)]
  Constraints → /home/digital-2/workspace/rl_gnn/vanilla_rl/temp_constraints_d0779f15.xml
Baked architecture → /home/digital-2/workspace/rl_gnn/vanilla_rl/temp_arch_55349c90.xml
  Size   : 50x50
  DSPs   : []
  BRAMs  : [(13, 36), (35, 5), (10, 11), (11, 35), (14, 19), (22, 21), (36, 22), (44, 20), (37, 31), (8, 42), (21, 25), (39, 35), (41, 1), (45, 21), (40, 20), (6, 39), (33, 20), (16, 31), (15, 6), (26, 42), (1, 21), (4, 25), (34, 18), (35, 29), (23, 17), (36, 38), (8, 30), (25, 25), (8, 15), (9, 37), (38, 22), (27, 20), (5, 43), (46, 27), (28, 43), (36, 28), (48, 10), (41, 17), (6, 7), (30, 5), (28, 5), (18, 40), (5, 36)]
  Constraints → /home/digital-2/workspace/rl_gnn/vanilla_rl/temp_constraints_55349c90.xml
done C3 {'circuit': 'mkDelayWorker32B', 'seed': 42, 'sample_index': 18} True 54.0
Baked architecture → /home/digital-2/workspace/rl_gnn/vanilla_rl/temp_arch_c8d71845.xml
  Size   : 50x50
  DSPs   : []
  BRAMs  : [(40, 41), (44, 3), (45, 10), (42, 39), (10, 26), (41, 9), (2, 9), (15, 40), (32, 42), (40, 30), (26, 20), (27, 38), (36, 4), (26, 29), (14, 33), (43, 14), (4, 31), (8, 39), (34, 43), (13, 15), (37, 37), (13, 3), (30, 32), (29, 36), (9, 39), (25, 14), (20, 14), (15, 20), (27, 15), (36, 37), (37, 20), (8, 33), (36, 21), (31, 19), (5, 13), (44, 33), (6, 32), (12, 31), (4, 10), (44, 14), (38, 27), (24, 25), (7, 23)]
  Constraints → /home/digital-2/workspace/rl_gnn/vanilla_rl/temp_constraints_c8d71845.xml
done C3 {'circuit': 'mkDelayWorker32B', 'seed': 7, 'sample_index': 19} True 160.4
Baked architecture → /home/digital-2/workspace/rl_gnn/vanilla_rl/temp_arch_b391e8c8.xml
  Size   : 50x50
  DSPs   : []
  BRAMs  : [(42, 38), (32, 40), (36, 26), (39, 1), (37, 5), (39, 28), (35, 24), (13, 15), (30, 30), (1, 39), (19, 1), (15, 33), (5, 29), (7, 43), (4, 14), (10, 33), (45, 39), (4, 32), (46, 33), (41, 30), (32, 1), (8, 19), (17, 38), (18, 42), (39, 41), (9, 27), (41, 36), (20, 17), (1, 18), (16, 4), (16, 42), (2, 22), (13, 38), (12, 23), (7, 21), (8, 41), (48, 31), (28, 43), (3, 30), (44, 29), (37, 17), (31, 19), (2, 43)]
  Constraints → /home/digital-2/workspace/rl_gnn/vanilla_rl/temp_constraints_b391e8c8.xml
done C3 {'circuit': 'mkDelayWorker32B', 'seed': 42, 'sample_index': 13} True 82.5
done C3 {'circuit': 'mkDelayWorker32B', 'seed': 42, 'sample_index': 19} True 55.86
Baked architecture → /home/digital-2/workspace/rl_gnn/vanilla_rl/temp_arch_18ec53e1.xml
  Size   : 50x50
  DSPs   : []
  BRAMs  : [(10, 39), (1, 26), (25, 6), (33, 13), (12, 35), (15, 23), (16, 41), (9, 17), (21, 33), (7, 25), (30, 39), (31, 25), (4, 34), (13, 5), (20, 20), (33, 27), (14, 3), (12, 2), (33, 19), (18, 23), (5, 2), (13, 33), (31, 32), (30, 12), (36, 2), (24, 38), (14, 14), (34, 29), (6, 22), (22, 40), (44, 26), (26, 3), (2, 35), (8, 10), (39, 42), (30, 20), (45, 1), (6, 41), (2, 28), (16, 33), (2, 1), (23, 27), (39, 13)]
  Constraints → /home/digital-2/workspace/rl_gnn/vanilla_rl/temp_constraints_18ec53e1.xml
Baked architecture → /home/digital-2/workspace/rl_gnn/vanilla_rl/temp_arch_aed0a755.xml
  Size   : 50x50
  DSPs   : []
  BRAMs  : [(44, 12), (47, 23), (22, 34), (31, 5), (21, 1), (45, 1), (28, 41), (33, 15), (2, 12), (23, 9), (11, 39), (48, 20), (36, 6), (15, 8), (3, 23), (7, 33), (6, 41), (27, 33), (6, 9), (13, 10), (26, 43), (14, 17), (10, 33), (8, 43), (24, 12), (21, 10), (13, 25), (6, 21), (21, 40), (9, 34), (43, 13), (23, 29), (29, 27), (36, 43), (26, 30), (10, 15), (14, 34), (38, 17), (4, 18), (43, 24), (9, 19), (40, 8), (42, 35)]
  Constraints → /home/digital-2/workspace/rl_gnn/vanilla_rl/temp_constraints_aed0a755.xml
done C3 {'circuit': 'mkDelayWorker32B', 'seed': 42, 'sample_index': 17} True 68.14
Baked architecture → /home/digital-2/workspace/rl_gnn/vanilla_rl/temp_arch_93219f9a.xml
  Size   : 50x50
  DSPs   : []
  BRAMs  : [(33, 22), (2, 14), (48, 24), (31, 1), (18, 1), (27, 11), (30, 22), (7, 13), (11, 9), (43, 9), (44, 2), (5, 7), (43, 39), (12, 33), (27, 19), (3, 4), (26, 37), (4, 32), (32, 9), (41, 29), (21, 35), (14, 4), (11, 24), (6, 21), (10, 25), (16, 43), (42, 11), (31, 17), (33, 42), (15, 10), (32, 21), (21, 3), (13, 11), (5, 19), (38, 26), (36, 7), (22, 35), (10, 33), (4, 6), (39, 27), (48, 41), (3, 39), (4, 38)]
  Constraints → /home/digital-2/workspace/rl_gnn/vanilla_rl/temp_constraints_93219f9a.xml
done C3 {'circuit': 'mkDelayWorker32B', 'seed': 42, 'sample_index': 12} True 100.14
done C3 {'circuit': 'mkDelayWorker32B', 'seed': 123, 'sample_index': 1} True 61.76
Baked architecture → /home/digital-2/workspace/rl_gnn/vanilla_rl/temp_arch_3de50b74.xml
  Size   : 50x50
  DSPs   : []
  BRAMs  : [(34, 14), (42, 21), (5, 5), (35, 20), (35, 42), (38, 11), (14, 39), (37, 19), (37, 3), (46, 35), (33, 20), (19, 13), (24, 41), (1, 43), (32, 43), (47, 10), (9, 27), (17, 16), (16, 31), (37, 26), (25, 24), (4, 36), (12, 34), (11, 32), (22, 20), (13, 24), (27, 30), (31, 17), (41, 14), (4, 7), (18, 8), (43, 24), (11, 22), (47, 17), (20, 42), (40, 16), (19, 42), (26, 40), (10, 15), (47, 3), (3, 22), (9, 9), (28, 21)]
  Constraints → /home/digital-2/workspace/rl_gnn/vanilla_rl/temp_constraints_3de50b74.xml
Baked architecture → /home/digital-2/workspace/rl_gnn/vanilla_rl/temp_arch_7f5c1c9c.xml
  Size   : 50x50
  DSPs   : []
  BRAMs  : [(19, 15), (9, 37), (6, 20), (35, 1), (19, 37), (4, 4), (28, 6), (12, 5), (43, 24), (33, 27), (27, 13), (4, 24), (35, 26), (37, 26), (44, 39), (36, 36), (22, 35), (41, 35), (6, 4), (47, 37), (35, 18), (47, 17), (32, 18), (36, 27), (20, 31), (44, 2), (31, 37), (41, 22), (29, 32), (26, 1), (34, 41), (47, 27), (40, 21), (33, 38), (29, 24), (18, 25), (27, 39), (7, 40), (48, 43), (32, 35), (4, 30), (24, 19), (39, 42)]
  Constraints → /home/digital-2/workspace/rl_gnn/vanilla_rl/temp_constraints_7f5c1c9c.xml
done C3 {'circuit': 'mkDelayWorker32B', 'seed': 123, 'sample_index': 0} True 78.05
Baked architecture → /home/digital-2/workspace/rl_gnn/vanilla_rl/temp_arch_a1d16bbe.xml
  Size   : 50x50
  DSPs   : []
  BRAMs  : [(24, 39), (39, 1), (7, 29), (20, 30), (8, 23), (25, 2), (44, 20), (3, 35), (46, 24), (35, 26), (4, 43), (45, 35), (44, 11), (21, 40), (12, 14), (6, 3), (38, 40), (46, 32), (42, 33), (11, 12), (34, 30), (23, 34), (9, 40), (43, 39), (8, 38), (34, 13), (12, 1), (31, 43), (4, 25), (28, 34), (29, 29), (23, 12), (33, 41), (27, 9), (16, 20), (18, 34), (21, 14), (23, 27), (1, 23), (22, 30), (10, 29), (29, 20), (40, 35)]
  Constraints → /home/digital-2/workspace/rl_gnn/vanilla_rl/temp_constraints_a1d16bbe.xml
done C3 {'circuit': 'mkDelayWorker32B', 'seed': 42, 'sample_index': 2} True 181.22
done C3 {'circuit': 'mkDelayWorker32B', 'seed': 123, 'sample_index': 2} True 66.1
Baked architecture → /home/digital-2/workspace/rl_gnn/vanilla_rl/temp_arch_1c62d27a.xml
  Size   : 50x50
  DSPs   : []
  BRAMs  : [(21, 27), (38, 40), (37, 23), (38, 16), (2, 30), (14, 16), (26, 34), (29, 41), (27, 12), (2, 8), (8, 9), (5, 43), (12, 3), (37, 35), (35, 41), (43, 26), (40, 15), (11, 4), (36, 29), (5, 11), (3, 1), (34, 14), (1, 1), (3, 25), (17, 19), (9, 31), (19, 40), (6, 14), (15, 16), (37, 9), (33, 7), (23, 30), (42, 37), (4, 6), (44, 18), (15, 23), (31, 7), (33, 35), (11, 31), (26, 21), (21, 38), (42, 24), (35, 16)]
  Constraints → /home/digital-2/workspace/rl_gnn/vanilla_rl/temp_constraints_1c62d27a.xml
Baked architecture → /home/digital-2/workspace/rl_gnn/vanilla_rl/temp_arch_c9b8e529.xml
  Size   : 50x50
  DSPs   : []
  BRAMs  : [(23, 42), (12, 31), (3, 30), (18, 6), (13, 2), (31, 32), (16, 18), (8, 12), (35, 39), (12, 24), (37, 32), (22, 20), (30, 6), (5, 33), (39, 37), (44, 39), (7, 11), (14, 19), (47, 24), (32, 14), (18, 15), (35, 32), (35, 2), (37, 38), (41, 23), (29, 38), (8, 25), (30, 38), (10, 26), (41, 41), (25, 16), (24, 13), (14, 3), (38, 40), (40, 11), (29, 32), (40, 32), (4, 18), (27, 29), (3, 42), (7, 20), (38, 22), (10, 14)]
  Constraints → /home/digital-2/workspace/rl_gnn/vanilla_rl/temp_constraints_c9b8e529.xml
done C3 {'circuit': 'mkDelayWorker32B', 'seed': 123, 'sample_index': 3} True 49.1
done C3 {'circuit': 'mkDelayWorker32B', 'seed': 123, 'sample_index': 6} True 46.49
Baked architecture → /home/digital-2/workspace/rl_gnn/vanilla_rl/temp_arch_51cf316b.xml
  Size   : 50x50
  DSPs   : []
  BRAMs  : [(26, 25), (16, 12), (10, 8), (47, 21), (5, 25), (17, 11), (23, 21), (34, 38), (36, 8), (8, 21), (42, 19), (30, 37), (33, 5), (6, 19), (31, 3), (19, 16), (38, 13), (29, 20), (48, 41), (45, 29), (18, 24), (19, 42), (35, 10), (32, 25), (15, 23), (1, 35), (43, 3), (33, 16), (40, 27), (32, 13), (13, 35), (38, 33), (25, 23), (28, 10), (46, 3), (17, 39), (30, 43), (32, 19), (7, 4), (29, 41), (21, 37), (16, 19), (33, 29)]
  Constraints → /home/digital-2/workspace/rl_gnn/vanilla_rl/temp_constraints_51cf316b.xml
Baked architecture → /home/digital-2/workspace/rl_gnn/vanilla_rl/temp_arch_aaf45af8.xml
  Size   : 50x50
  DSPs   : []
  BRAMs  : [(4, 25), (19, 27), (34, 27), (3, 20), (31, 26), (2, 5), (12, 30), (42, 3), (4, 43), (7, 43), (18, 26), (41, 32), (27, 32), (31, 18), (47, 16), (38, 7), (17, 35), (22, 23), (1, 1), (21, 38), (5, 21), (11, 16), (1, 14), (17, 18), (5, 2), (7, 22), (37, 33), (1, 40), (28, 38), (16, 37), (28, 21), (6, 14), (1, 8), (23, 36), (12, 11), (35, 1), (41, 7), (45, 25), (6, 33), (39, 31), (4, 10), (29, 5), (44, 33)]
  Constraints → /home/digital-2/workspace/rl_gnn/vanilla_rl/temp_constraints_aaf45af8.xml
done C3 {'circuit': 'mkDelayWorker32B', 'seed': 123, 'sample_index': 7} True 52.78
Baked architecture → /home/digital-2/workspace/rl_gnn/vanilla_rl/temp_arch_e4e11b13.xml
  Size   : 50x50
  DSPs   : []
  BRAMs  : [(10, 13), (30, 17), (29, 9), (22, 6), (7, 18), (35, 38), (28, 9), (41, 14), (8, 21), (27, 18), (5, 7), (26, 31), (20, 43), (19, 30), (39, 35), (33, 26), (28, 21), (21, 2), (27, 38), (11, 15), (45, 40), (47, 16), (43, 40), (16, 27), (21, 34), (4, 36), (39, 21), (25, 31), (30, 10), (13, 6), (24, 8), (10, 26), (26, 1), (31, 2), (42, 32), (33, 6), (11, 41), (23, 40), (14, 29), (6, 24), (2, 19), (44, 4), (7, 28)]
  Constraints → /home/digital-2/workspace/rl_gnn/vanilla_rl/temp_constraints_e4e11b13.xml
done C3 {'circuit': 'mkDelayWorker32B', 'seed': 123, 'sample_index': 9} True 47.43
Baked architecture → /home/digital-2/workspace/rl_gnn/vanilla_rl/temp_arch_42c38b68.xml
  Size   : 14x14
  DSPs   : []
  BRAMs  : [(4, 3), (2, 5), (7, 4)]
  Constraints → /home/digital-2/workspace/rl_gnn/vanilla_rl/temp_constraints_42c38b68.xml
done C3 {'circuit': 'lightweight_cipher', 'seed': 7, 'sample_index': 0} True 3.45
Baked architecture → /home/digital-2/workspace/rl_gnn/vanilla_rl/temp_arch_56a6dbd3.xml
  Size   : 14x14
  DSPs   : []
  BRAMs  : [(12, 2), (6, 7), (8, 6)]
  Constraints → /home/digital-2/workspace/rl_gnn/vanilla_rl/temp_constraints_56a6dbd3.xml
done C3 {'circuit': 'lightweight_cipher', 'seed': 7, 'sample_index': 1} True 5.0
Baked architecture → /home/digital-2/workspace/rl_gnn/vanilla_rl/temp_arch_5097d315.xml
  Size   : 14x14
  DSPs   : []
  BRAMs  : [(3, 7), (4, 1), (5, 5)]
  Constraints → /home/digital-2/workspace/rl_gnn/vanilla_rl/temp_constraints_5097d315.xml
done C3 {'circuit': 'mkDelayWorker32B', 'seed': 123, 'sample_index': 4} True 69.62
Baked architecture → /home/digital-2/workspace/rl_gnn/vanilla_rl/temp_arch_78ab44b2.xml
  Size   : 14x14
  DSPs   : []
  BRAMs  : [(2, 5), (10, 1), (6, 1)]
  Constraints → /home/digital-2/workspace/rl_gnn/vanilla_rl/temp_constraints_78ab44b2.xml
done C3 {'circuit': 'lightweight_cipher', 'seed': 7, 'sample_index': 2} True 6.31
Baked architecture → /home/digital-2/workspace/rl_gnn/vanilla_rl/temp_arch_056a3a93.xml
  Size   : 14x14
  DSPs   : []
  BRAMs  : [(1, 5), (4, 5), (10, 6)]
  Constraints → /home/digital-2/workspace/rl_gnn/vanilla_rl/temp_constraints_056a3a93.xml
done C3 {'circuit': 'lightweight_cipher', 'seed': 7, 'sample_index': 4} True 4.59
Baked architecture → /home/digital-2/workspace/rl_gnn/vanilla_rl/temp_arch_a3d43687.xml
  Size   : 14x14
  DSPs   : []
  BRAMs  : [(1, 4), (6, 2), (3, 6)]
  Constraints → /home/digital-2/workspace/rl_gnn/vanilla_rl/temp_constraints_a3d43687.xml
done C3 {'circuit': 'mkDelayWorker32B', 'seed': 123, 'sample_index': 13} True 59.62
Baked architecture → /home/digital-2/workspace/rl_gnn/vanilla_rl/temp_arch_1e5311e0.xml
  Size   : 14x14
  DSPs   : []
  BRAMs  : [(7, 3), (2, 6), (12, 2)]
  Constraints → /home/digital-2/workspace/rl_gnn/vanilla_rl/temp_constraints_1e5311e0.xml
done C3 {'circuit': 'mkDelayWorker32B', 'seed': 123, 'sample_index': 12} True 62.69
Baked architecture → /home/digital-2/workspace/rl_gnn/vanilla_rl/temp_arch_dcfbe3fc.xml
  Size   : 14x14
  DSPs   : []
  BRAMs  : [(1, 2), (3, 1), (10, 3)]
  Constraints → /home/digital-2/workspace/rl_gnn/vanilla_rl/temp_constraints_dcfbe3fc.xml
done C3 {'circuit': 'mkDelayWorker32B', 'seed': 123, 'sample_index': 14} True 47.57
Baked architecture → /home/digital-2/workspace/rl_gnn/vanilla_rl/temp_arch_8c7b9d5c.xml
  Size   : 14x14
  DSPs   : []
  BRAMs  : [(12, 7), (4, 6), (9, 7)]
  Constraints → /home/digital-2/workspace/rl_gnn/vanilla_rl/temp_constraints_8c7b9d5c.xml
done C3 {'circuit': 'lightweight_cipher', 'seed': 7, 'sample_index': 5} True 4.72
Baked architecture → /home/digital-2/workspace/rl_gnn/vanilla_rl/temp_arch_5b9329fb.xml
  Size   : 14x14
  DSPs   : []
  BRAMs  : [(9, 3), (10, 3), (11, 5)]
  Constraints → /home/digital-2/workspace/rl_gnn/vanilla_rl/temp_constraints_5b9329fb.xml
done C3 {'circuit': 'lightweight_cipher', 'seed': 7, 'sample_index': 3} True 13.8
done C3 {'circuit': 'lightweight_cipher', 'seed': 7, 'sample_index': 6} True 4.31
Baked architecture → /home/digital-2/workspace/rl_gnn/vanilla_rl/temp_arch_103bf807.xml
  Size   : 14x14
  DSPs   : []
  BRAMs  : [(4, 5), (3, 5), (1, 4)]
  Constraints → /home/digital-2/workspace/rl_gnn/vanilla_rl/temp_constraints_103bf807.xml
Baked architecture → /home/digital-2/workspace/rl_gnn/vanilla_rl/temp_arch_509a6cae.xml
  Size   : 14x14
  DSPs   : []
  BRAMs  : [(8, 4), (9, 7), (7, 3)]
  Constraints → /home/digital-2/workspace/rl_gnn/vanilla_rl/temp_constraints_509a6cae.xml
done C3 {'circuit': 'lightweight_cipher', 'seed': 7, 'sample_index': 8} True 3.89
Baked architecture → /home/digital-2/workspace/rl_gnn/vanilla_rl/temp_arch_c9f730cc.xml
  Size   : 14x14
  DSPs   : []
  BRAMs  : [(5, 4), (10, 3), (1, 5)]
  Constraints → /home/digital-2/workspace/rl_gnn/vanilla_rl/temp_constraints_c9f730cc.xml
done C3 {'circuit': 'lightweight_cipher', 'seed': 7, 'sample_index': 9} True 4.21
Baked architecture → /home/digital-2/workspace/rl_gnn/vanilla_rl/temp_arch_3c7456bb.xml
  Size   : 14x14
  DSPs   : []
  BRAMs  : [(5, 4), (3, 3), (4, 3)]
  Constraints → /home/digital-2/workspace/rl_gnn/vanilla_rl/temp_constraints_3c7456bb.xml
done C3 {'circuit': 'lightweight_cipher', 'seed': 7, 'sample_index': 10} True 4.67
Baked architecture → /home/digital-2/workspace/rl_gnn/vanilla_rl/temp_arch_1563b176.xml
  Size   : 14x14
  DSPs   : []
  BRAMs  : [(4, 6), (11, 7), (1, 7)]
  Constraints → /home/digital-2/workspace/rl_gnn/vanilla_rl/temp_constraints_1563b176.xml
done C3 {'circuit': 'lightweight_cipher', 'seed': 7, 'sample_index': 7} True 7.23
Baked architecture → /home/digital-2/workspace/rl_gnn/vanilla_rl/temp_arch_7da720b5.xml
  Size   : 14x14
  DSPs   : []
  BRAMs  : [(9, 6), (2, 1), (3, 3)]
  Constraints → /home/digital-2/workspace/rl_gnn/vanilla_rl/temp_constraints_7da720b5.xml
done C3 {'circuit': 'lightweight_cipher', 'seed': 7, 'sample_index': 11} True 5.08
Baked architecture → /home/digital-2/workspace/rl_gnn/vanilla_rl/temp_arch_dc880a2a.xml
  Size   : 14x14
  DSPs   : []
  BRAMs  : [(11, 7), (5, 1), (3, 7)]
  Constraints → /home/digital-2/workspace/rl_gnn/vanilla_rl/temp_constraints_dc880a2a.xml
done C3 {'circuit': 'lightweight_cipher', 'seed': 7, 'sample_index': 12} True 4.12
Baked architecture → /home/digital-2/workspace/rl_gnn/vanilla_rl/temp_arch_039385fe.xml
  Size   : 14x14
  DSPs   : []
  BRAMs  : [(12, 5), (10, 5), (11, 5)]
  Constraints → /home/digital-2/workspace/rl_gnn/vanilla_rl/temp_constraints_039385fe.xml
done C3 {'circuit': 'mkDelayWorker32B', 'seed': 123, 'sample_index': 16} True 44.66
Baked architecture → /home/digital-2/workspace/rl_gnn/vanilla_rl/temp_arch_c782e66b.xml
  Size   : 14x14
  DSPs   : []
  BRAMs  : [(1, 4), (6, 2), (3, 1)]
  Constraints → /home/digital-2/workspace/rl_gnn/vanilla_rl/temp_constraints_c782e66b.xml
done C3 {'circuit': 'lightweight_cipher', 'seed': 7, 'sample_index': 13} True 4.12
Baked architecture → /home/digital-2/workspace/rl_gnn/vanilla_rl/temp_arch_ec521920.xml
  Size   : 14x14
  DSPs   : []
  BRAMs  : [(1, 4), (2, 1), (9, 4)]
  Constraints → /home/digital-2/workspace/rl_gnn/vanilla_rl/temp_constraints_ec521920.xml
done C3 {'circuit': 'mkDelayWorker32B', 'seed': 123, 'sample_index': 8} True 85.27
Baked architecture → /home/digital-2/workspace/rl_gnn/vanilla_rl/temp_arch_4ce487c8.xml
  Size   : 14x14
  DSPs   : []
  BRAMs  : [(4, 4), (11, 5), (12, 4)]
  Constraints → /home/digital-2/workspace/rl_gnn/vanilla_rl/temp_constraints_4ce487c8.xml
done C3 {'circuit': 'lightweight_cipher', 'seed': 7, 'sample_index': 15} True 5.56
Baked architecture → /home/digital-2/workspace/rl_gnn/vanilla_rl/temp_arch_bff04b33.xml
  Size   : 14x14
  DSPs   : []
  BRAMs  : [(2, 1), (1, 3), (6, 1)]
  Constraints → /home/digital-2/workspace/rl_gnn/vanilla_rl/temp_constraints_bff04b33.xml
done C3 {'circuit': 'lightweight_cipher', 'seed': 7, 'sample_index': 17} True 3.99
Baked architecture → /home/digital-2/workspace/rl_gnn/vanilla_rl/temp_arch_3437e6b9.xml
  Size   : 14x14
  DSPs   : []
  BRAMs  : [(5, 3), (3, 2), (12, 1)]
  Constraints → /home/digital-2/workspace/rl_gnn/vanilla_rl/temp_constraints_3437e6b9.xml
done C3 {'circuit': 'lightweight_cipher', 'seed': 7, 'sample_index': 16} True 6.08
done C3 {'circuit': 'lightweight_cipher', 'seed': 7, 'sample_index': 14} True 6.73
Baked architecture → /home/digital-2/workspace/rl_gnn/vanilla_rl/temp_arch_f18a9aa2.xml
  Size   : 14x14
  DSPs   : []
  BRAMs  : [(2, 3), (3, 5), (9, 5)]
  Constraints → /home/digital-2/workspace/rl_gnn/vanilla_rl/temp_constraints_f18a9aa2.xml
Baked architecture → /home/digital-2/workspace/rl_gnn/vanilla_rl/temp_arch_2e173610.xml
  Size   : 14x14
  DSPs   : []
  BRAMs  : [(11, 7), (7, 4), (8, 5)]
  Constraints → /home/digital-2/workspace/rl_gnn/vanilla_rl/temp_constraints_2e173610.xml
done C3 {'circuit': 'lightweight_cipher', 'seed': 7, 'sample_index': 19} True 3.93
Baked architecture → /home/digital-2/workspace/rl_gnn/vanilla_rl/temp_arch_b1e67a5e.xml
  Size   : 14x14
  DSPs   : []
  BRAMs  : [(8, 4), (9, 3), (11, 7)]
  Constraints → /home/digital-2/workspace/rl_gnn/vanilla_rl/temp_constraints_b1e67a5e.xml
done C3 {'circuit': 'lightweight_cipher', 'seed': 7, 'sample_index': 18} True 5.32
Baked architecture → /home/digital-2/workspace/rl_gnn/vanilla_rl/temp_arch_8dfd7fa6.xml
  Size   : 14x14
  DSPs   : []
  BRAMs  : [(7, 2), (12, 6), (2, 3)]
  Constraints → /home/digital-2/workspace/rl_gnn/vanilla_rl/temp_constraints_8dfd7fa6.xml
done C3 {'circuit': 'lightweight_cipher', 'seed': 42, 'sample_index': 0} True 5.24
Baked architecture → /home/digital-2/workspace/rl_gnn/vanilla_rl/temp_arch_2c90bd7b.xml
  Size   : 14x14
  DSPs   : []
  BRAMs  : [(3, 6), (12, 7), (10, 1)]
  Constraints → /home/digital-2/workspace/rl_gnn/vanilla_rl/temp_constraints_2c90bd7b.xml
done C3 {'circuit': 'lightweight_cipher', 'seed': 42, 'sample_index': 2} True 3.86
Baked architecture → /home/digital-2/workspace/rl_gnn/vanilla_rl/temp_arch_e41d0101.xml
  Size   : 14x14
  DSPs   : []
  BRAMs  : [(12, 1), (4, 2), (11, 7)]
  Constraints → /home/digital-2/workspace/rl_gnn/vanilla_rl/temp_constraints_e41d0101.xml
done C3 {'circuit': 'lightweight_cipher', 'seed': 42, 'sample_index': 1} True 4.78
Baked architecture → /home/digital-2/workspace/rl_gnn/vanilla_rl/temp_arch_7792a31b.xml
  Size   : 14x14
  DSPs   : []
  BRAMs  : [(10, 5), (5, 3), (7, 7)]
  Constraints → /home/digital-2/workspace/rl_gnn/vanilla_rl/temp_constraints_7792a31b.xml
done C3 {'circuit': 'lightweight_cipher', 'seed': 42, 'sample_index': 4} True 4.84
Baked architecture → /home/digital-2/workspace/rl_gnn/vanilla_rl/temp_arch_c471596a.xml
  Size   : 14x14
  DSPs   : []
  BRAMs  : [(10, 7), (1, 1), (6, 6)]
  Constraints → /home/digital-2/workspace/rl_gnn/vanilla_rl/temp_constraints_c471596a.xml
done C3 {'circuit': 'lightweight_cipher', 'seed': 42, 'sample_index': 3} True 5.98
Baked architecture → /home/digital-2/workspace/rl_gnn/vanilla_rl/temp_arch_7fbaa8ab.xml
  Size   : 14x14
  DSPs   : []
  BRAMs  : [(11, 4), (12, 6), (9, 5)]
  Constraints → /home/digital-2/workspace/rl_gnn/vanilla_rl/temp_constraints_7fbaa8ab.xml
done C3 {'circuit': 'lightweight_cipher', 'seed': 42, 'sample_index': 5} True 8.02
Baked architecture → /home/digital-2/workspace/rl_gnn/vanilla_rl/temp_arch_fe2edb59.xml
  Size   : 14x14
  DSPs   : []
  BRAMs  : [(4, 3), (1, 7), (9, 4)]
  Constraints → /home/digital-2/workspace/rl_gnn/vanilla_rl/temp_constraints_fe2edb59.xml
done C3 {'circuit': 'lightweight_cipher', 'seed': 42, 'sample_index': 6} True 7.8
done C3 {'circuit': 'lightweight_cipher', 'seed': 42, 'sample_index': 7} True 5.56
Baked architecture → /home/digital-2/workspace/rl_gnn/vanilla_rl/temp_arch_a6ff498d.xml
  Size   : 14x14
  DSPs   : []
  BRAMs  : [(10, 3), (5, 6), (8, 4)]
  Constraints → /home/digital-2/workspace/rl_gnn/vanilla_rl/temp_constraints_a6ff498d.xml
Baked architecture → /home/digital-2/workspace/rl_gnn/vanilla_rl/temp_arch_2fd149ca.xml
  Size   : 14x14
  DSPs   : []
  BRAMs  : [(8, 1), (3, 5), (10, 6)]
  Constraints → /home/digital-2/workspace/rl_gnn/vanilla_rl/temp_constraints_2fd149ca.xml
done C3 {'circuit': 'lightweight_cipher', 'seed': 42, 'sample_index': 9} True 5.45
Baked architecture → /home/digital-2/workspace/rl_gnn/vanilla_rl/temp_arch_9812d106.xml
  Size   : 14x14
  DSPs   : []
  BRAMs  : [(5, 5), (6, 5), (2, 2)]
  Constraints → /home/digital-2/workspace/rl_gnn/vanilla_rl/temp_constraints_9812d106.xml
done C3 {'circuit': 'mkDelayWorker32B', 'seed': 123, 'sample_index': 15} True 60.33
Baked architecture → /home/digital-2/workspace/rl_gnn/vanilla_rl/temp_arch_d8370e89.xml
  Size   : 14x14
  DSPs   : []
  BRAMs  : [(1, 7), (6, 6), (3, 3)]
  Constraints → /home/digital-2/workspace/rl_gnn/vanilla_rl/temp_constraints_d8370e89.xml
done C3 {'circuit': 'lightweight_cipher', 'seed': 42, 'sample_index': 10} True 5.11
Baked architecture → /home/digital-2/workspace/rl_gnn/vanilla_rl/temp_arch_088d84f4.xml
  Size   : 14x14
  DSPs   : []
  BRAMs  : [(11, 7), (3, 2), (2, 1)]
  Constraints → /home/digital-2/workspace/rl_gnn/vanilla_rl/temp_constraints_088d84f4.xml
done C3 {'circuit': 'lightweight_cipher', 'seed': 42, 'sample_index': 12} True 4.25
Baked architecture → /home/digital-2/workspace/rl_gnn/vanilla_rl/temp_arch_9201c1ac.xml
  Size   : 14x14
  DSPs   : []
  BRAMs  : [(1, 7), (2, 4), (6, 6)]
  Constraints → /home/digital-2/workspace/rl_gnn/vanilla_rl/temp_constraints_9201c1ac.xml
done C3 {'circuit': 'lightweight_cipher', 'seed': 42, 'sample_index': 14} True 4.68
Baked architecture → /home/digital-2/workspace/rl_gnn/vanilla_rl/temp_arch_2cb19db6.xml
  Size   : 14x14
  DSPs   : []
  BRAMs  : [(11, 7), (1, 7), (5, 7)]
  Constraints → /home/digital-2/workspace/rl_gnn/vanilla_rl/temp_constraints_2cb19db6.xml
done C3 {'circuit': 'lightweight_cipher', 'seed': 42, 'sample_index': 13} True 5.13
Baked architecture → /home/digital-2/workspace/rl_gnn/vanilla_rl/temp_arch_797938d6.xml
  Size   : 14x14
  DSPs   : []
  BRAMs  : [(5, 3), (7, 4), (12, 4)]
  Constraints → /home/digital-2/workspace/rl_gnn/vanilla_rl/temp_constraints_797938d6.xml
done C3 {'circuit': 'lightweight_cipher', 'seed': 42, 'sample_index': 16} True 4.12
Baked architecture → /home/digital-2/workspace/rl_gnn/vanilla_rl/temp_arch_9841a017.xml
  Size   : 14x14
  DSPs   : []
  BRAMs  : [(9, 3), (12, 6), (7, 2)]
  Constraints → /home/digital-2/workspace/rl_gnn/vanilla_rl/temp_constraints_9841a017.xml
done C3 {'circuit': 'lightweight_cipher', 'seed': 42, 'sample_index': 11} True 8.4
Baked architecture → /home/digital-2/workspace/rl_gnn/vanilla_rl/temp_arch_86b5aa91.xml
  Size   : 14x14
  DSPs   : []
  BRAMs  : [(10, 1), (3, 4), (10, 7)]
  Constraints → /home/digital-2/workspace/rl_gnn/vanilla_rl/temp_constraints_86b5aa91.xml
done C3 {'circuit': 'lightweight_cipher', 'seed': 42, 'sample_index': 15} True 5.07
done C3 {'circuit': 'lightweight_cipher', 'seed': 42, 'sample_index': 17} True 4.63
Baked architecture → /home/digital-2/workspace/rl_gnn/vanilla_rl/temp_arch_ca24c15e.xml
  Size   : 14x14
  DSPs   : []
  BRAMs  : [(8, 7), (3, 1), (11, 4)]
  Constraints → /home/digital-2/workspace/rl_gnn/vanilla_rl/temp_constraints_ca24c15e.xml
Baked architecture → /home/digital-2/workspace/rl_gnn/vanilla_rl/temp_arch_53c62a03.xml
  Size   : 14x14
  DSPs   : []
  BRAMs  : [(11, 5), (3, 7), (1, 1)]
  Constraints → /home/digital-2/workspace/rl_gnn/vanilla_rl/temp_constraints_53c62a03.xml
done C3 {'circuit': 'lightweight_cipher', 'seed': 123, 'sample_index': 0} True 3.74
Baked architecture → /home/digital-2/workspace/rl_gnn/vanilla_rl/temp_arch_1c7ab061.xml
  Size   : 14x14
  DSPs   : []
  BRAMs  : [(9, 1), (12, 2), (8, 5)]
  Constraints → /home/digital-2/workspace/rl_gnn/vanilla_rl/temp_constraints_1c7ab061.xml
done C3 {'circuit': 'mkDelayWorker32B', 'seed': 123, 'sample_index': 18} True 63.08
Baked architecture → /home/digital-2/workspace/rl_gnn/vanilla_rl/temp_arch_d47a72ff.xml
  Size   : 14x14
  DSPs   : []
  BRAMs  : [(7, 1), (1, 5), (2, 6)]
  Constraints → /home/digital-2/workspace/rl_gnn/vanilla_rl/temp_constraints_d47a72ff.xml
done C3 {'circuit': 'lightweight_cipher', 'seed': 123, 'sample_index': 1} True 3.83
Baked architecture → /home/digital-2/workspace/rl_gnn/vanilla_rl/temp_arch_51b2a335.xml
  Size   : 14x14
  DSPs   : []
  BRAMs  : [(10, 6), (6, 2), (9, 4)]
  Constraints → /home/digital-2/workspace/rl_gnn/vanilla_rl/temp_constraints_51b2a335.xml
done C3 {'circuit': 'lightweight_cipher', 'seed': 42, 'sample_index': 18} True 6.02
Baked architecture → /home/digital-2/workspace/rl_gnn/vanilla_rl/temp_arch_7e081298.xml
  Size   : 14x14
  DSPs   : []
  BRAMs  : [(10, 7), (5, 5), (12, 3)]
  Constraints → /home/digital-2/workspace/rl_gnn/vanilla_rl/temp_constraints_7e081298.xml
done C3 {'circuit': 'lightweight_cipher', 'seed': 42, 'sample_index': 19} True 5.38
done C3 {'circuit': 'lightweight_cipher', 'seed': 123, 'sample_index': 2} True 4.77
Baked architecture → /home/digital-2/workspace/rl_gnn/vanilla_rl/temp_arch_8c5f12f5.xml
  Size   : 14x14
  DSPs   : []
  BRAMs  : [(6, 4), (1, 5), (12, 7)]
  Constraints → /home/digital-2/workspace/rl_gnn/vanilla_rl/temp_constraints_8c5f12f5.xml
Baked architecture → /home/digital-2/workspace/rl_gnn/vanilla_rl/temp_arch_876f5613.xml
  Size   : 14x14
  DSPs   : []
  BRAMs  : [(6, 1), (5, 3), (1, 7)]
  Constraints → /home/digital-2/workspace/rl_gnn/vanilla_rl/temp_constraints_876f5613.xml
done C3 {'circuit': 'lightweight_cipher', 'seed': 123, 'sample_index': 3} True 5.22
Baked architecture → /home/digital-2/workspace/rl_gnn/vanilla_rl/temp_arch_4ab2d72b.xml
  Size   : 14x14
  DSPs   : []
  BRAMs  : [(5, 2), (11, 5), (4, 2)]
  Constraints → /home/digital-2/workspace/rl_gnn/vanilla_rl/temp_constraints_4ab2d72b.xml
done C3 {'circuit': 'lightweight_cipher', 'seed': 123, 'sample_index': 4} True 5.49
Baked architecture → /home/digital-2/workspace/rl_gnn/vanilla_rl/temp_arch_045d87c7.xml
  Size   : 14x14
  DSPs   : []
  BRAMs  : [(8, 1), (4, 5), (3, 4)]
  Constraints → /home/digital-2/workspace/rl_gnn/vanilla_rl/temp_constraints_045d87c7.xml
done C3 {'circuit': 'lightweight_cipher', 'seed': 123, 'sample_index': 5} True 3.98
Baked architecture → /home/digital-2/workspace/rl_gnn/vanilla_rl/temp_arch_a4318820.xml
  Size   : 14x14
  DSPs   : []
  BRAMs  : [(12, 7), (3, 6), (10, 3)]
  Constraints → /home/digital-2/workspace/rl_gnn/vanilla_rl/temp_constraints_a4318820.xml
done C3 {'circuit': 'lightweight_cipher', 'seed': 42, 'sample_index': 8} True 18.36
Baked architecture → /home/digital-2/workspace/rl_gnn/vanilla_rl/temp_arch_7038f708.xml
  Size   : 14x14
  DSPs   : []
  BRAMs  : [(3, 3), (12, 2), (9, 4)]
  Constraints → /home/digital-2/workspace/rl_gnn/vanilla_rl/temp_constraints_7038f708.xml
done C3 {'circuit': 'lightweight_cipher', 'seed': 123, 'sample_index': 6} True 4.79
done C3 {'circuit': 'lightweight_cipher', 'seed': 123, 'sample_index': 9} True 3.81
Baked architecture → /home/digital-2/workspace/rl_gnn/vanilla_rl/temp_arch_b4b04e61.xml
  Size   : 14x14
  DSPs   : []
  BRAMs  : [(8, 5), (11, 1), (7, 1)]
  Constraints → /home/digital-2/workspace/rl_gnn/vanilla_rl/temp_constraints_b4b04e61.xml
Baked architecture → /home/digital-2/workspace/rl_gnn/vanilla_rl/temp_arch_19c69780.xml
  Size   : 14x14
  DSPs   : []
  BRAMs  : [(7, 1), (6, 6), (9, 4)]
  Constraints → /home/digital-2/workspace/rl_gnn/vanilla_rl/temp_constraints_19c69780.xml
done C3 {'circuit': 'lightweight_cipher', 'seed': 123, 'sample_index': 10} True 4.18
Baked architecture → /home/digital-2/workspace/rl_gnn/vanilla_rl/temp_arch_b918af5b.xml
  Size   : 14x14
  DSPs   : []
  BRAMs  : [(1, 2), (4, 3), (6, 3)]
  Constraints → /home/digital-2/workspace/rl_gnn/vanilla_rl/temp_constraints_b918af5b.xml
done C3 {'circuit': 'lightweight_cipher', 'seed': 123, 'sample_index': 8} True 5.27
Baked architecture → /home/digital-2/workspace/rl_gnn/vanilla_rl/temp_arch_7cf47ec1.xml
  Size   : 14x14
  DSPs   : []
  BRAMs  : [(9, 4), (5, 7), (6, 7)]
  Constraints → /home/digital-2/workspace/rl_gnn/vanilla_rl/temp_constraints_7cf47ec1.xml
done C3 {'circuit': 'lightweight_cipher', 'seed': 123, 'sample_index': 11} True 4.37
Baked architecture → /home/digital-2/workspace/rl_gnn/vanilla_rl/temp_arch_b37c0434.xml
  Size   : 14x14
  DSPs   : []
  BRAMs  : [(2, 5), (12, 1), (6, 3)]
  Constraints → /home/digital-2/workspace/rl_gnn/vanilla_rl/temp_constraints_b37c0434.xml
done C3 {'circuit': 'lightweight_cipher', 'seed': 123, 'sample_index': 7} True 6.57
done C3 {'circuit': 'lightweight_cipher', 'seed': 123, 'sample_index': 13} True 4.4
done C3 {'circuit': 'lightweight_cipher', 'seed': 123, 'sample_index': 14} True 6.24
done C3 {'circuit': 'lightweight_cipher', 'seed': 123, 'sample_index': 12} True 7.76
done C3 {'circuit': 'lightweight_cipher', 'seed': 123, 'sample_index': 17} True 4.84
done C3 {'circuit': 'lightweight_cipher', 'seed': 123, 'sample_index': 16} True 5.31
Baked architecture → /home/digital-2/workspace/rl_gnn/vanilla_rl/temp_arch_3850dd6e.xml
  Size   : 44x44
  DSPs   : []
  BRAMs  : [(41, 36), (23, 19), (38, 1), (15, 14), (10, 20), (5, 15), (31, 29), (1, 6), (18, 13), (4, 1), (34, 35), (7, 20), (42, 13), (40, 9), (19, 10), (11, 6), (38, 32), (22, 24), (40, 29), (37, 18), (14, 27), (8, 24), (9, 18), (38, 12), (14, 33), (24, 17), (7, 27), (28, 35), (37, 29), (39, 20), (36, 29), (24, 2)]
  Constraints → /home/digital-2/workspace/rl_gnn/vanilla_rl/temp_constraints_3850dd6e.xml
done C3 {'circuit': 'lightweight_cipher', 'seed': 123, 'sample_index': 18} True 10.27
done C3 {'circuit': 'lightweight_cipher', 'seed': 123, 'sample_index': 19} True 9.88
done C3 {'circuit': 'lightweight_cipher', 'seed': 123, 'sample_index': 15} True 11.33
done C3 {'circuit': 'mkDelayWorker32B', 'seed': 7, 'sample_index': 12} True 347.25
Baked architecture → /home/digital-2/workspace/rl_gnn/vanilla_rl/temp_arch_15ce4e94.xml
  Size   : 44x44
  DSPs   : []
  BRAMs  : [(8, 32), (25, 18), (32, 11), (8, 24), (33, 37), (38, 23), (42, 4), (42, 27), (4, 35), (16, 36), (6, 32), (10, 2), (36, 1), (21, 17), (40, 31), (26, 25), (1, 18), (31, 21), (33, 2), (3, 31), (34, 37), (23, 1), (20, 10), (40, 3), (24, 20), (20, 31), (22, 20), (7, 34), (23, 32), (26, 16), (10, 28), (11, 24)]
  Constraints → /home/digital-2/workspace/rl_gnn/vanilla_rl/temp_constraints_15ce4e94.xml
done C3 {'circuit': 'mkDelayWorker32B', 'seed': 123, 'sample_index': 19} True 80.98
Baked architecture → /home/digital-2/workspace/rl_gnn/vanilla_rl/temp_arch_e605bd27.xml
  Size   : 44x44
  DSPs   : []
  BRAMs  : [(27, 21), (24, 15), (25, 32), (40, 37), (28, 27), (21, 36), (38, 3), (15, 7), (24, 25), (7, 7), (18, 23), (24, 33), (25, 18), (4, 34), (12, 9), (42, 22), (40, 11), (38, 31), (35, 25), (34, 22), (2, 32), (6, 10), (37, 32), (38, 18), (21, 30), (34, 32), (15, 36), (3, 27), (6, 29), (29, 32), (33, 36), (41, 21)]
  Constraints → /home/digital-2/workspace/rl_gnn/vanilla_rl/temp_constraints_e605bd27.xml
Baked architecture → /home/digital-2/workspace/rl_gnn/vanilla_rl/temp_arch_c13f4767.xml
  Size   : 44x44
  DSPs   : []
  BRAMs  : [(20, 22), (11, 31), (34, 31), (14, 14), (21, 12), (29, 12), (24, 8), (41, 30), (21, 5), (20, 37), (22, 24), (16, 14), (4, 1), (19, 16), (20, 30), (3, 10), (28, 36), (4, 24), (26, 14), (23, 17), (1, 12), (33, 3), (26, 24), (7, 23), (12, 15), (4, 18), (17, 15), (30, 4), (7, 35), (40, 17), (10, 24), (40, 25)]
  Constraints → /home/digital-2/workspace/rl_gnn/vanilla_rl/temp_constraints_c13f4767.xml
done C3 {'circuit': 'mkDelayWorker32B', 'seed': 7, 'sample_index': 15} True 353.23
Baked architecture → /home/digital-2/workspace/rl_gnn/vanilla_rl/temp_arch_90f6c4df.xml
  Size   : 44x44
  DSPs   : []
  BRAMs  : [(20, 26), (37, 26), (2, 20), (40, 12), (18, 12), (38, 35), (29, 25), (35, 8), (14, 15), (3, 34), (3, 4), (34, 12), (1, 7), (35, 14), (25, 5), (11, 34), (10, 4), (4, 23), (5, 34), (26, 20), (28, 18), (21, 15), (28, 8), (18, 34), (25, 19), (30, 4), (14, 31), (17, 20), (27, 5), (15, 34), (7, 34), (30, 23)]
Baked architecture → /home/digital-2/workspace/rl_gnn/vanilla_rl/temp_arch_ceceb3f8.xml
  Size   : 44x44
  DSPs   : []
  BRAMs  : [(24, 31), (32, 15), (11, 6), (8, 17), (39, 19), (42, 2), (22, 33), (3, 15), (9, 12), (12, 18), (3, 5), (37, 21), (11, 15), (13, 15), (23, 18), (7, 33), (23, 2), (2, 14), (27, 37), (26, 24), (8, 25), (33, 15), (9, 18), (13, 22), (17, 16), (32, 29), (10, 1), (1, 5), (24, 37), (11, 31), (22, 19), (31, 12)]
  Constraints → /home/digital-2/workspace/rl_gnn/vanilla_rl/temp_constraints_ceceb3f8.xml
  Constraints → /home/digital-2/workspace/rl_gnn/vanilla_rl/temp_constraints_90f6c4df.xml
Baked architecture → /home/digital-2/workspace/rl_gnn/vanilla_rl/temp_arch_e1d7c8d4.xml
  Size   : 44x44
  DSPs   : []
  BRAMs  : [(10, 17), (37, 12), (30, 1), (20, 14), (16, 34), (39, 30), (6, 20), (24, 37), (25, 10), (26, 15), (35, 11), (3, 30), (39, 10), (41, 8), (31, 23), (1, 6), (6, 3), (15, 11), (7, 6), (29, 18), (36, 5), (19, 32), (3, 3), (5, 18), (30, 23), (37, 30), (5, 37), (13, 33), (42, 33), (12, 5), (27, 10), (14, 15)]
  Constraints → /home/digital-2/workspace/rl_gnn/vanilla_rl/temp_constraints_e1d7c8d4.xml
Baked architecture → /home/digital-2/workspace/rl_gnn/vanilla_rl/temp_arch_51757eec.xml
  Size   : 44x44
  DSPs   : []
  BRAMs  : [(35, 15), (38, 3), (10, 29), (24, 32), (19, 1), (38, 23), (5, 23), (36, 35), (36, 8), (30, 33), (16, 13), (23, 34), (6, 22), (27, 27), (25, 29), (11, 29), (33, 29), (11, 18), (9, 17), (8, 20), (37, 21), (22, 12), (13, 20), (37, 29), (23, 21), (4, 18), (27, 8), (3, 21), (14, 2), (23, 4), (1, 15), (3, 11)]
  Constraints → /home/digital-2/workspace/rl_gnn/vanilla_rl/temp_constraints_51757eec.xml
Baked architecture → /home/digital-2/workspace/rl_gnn/vanilla_rl/temp_arch_13d0064b.xml
  Size   : 44x44
  DSPs   : []
  BRAMs  : [(37, 14), (21, 3), (11, 34), (30, 22), (39, 37), (4, 25), (9, 6), (35, 4), (6, 9), (15, 30), (8, 17), (5, 13), (25, 4), (5, 26), (3, 17), (7, 7), (23, 31), (7, 21), (24, 27), (6, 3), (28, 22), (31, 29), (34, 28), (39, 23), (29, 6), (42, 9), (21, 36), (34, 16), (29, 36), (14, 37), (20, 18), (13, 22)]
  Constraints → /home/digital-2/workspace/rl_gnn/vanilla_rl/temp_constraints_13d0064b.xml
Baked architecture → /home/digital-2/workspace/rl_gnn/vanilla_rl/temp_arch_774cc90b.xml
  Size   : 44x44
  DSPs   : []
  BRAMs  : [(6, 12), (15, 10), (42, 37), (23, 4), (27, 30), (36, 28), (23, 29), (21, 27), (35, 8), (25, 20), (9, 26), (36, 2), (18, 34), (38, 30), (26, 10), (31, 12), (16, 19), (39, 22), (10, 1), (39, 8), (32, 17), (34, 4), (24, 14), (24, 20), (35, 34), (5, 17), (15, 32), (8, 37), (4, 33), (30, 12), (11, 17), (13, 24)]
  Constraints → /home/digital-2/workspace/rl_gnn/vanilla_rl/temp_constraints_774cc90b.xml
Baked architecture → /home/digital-2/workspace/rl_gnn/vanilla_rl/temp_arch_dfb89842.xml
  Size   : 44x44
  DSPs   : []
  BRAMs  : [(4, 33), (6, 32), (41, 18), (30, 28), (31, 12), (8, 15), (29, 6), (31, 5), (3, 15), (37, 7), (30, 19), (16, 5), (23, 7), (14, 5), (2, 14), (40, 27), (34, 18), (19, 5), (11, 11), (16, 19), (22, 18), (35, 12), (39, 31), (33, 27), (9, 12), (31, 31), (35, 27), (41, 31), (32, 4), (18, 22), (27, 29), (11, 17)]
  Constraints → /home/digital-2/workspace/rl_gnn/vanilla_rl/temp_constraints_dfb89842.xml
Baked architecture → /home/digital-2/workspace/rl_gnn/vanilla_rl/temp_arch_1f091842.xml
  Size   : 44x44
  DSPs   : []
  BRAMs  : [(40, 30), (6, 29), (18, 3), (37, 17), (2, 29), (42, 9), (7, 17), (14, 12), (28, 33), (25, 1), (39, 6), (34, 34), (19, 22), (14, 20), (8, 23), (7, 10), (4, 37), (8, 32), (25, 22), (20, 33), (39, 25), (3, 29), (2, 20), (26, 26), (7, 3), (29, 28), (21, 13), (22, 27), (22, 16), (22, 3), (35, 16), (1, 14)]
  Constraints → /home/digital-2/workspace/rl_gnn/vanilla_rl/temp_constraints_1f091842.xml
done C3 {'circuit': 'mkDelayWorker32B', 'seed': 123, 'sample_index': 11} True 141.6
Baked architecture → /home/digital-2/workspace/rl_gnn/vanilla_rl/temp_arch_fe4904ae.xml
  Size   : 44x44
  DSPs   : []
  BRAMs  : [(40, 4), (32, 7), (27, 30), (7, 15), (30, 20), (26, 19), (26, 5), (1, 3), (35, 31), (25, 24), (9, 12), (24, 4), (9, 25), (37, 37), (4, 29), (10, 19), (20, 27), (36, 27), (34, 9), (39, 32), (1, 26), (28, 19), (19, 25), (17, 7), (14, 12), (11, 25), (6, 19), (16, 10), (7, 1), (16, 22), (25, 8), (13, 3)]
  Constraints → /home/digital-2/workspace/rl_gnn/vanilla_rl/temp_constraints_fe4904ae.xml
done C3 {'circuit': 'mkDelayWorker32B', 'seed': 123, 'sample_index': 17} True 122.74
Baked architecture → /home/digital-2/workspace/rl_gnn/vanilla_rl/temp_arch_c3ee7a6e.xml
  Size   : 44x44
  DSPs   : []
  BRAMs  : [(2, 32), (33, 18), (41, 6), (37, 12), (25, 20), (9, 26), (29, 27), (41, 15), (19, 27), (34, 14), (7, 25), (42, 22), (28, 1), (20, 18), (24, 25), (15, 2), (8, 18), (26, 36), (41, 24), (13, 8), (33, 7), (32, 27), (23, 18), (4, 9), (28, 7), (14, 14), (10, 7), (8, 34), (13, 15), (38, 34), (39, 15), (17, 8)]
  Constraints → /home/digital-2/workspace/rl_gnn/vanilla_rl/temp_constraints_c3ee7a6e.xml
done C3 {'circuit': 'mkDelayWorker32B', 'seed': 123, 'sample_index': 10} True 259.32
Baked architecture → /home/digital-2/workspace/rl_gnn/vanilla_rl/temp_arch_1e330d89.xml
  Size   : 44x44
  DSPs   : []
  BRAMs  : [(28, 35), (2, 15), (16, 27), (17, 5), (10, 8), (28, 27), (8, 8), (37, 12), (33, 28), (41, 7), (14, 32), (8, 36), (33, 11), (20, 19), (9, 33), (35, 28), (9, 22), (32, 32), (36, 12), (24, 19), (20, 28), (16, 5), (41, 36), (9, 1), (7, 35), (38, 9), (18, 5), (11, 7), (13, 20), (31, 9), (38, 33), (29, 16)]
  Constraints → /home/digital-2/workspace/rl_gnn/vanilla_rl/temp_constraints_1e330d89.xml
done C3 {'circuit': 'mkDelayWorker32B', 'seed': 123, 'sample_index': 5} True 289.02
Baked architecture → /home/digital-2/workspace/rl_gnn/vanilla_rl/temp_arch_00028401.xml
  Size   : 44x44
  DSPs   : []
  BRAMs  : [(33, 1), (22, 1), (1, 17), (20, 6), (34, 13), (41, 6), (9, 4), (26, 7), (32, 24), (35, 9), (9, 16), (6, 9), (21, 29), (24, 31), (8, 9), (17, 20), (22, 30), (16, 31), (18, 12), (2, 36), (23, 18), (38, 11), (26, 32), (37, 13), (10, 4), (33, 16), (12, 1), (16, 10), (2, 3), (28, 26), (36, 28), (4, 14)]
  Constraints → /home/digital-2/workspace/rl_gnn/vanilla_rl/temp_constraints_00028401.xml
done C3 {'circuit': 'reduction_layer', 'seed': 7, 'sample_index': 12} True 159.33
Baked architecture → /home/digital-2/workspace/rl_gnn/vanilla_rl/temp_arch_c06c7840.xml
  Size   : 44x44
  DSPs   : []
  BRAMs  : [(8, 6), (30, 22), (39, 33), (40, 19), (32, 36), (25, 25), (9, 32), (37, 28), (34, 28), (1, 6), (19, 5), (39, 17), (23, 17), (22, 9), (18, 4), (28, 1), (24, 15), (7, 8), (17, 8), (1, 17), (14, 17), (2, 34), (19, 28), (6, 33), (15, 5), (13, 18), (8, 30), (31, 16), (29, 37), (14, 28), (20, 15), (27, 18)]
  Constraints → /home/digital-2/workspace/rl_gnn/vanilla_rl/temp_constraints_c06c7840.xml
done C3 {'circuit': 'reduction_layer', 'seed': 7, 'sample_index': 11} True 174.17
Baked architecture → /home/digital-2/workspace/rl_gnn/vanilla_rl/temp_arch_9d29b2dd.xml
  Size   : 44x44
  DSPs   : []
  BRAMs  : [(27, 31), (3, 26), (19, 29), (3, 5), (15, 35), (35, 37), (4, 25), (22, 32), (15, 24), (27, 19), (16, 6), (1, 16), (24, 9), (41, 32), (11, 5), (39, 30), (40, 30), (9, 21), (17, 34), (33, 32), (26, 2), (26, 11), (31, 21), (38, 21), (33, 26), (32, 16), (4, 4), (6, 8), (41, 12), (34, 6), (36, 16), (19, 7)]
  Constraints → /home/digital-2/workspace/rl_gnn/vanilla_rl/temp_constraints_9d29b2dd.xml
done C3 {'circuit': 'reduction_layer', 'seed': 7, 'sample_index': 1} True 212.47
Baked architecture → /home/digital-2/workspace/rl_gnn/vanilla_rl/temp_arch_232a2ed4.xml
  Size   : 44x44
  DSPs   : []
  BRAMs  : [(33, 10), (4, 15), (14, 7), (22, 34), (15, 20), (37, 11), (32, 12), (15, 14), (2, 13), (20, 14), (1, 4), (11, 33), (42, 19), (36, 30), (6, 34), (17, 26), (8, 13), (23, 2), (23, 20), (17, 9), (36, 37), (16, 15), (4, 28), (39, 26), (38, 18), (24, 6), (8, 29), (26, 10), (40, 15), (18, 21), (27, 19), (40, 25)]
  Constraints → /home/digital-2/workspace/rl_gnn/vanilla_rl/temp_constraints_232a2ed4.xml
done C3 {'circuit': 'reduction_layer', 'seed': 7, 'sample_index': 10} True 233.12
Baked architecture → /home/digital-2/workspace/rl_gnn/vanilla_rl/temp_arch_6084b90a.xml
  Size   : 44x44
  DSPs   : []
  BRAMs  : [(1, 17), (7, 15), (17, 20), (10, 36), (17, 31), (3, 30), (42, 9), (10, 5), (11, 13), (8, 1), (29, 23), (30, 9), (35, 35), (3, 8), (23, 34), (16, 35), (6, 18), (8, 8), (20, 21), (37, 22), (5, 29), (39, 12), (27, 10), (41, 5), (24, 19), (42, 22), (32, 25), (5, 16), (41, 35), (18, 25), (13, 11), (33, 5)]
  Constraints → /home/digital-2/workspace/rl_gnn/vanilla_rl/temp_constraints_6084b90a.xml
done C3 {'circuit': 'reduction_layer', 'seed': 7, 'sample_index': 8} True 247.62
done C3 {'circuit': 'reduction_layer', 'seed': 7, 'sample_index': 0} True 269.78
Baked architecture → /home/digital-2/workspace/rl_gnn/vanilla_rl/temp_arch_1f79b469.xml
  Size   : 44x44
  DSPs   : []
  BRAMs  : [(10, 8), (28, 26), (24, 13), (23, 26), (37, 11), (31, 17), (25, 36), (30, 34), (36, 20), (26, 12), (19, 30), (6, 8), (17, 34), (3, 23), (27, 7), (42, 2), (14, 28), (39, 37), (40, 24), (38, 28), (26, 35), (29, 28), (6, 21), (33, 17), (31, 11), (30, 24), (35, 27), (36, 36), (18, 21), (9, 29), (35, 12), (36, 12)]
  Constraints → /home/digital-2/workspace/rl_gnn/vanilla_rl/temp_constraints_1f79b469.xml
Baked architecture → /home/digital-2/workspace/rl_gnn/vanilla_rl/temp_arch_c482b001.xml
  Size   : 44x44
  DSPs   : []
  BRAMs  : [(22, 26), (26, 15), (29, 4), (32, 29), (31, 29), (38, 21), (10, 10), (26, 3), (41, 21), (37, 25), (42, 28), (9, 4), (25, 4), (4, 1), (20, 23), (8, 29), (10, 37), (9, 10), (2, 21), (13, 30), (6, 31), (42, 35), (14, 36), (26, 27), (12, 32), (2, 27), (39, 23), (14, 30), (7, 1), (9, 26), (34, 2), (20, 12)]
  Constraints → /home/digital-2/workspace/rl_gnn/vanilla_rl/temp_constraints_c482b001.xml
done C3 {'circuit': 'reduction_layer', 'seed': 7, 'sample_index': 13} True 225.2
Baked architecture → /home/digital-2/workspace/rl_gnn/vanilla_rl/temp_arch_f65f5864.xml
  Size   : 44x44
  DSPs   : []
  BRAMs  : [(12, 37), (11, 4), (31, 13), (42, 22), (4, 5), (17, 12), (34, 3), (5, 37), (9, 22), (41, 19), (31, 20), (7, 6), (36, 16), (15, 30), (23, 10), (41, 28), (1, 19), (40, 6), (29, 19), (25, 13), (6, 19), (38, 30), (34, 14), (30, 10), (33, 14), (2, 18), (24, 24), (28, 25), (39, 28), (8, 29), (28, 10), (19, 35)]
  Constraints → /home/digital-2/workspace/rl_gnn/vanilla_rl/temp_constraints_f65f5864.xml
done C3 {'circuit': 'reduction_layer', 'seed': 7, 'sample_index': 9} True 272.56
Baked architecture → /home/digital-2/workspace/rl_gnn/vanilla_rl/temp_arch_493f7560.xml
  Size   : 44x44
  DSPs   : []
  BRAMs  : [(7, 37), (17, 7), (5, 23), (14, 32), (6, 24), (10, 17), (9, 13), (40, 19), (26, 26), (33, 2), (18, 34), (2, 20), (39, 32), (19, 37), (41, 36), (15, 10), (29, 14), (15, 32), (5, 16), (23, 17), (42, 21), (30, 25), (9, 27), (11, 35), (41, 23), (37, 37), (35, 9), (29, 36), (37, 19), (18, 17), (34, 25), (21, 7)]
  Constraints → /home/digital-2/workspace/rl_gnn/vanilla_rl/temp_constraints_493f7560.xml
done C3 {'circuit': 'reduction_layer', 'seed': 7, 'sample_index': 3} True 331.79
done C3 {'circuit': 'reduction_layer', 'seed': 7, 'sample_index': 14} True 201.31
Baked architecture → /home/digital-2/workspace/rl_gnn/vanilla_rl/temp_arch_ca4bd716.xml
  Size   : 44x44
  DSPs   : []
  BRAMs  : [(6, 15), (14, 22), (31, 19), (8, 8), (3, 21), (17, 11), (39, 18), (25, 28), (19, 19), (20, 5), (32, 6), (3, 11), (18, 16), (10, 34), (34, 8), (10, 3), (16, 5), (23, 4), (31, 5), (10, 14), (2, 3), (33, 13), (4, 28), (40, 15), (41, 13), (7, 20), (26, 36), (20, 28), (27, 20), (28, 29), (2, 28), (15, 20)]
  Constraints → /home/digital-2/workspace/rl_gnn/vanilla_rl/temp_constraints_ca4bd716.xml
Baked architecture → /home/digital-2/workspace/rl_gnn/vanilla_rl/temp_arch_b50b8a0a.xml
  Size   : 44x44
  DSPs   : []
  BRAMs  : [(2, 22), (29, 31), (16, 13), (35, 20), (36, 21), (42, 22), (24, 12), (11, 5), (21, 2), (26, 30), (40, 19), (17, 32), (6, 4), (31, 10), (33, 13), (38, 16), (41, 27), (23, 16), (5, 32), (23, 7), (39, 28), (9, 20), (35, 4), (31, 23), (28, 5), (21, 15), (27, 21), (1, 2), (24, 2), (17, 21), (26, 22), (8, 29)]
  Constraints → /home/digital-2/workspace/rl_gnn/vanilla_rl/temp_constraints_b50b8a0a.xml
done C3 {'circuit': 'reduction_layer', 'seed': 7, 'sample_index': 15} True 200.61
Baked architecture → /home/digital-2/workspace/rl_gnn/vanilla_rl/temp_arch_17d9832c.xml
  Size   : 44x44
  DSPs   : []
  BRAMs  : [(28, 33), (14, 33), (18, 10), (2, 8), (21, 20), (9, 11), (39, 33), (11, 12), (14, 11), (2, 33), (41, 17), (28, 4), (5, 24), (34, 7), (2, 22), (40, 28), (16, 36), (8, 2), (7, 37), (4, 34), (8, 24), (26, 23), (22, 29), (35, 34), (32, 37), (15, 6), (16, 5), (27, 25), (20, 17), (39, 8), (9, 31), (14, 22)]
  Constraints → /home/digital-2/workspace/rl_gnn/vanilla_rl/temp_constraints_17d9832c.xml
done C3 {'circuit': 'reduction_layer', 'seed': 7, 'sample_index': 4} True 377.04
Baked architecture → /home/digital-2/workspace/rl_gnn/vanilla_rl/temp_arch_e1b952ad.xml
  Size   : 44x44
  DSPs   : []
  BRAMs  : [(26, 16), (2, 6), (9, 9), (38, 7), (30, 25), (18, 15), (23, 29), (3, 21), (23, 22), (3, 12), (10, 18), (24, 33), (6, 21), (42, 6), (28, 9), (34, 22), (39, 34), (13, 24), (27, 5), (33, 23), (20, 21), (20, 35), (25, 33), (41, 26), (35, 5), (21, 17), (25, 4), (39, 6), (30, 19), (12, 9), (28, 19), (34, 7)]
  Constraints → /home/digital-2/workspace/rl_gnn/vanilla_rl/temp_constraints_e1b952ad.xml
done C3 {'circuit': 'reduction_layer', 'seed': 7, 'sample_index': 6} True 377.55
Baked architecture → /home/digital-2/workspace/rl_gnn/vanilla_rl/temp_arch_1836612e.xml
  Size   : 44x44
  DSPs   : []
  BRAMs  : [(26, 33), (37, 20), (4, 16), (39, 5), (19, 31), (26, 21), (19, 16), (11, 20), (23, 20), (3, 19), (13, 3), (41, 23), (14, 32), (35, 15), (35, 35), (17, 16), (11, 35), (41, 36), (4, 3), (15, 16), (6, 37), (18, 36), (15, 36), (25, 12), (11, 4), (20, 12), (12, 8), (28, 29), (37, 6), (20, 24), (42, 4), (17, 36)]
  Constraints → /home/digital-2/workspace/rl_gnn/vanilla_rl/temp_constraints_1836612e.xml
done C3 {'circuit': 'reduction_layer', 'seed': 7, 'sample_index': 7} True 427.15
Baked architecture → /home/digital-2/workspace/rl_gnn/vanilla_rl/temp_arch_5ae501d2.xml
  Size   : 44x44
  DSPs   : []
  BRAMs  : [(29, 8), (40, 18), (25, 14), (20, 21), (27, 6), (16, 21), (2, 11), (32, 15), (38, 33), (37, 7), (24, 6), (33, 1), (4, 3), (11, 16), (38, 22), (39, 16), (23, 30), (11, 10), (30, 30), (31, 30), (31, 15), (4, 17), (22, 33), (29, 22), (18, 27), (42, 10), (20, 31), (7, 34), (30, 12), (5, 16), (10, 8), (35, 12)]
  Constraints → /home/digital-2/workspace/rl_gnn/vanilla_rl/temp_constraints_5ae501d2.xml
done C3 {'circuit': 'reduction_layer', 'seed': 7, 'sample_index': 2} True 439.17
Baked architecture → /home/digital-2/workspace/rl_gnn/vanilla_rl/temp_arch_651d1665.xml
  Size   : 44x44
  DSPs   : []
  BRAMs  : [(21, 29), (18, 6), (41, 5), (40, 34), (9, 10), (18, 27), (16, 23), (15, 18), (8, 8), (17, 15), (22, 8), (1, 28), (30, 31), (27, 9), (35, 25), (5, 30), (12, 21), (17, 32), (34, 16), (37, 11), (23, 31), (11, 26), (11, 10), (3, 35), (10, 35), (10, 11), (37, 27), (29, 8), (24, 23), (7, 27), (28, 12), (16, 6)]
  Constraints → /home/digital-2/workspace/rl_gnn/vanilla_rl/temp_constraints_651d1665.xml
done C3 {'circuit': 'reduction_layer', 'seed': 42, 'sample_index': 0} True 198.93
Baked architecture → /home/digital-2/workspace/rl_gnn/vanilla_rl/temp_arch_fddb284d.xml
  Size   : 44x44
  DSPs   : []
  BRAMs  : [(20, 25), (14, 15), (16, 22), (25, 18), (42, 33), (4, 4), (36, 15), (1, 1), (12, 34), (31, 35), (22, 9), (16, 35), (33, 16), (6, 15), (22, 19), (32, 1), (13, 13), (3, 32), (16, 29), (29, 18), (8, 21), (35, 25), (19, 27), (9, 7), (1, 23), (27, 18), (34, 7), (15, 6), (20, 17), (37, 30), (20, 32), (19, 34)]
  Constraints → /home/digital-2/workspace/rl_gnn/vanilla_rl/temp_constraints_fddb284d.xml
done C3 {'circuit': 'reduction_layer', 'seed': 7, 'sample_index': 5} True 459.1
Baked architecture → /home/digital-2/workspace/rl_gnn/vanilla_rl/temp_arch_7d9b9421.xml
  Size   : 44x44
  DSPs   : []
  BRAMs  : [(26, 35), (20, 7), (24, 3), (27, 31), (23, 13), (37, 1), (3, 18), (11, 36), (2, 3), (29, 8), (14, 24), (24, 16), (4, 31), (27, 11), (9, 37), (28, 4), (42, 16), (21, 25), (13, 30), (1, 16), (1, 27), (36, 1), (14, 14), (31, 20), (5, 24), (39, 34), (40, 20), (20, 33), (19, 22), (25, 24), (8, 19), (17, 13)]
  Constraints → /home/digital-2/workspace/rl_gnn/vanilla_rl/temp_constraints_7d9b9421.xml
done C3 {'circuit': 'reduction_layer', 'seed': 7, 'sample_index': 19} True 259.76
Baked architecture → /home/digital-2/workspace/rl_gnn/vanilla_rl/temp_arch_fde19202.xml
  Size   : 44x44
  DSPs   : []
  BRAMs  : [(24, 3), (29, 3), (27, 20), (40, 34), (31, 5), (15, 18), (16, 33), (1, 21), (35, 32), (3, 9), (33, 33), (39, 10), (37, 35), (32, 31), (8, 11), (38, 9), (14, 34), (21, 10), (34, 14), (1, 27), (3, 29), (7, 32), (13, 33), (21, 21), (6, 17), (19, 9), (11, 2), (12, 2), (40, 1), (36, 25), (13, 26), (27, 2)]
  Constraints → /home/digital-2/workspace/rl_gnn/vanilla_rl/temp_constraints_fde19202.xml
done C3 {'circuit': 'reduction_layer', 'seed': 7, 'sample_index': 17} True 373.39
Baked architecture → /home/digital-2/workspace/rl_gnn/vanilla_rl/temp_arch_2116464d.xml
  Size   : 44x44
  DSPs   : []
  BRAMs  : [(39, 6), (9, 1), (28, 29), (4, 4), (7, 23), (29, 25), (29, 36), (7, 29), (40, 12), (40, 23), (17, 35), (12, 8), (23, 31), (26, 16), (5, 3), (11, 6), (24, 18), (42, 19), (33, 18), (11, 30), (20, 15), (2, 6), (34, 16), (30, 13), (24, 33), (10, 36), (20, 1), (1, 35), (32, 32), (35, 4), (32, 16), (18, 35)]
  Constraints → /home/digital-2/workspace/rl_gnn/vanilla_rl/temp_constraints_2116464d.xml
done C3 {'circuit': 'reduction_layer', 'seed': 42, 'sample_index': 9} True 159.37
done C3 {'circuit': 'reduction_layer', 'seed': 42, 'sample_index': 5} True 255.84
Baked architecture → /home/digital-2/workspace/rl_gnn/vanilla_rl/temp_arch_5595aba3.xml
  Size   : 44x44
  DSPs   : []
  BRAMs  : [(19, 9), (6, 31), (35, 26), (28, 17), (33, 10), (1, 2), (8, 36), (26, 15), (20, 5), (1, 30), (29, 20), (10, 6), (23, 36), (37, 24), (31, 19), (42, 13), (34, 12), (21, 22), (32, 16), (17, 21), (9, 14), (30, 26), (4, 7), (3, 13), (4, 19), (25, 25), (20, 21), (36, 31), (26, 31), (30, 17), (35, 17), (14, 36)]
  Constraints → /home/digital-2/workspace/rl_gnn/vanilla_rl/temp_constraints_5595aba3.xml
Baked architecture → /home/digital-2/workspace/rl_gnn/vanilla_rl/temp_arch_b8532d51.xml
  Size   : 44x44
  DSPs   : []
  BRAMs  : [(7, 28), (20, 29), (13, 35), (18, 15), (21, 4), (38, 19), (9, 19), (37, 37), (10, 9), (28, 34), (25, 32), (30, 1), (35, 35), (32, 3), (15, 2), (16, 20), (18, 27), (1, 30), (21, 11), (16, 31), (17, 13), (42, 20), (3, 33), (35, 22), (7, 22), (19, 7), (24, 35), (5, 37), (25, 6), (42, 6), (27, 32), (5, 19)]
  Constraints → /home/digital-2/workspace/rl_gnn/vanilla_rl/temp_constraints_b8532d51.xml
done C3 {'circuit': 'reduction_layer', 'seed': 42, 'sample_index': 3} True 329.81
Baked architecture → /home/digital-2/workspace/rl_gnn/vanilla_rl/temp_arch_6f92554c.xml
  Size   : 44x44
  DSPs   : []
  BRAMs  : [(30, 28), (8, 29), (2, 6), (16, 24), (9, 34), (13, 14), (6, 16), (42, 8), (27, 2), (3, 4), (7, 3), (9, 23), (8, 5), (4, 23), (22, 7), (11, 16), (34, 5), (34, 14), (10, 10), (17, 24), (26, 25), (18, 19), (22, 17), (33, 2), (39, 28), (34, 33), (16, 36), (25, 5), (19, 29), (4, 9), (23, 31), (13, 20)]
  Constraints → /home/digital-2/workspace/rl_gnn/vanilla_rl/temp_constraints_6f92554c.xml
done C3 {'circuit': 'reduction_layer', 'seed': 7, 'sample_index': 18} True 411.24
Baked architecture → /home/digital-2/workspace/rl_gnn/vanilla_rl/temp_arch_2a83d137.xml
  Size   : 44x44
  DSPs   : []
  BRAMs  : [(22, 24), (29, 2), (35, 17), (28, 29), (41, 23), (37, 1), (33, 16), (29, 11), (18, 10), (24, 30), (35, 9), (23, 15), (42, 22), (11, 16), (3, 31), (40, 19), (7, 7), (20, 36), (42, 2), (17, 1), (41, 29), (33, 7), (28, 16), (15, 29), (17, 27), (2, 37), (20, 19), (31, 32), (8, 13), (32, 27), (36, 21), (39, 20)]
  Constraints → /home/digital-2/workspace/rl_gnn/vanilla_rl/temp_constraints_2a83d137.xml
done C3 {'circuit': 'reduction_layer', 'seed': 42, 'sample_index': 7} True 255.36
Baked architecture → /home/digital-2/workspace/rl_gnn/vanilla_rl/temp_arch_020bbb93.xml
  Size   : 44x44
  DSPs   : []
  BRAMs  : [(29, 2), (12, 8), (19, 36), (26, 4), (17, 31), (36, 13), (23, 12), (24, 12), (11, 6), (10, 11), (2, 16), (40, 11), (17, 21), (37, 31), (11, 18), (19, 8), (28, 1), (27, 36), (42, 8), (9, 33), (6, 35), (30, 9), (18, 7), (18, 15), (33, 16), (39, 28), (19, 15), (42, 34), (39, 21), (30, 24), (24, 24), (38, 20)]
  Constraints → /home/digital-2/workspace/rl_gnn/vanilla_rl/temp_constraints_020bbb93.xml
done C3 {'circuit': 'reduction_layer', 'seed': 7, 'sample_index': 16} True 467.34
Baked architecture → /home/digital-2/workspace/rl_gnn/vanilla_rl/temp_arch_86074c98.xml
  Size   : 44x44
  DSPs   : []
  BRAMs  : [(18, 24), (39, 24), (8, 32), (16, 15), (18, 18), (30, 28), (31, 20), (35, 37), (37, 13), (36, 17), (7, 11), (2, 35), (40, 3), (14, 27), (34, 16), (35, 20), (12, 36), (10, 27), (14, 17), (38, 5), (13, 1), (30, 8), (3, 31), (29, 29), (6, 18), (36, 3), (17, 35), (26, 32), (15, 31), (21, 13), (30, 16), (9, 14)]
  Constraints → /home/digital-2/workspace/rl_gnn/vanilla_rl/temp_constraints_86074c98.xml
done C3 {'circuit': 'reduction_layer', 'seed': 42, 'sample_index': 6} True 299.75
Baked architecture → /home/digital-2/workspace/rl_gnn/vanilla_rl/temp_arch_2d8c5cf1.xml
  Size   : 44x44
  DSPs   : []
  BRAMs  : [(21, 27), (19, 1), (14, 29), (42, 12), (5, 10), (35, 14), (6, 35), (30, 37), (13, 12), (16, 35), (34, 7), (1, 18), (13, 26), (10, 31), (31, 6), (24, 28), (4, 36), (10, 13), (27, 26), (12, 17), (15, 10), (21, 9), (7, 5), (38, 32), (38, 5), (27, 13), (17, 26), (4, 5), (14, 12), (39, 11), (32, 11), (39, 20)]
  Constraints → /home/digital-2/workspace/rl_gnn/vanilla_rl/temp_constraints_2d8c5cf1.xml
done C3 {'circuit': 'reduction_layer', 'seed': 42, 'sample_index': 8} True 305.86
Baked architecture → /home/digital-2/workspace/rl_gnn/vanilla_rl/temp_arch_e35e5286.xml
  Size   : 44x44
  DSPs   : []
  BRAMs  : [(3, 9), (32, 19), (11, 37), (32, 1), (15, 35), (16, 12), (38, 10), (31, 33), (29, 34), (28, 16), (11, 29), (22, 26), (20, 32), (6, 16), (28, 25), (38, 3), (27, 5), (31, 11), (30, 31), (35, 30), (23, 35), (12, 10), (37, 17), (39, 31), (18, 16), (24, 36), (39, 18), (21, 35), (6, 35), (7, 22), (25, 25), (20, 9)]
  Constraints → /home/digital-2/workspace/rl_gnn/vanilla_rl/temp_constraints_e35e5286.xml
done C3 {'circuit': 'reduction_layer', 'seed': 42, 'sample_index': 10} True 250.21
Baked architecture → /home/digital-2/workspace/rl_gnn/vanilla_rl/temp_arch_512900a8.xml
  Size   : 44x44
  DSPs   : []
  BRAMs  : [(24, 15), (35, 29), (20, 8), (7, 30), (16, 27), (36, 9), (26, 32), (17, 11), (1, 13), (27, 24), (31, 24), (10, 15), (24, 31), (37, 23), (9, 11), (3, 30), (3, 18), (14, 18), (25, 28), (19, 26), (7, 37), (42, 7), (14, 24), (4, 19), (40, 11), (41, 13), (29, 5), (20, 17), (12, 19), (5, 20), (14, 4), (11, 3)]
  Constraints → /home/digital-2/workspace/rl_gnn/vanilla_rl/temp_constraints_512900a8.xml
done C3 {'circuit': 'reduction_layer', 'seed': 42, 'sample_index': 13} True 204.62
Baked architecture → /home/digital-2/workspace/rl_gnn/vanilla_rl/temp_arch_48d323b1.xml
  Size   : 44x44
  DSPs   : []
  BRAMs  : [(8, 18), (10, 36), (16, 36), (37, 1), (19, 18), (23, 24), (39, 15), (20, 16), (8, 7), (37, 19), (19, 8), (6, 2), (33, 14), (1, 17), (13, 14), (10, 17), (27, 37), (7, 2), (3, 33), (33, 27), (5, 36), (12, 1), (9, 12), (15, 27), (6, 28), (32, 29), (23, 33), (37, 26), (16, 25), (27, 6), (17, 1), (36, 7)]
  Constraints → /home/digital-2/workspace/rl_gnn/vanilla_rl/temp_constraints_48d323b1.xml
done C3 {'circuit': 'reduction_layer', 'seed': 42, 'sample_index': 1} True 457.48
Baked architecture → /home/digital-2/workspace/rl_gnn/vanilla_rl/temp_arch_5f162869.xml
  Size   : 44x44
  DSPs   : []
  BRAMs  : [(37, 32), (23, 16), (14, 7), (35, 26), (31, 24), (7, 1), (1, 19), (36, 24), (38, 19), (9, 14), (7, 21), (8, 29), (8, 21), (34, 37), (3, 20), (4, 25), (35, 20), (25, 24), (1, 28), (12, 35), (9, 4), (8, 13), (11, 23), (41, 14), (5, 24), (3, 33), (2, 35), (1, 11), (26, 33), (31, 3), (38, 6), (22, 30)]
  Constraints → /home/digital-2/workspace/rl_gnn/vanilla_rl/temp_constraints_5f162869.xml
done C3 {'circuit': 'reduction_layer', 'seed': 42, 'sample_index': 14} True 161.85
Baked architecture → /home/digital-2/workspace/rl_gnn/vanilla_rl/temp_arch_41f9f592.xml
  Size   : 44x44
  DSPs   : []
  BRAMs  : [(7, 4), (42, 33), (3, 10), (13, 1), (3, 33), (21, 26), (29, 26), (36, 23), (31, 8), (42, 3), (30, 36), (41, 29), (33, 1), (19, 36), (13, 13), (29, 11), (16, 7), (24, 23), (35, 23), (28, 21), (32, 2), (34, 32), (39, 26), (23, 27), (35, 34), (28, 1), (17, 10), (30, 1), (28, 31), (38, 12), (24, 5), (5, 1)]
  Constraints → /home/digital-2/workspace/rl_gnn/vanilla_rl/temp_constraints_41f9f592.xml
done C3 {'circuit': 'reduction_layer', 'seed': 42, 'sample_index': 12} True 282.31
Baked architecture → /home/digital-2/workspace/rl_gnn/vanilla_rl/temp_arch_c201feec.xml
  Size   : 44x44
  DSPs   : []
  BRAMs  : [(38, 23), (37, 27), (7, 33), (21, 7), (18, 21), (34, 5), (42, 12), (11, 23), (13, 25), (3, 37), (2, 24), (10, 6), (6, 14), (32, 28), (13, 19), (27, 2), (6, 8), (11, 34), (11, 17), (26, 26), (18, 7), (12, 15), (14, 12), (15, 32), (23, 36), (9, 15), (14, 6), (26, 32), (32, 35), (29, 3), (3, 13), (9, 32)]
  Constraints → /home/digital-2/workspace/rl_gnn/vanilla_rl/temp_constraints_c201feec.xml
done C3 {'circuit': 'reduction_layer', 'seed': 42, 'sample_index': 17} True 154.77
Baked architecture → /home/digital-2/workspace/rl_gnn/vanilla_rl/temp_arch_820d5117.xml
  Size   : 44x44
  DSPs   : []
  BRAMs  : [(17, 23), (5, 7), (20, 35), (31, 13), (19, 11), (42, 21), (3, 1), (21, 2), (1, 12), (40, 35), (26, 1), (14, 20), (4, 17), (25, 34), (42, 15), (9, 24), (8, 37), (14, 12), (21, 29), (13, 26), (22, 30), (7, 35), (15, 8), (36, 7), (37, 17), (26, 27), (16, 22), (29, 13), (22, 37), (20, 12), (36, 37), (25, 23)]
  Constraints → /home/digital-2/workspace/rl_gnn/vanilla_rl/temp_constraints_820d5117.xml
done C3 {'circuit': 'reduction_layer', 'seed': 42, 'sample_index': 2} True 517.75
Baked architecture → /home/digital-2/workspace/rl_gnn/vanilla_rl/temp_arch_937158b1.xml
  Size   : 44x44
  DSPs   : []
  BRAMs  : [(17, 8), (3, 9), (41, 13), (37, 8), (41, 1), (16, 15), (28, 11), (40, 11), (31, 33), (32, 3), (16, 35), (23, 9), (1, 35), (38, 28), (16, 26), (31, 11), (41, 31), (6, 29), (14, 22), (9, 24), (20, 12), (4, 15), (12, 23), (21, 10), (35, 27), (2, 17), (32, 28), (32, 17), (15, 33), (29, 32), (12, 31), (9, 15)]
  Constraints → /home/digital-2/workspace/rl_gnn/vanilla_rl/temp_constraints_937158b1.xml
done C3 {'circuit': 'reduction_layer', 'seed': 42, 'sample_index': 4} True 476.41
Baked architecture → /home/digital-2/workspace/rl_gnn/vanilla_rl/temp_arch_81dc2ef2.xml
  Size   : 44x44
  DSPs   : []
  BRAMs  : [(29, 7), (8, 31), (22, 11), (5, 16), (30, 27), (32, 10), (11, 13), (33, 23), (12, 17), (13, 16), (15, 12), (14, 36), (27, 22), (5, 36), (36, 28), (6, 21), (19, 23), (2, 5), (33, 35), (26, 27), (20, 16), (30, 18), (10, 12), (41, 12), (19, 37), (9, 13), (40, 16), (9, 35), (34, 34), (25, 32), (13, 1), (2, 20)]
  Constraints → /home/digital-2/workspace/rl_gnn/vanilla_rl/temp_constraints_81dc2ef2.xml
done C3 {'circuit': 'reduction_layer', 'seed': 42, 'sample_index': 19} True 209.71
done C3 {'circuit': 'reduction_layer', 'seed': 42, 'sample_index': 18} True 225.38
Baked architecture → /home/digital-2/workspace/rl_gnn/vanilla_rl/temp_arch_6f791de4.xml
  Size   : 44x44
  DSPs   : []
  BRAMs  : [(11, 25), (41, 12), (20, 37), (24, 11), (3, 29), (12, 9), (4, 31), (1, 23), (38, 35), (5, 8), (7, 35), (21, 29), (22, 7), (4, 22), (32, 28), (18, 21), (3, 17), (6, 37), (16, 32), (9, 28), (25, 12), (25, 20), (29, 32), (16, 1), (40, 12), (8, 24), (34, 4), (32, 5), (13, 2), (14, 33), (24, 24), (38, 12)]
  Constraints → /home/digital-2/workspace/rl_gnn/vanilla_rl/temp_constraints_6f791de4.xml
Baked architecture → /home/digital-2/workspace/rl_gnn/vanilla_rl/temp_arch_d80ca289.xml
  Size   : 44x44
  DSPs   : []
  BRAMs  : [(24, 14), (13, 4), (19, 1), (41, 8), (18, 29), (15, 25), (10, 16), (8, 37), (16, 32), (21, 20), (23, 8), (33, 14), (32, 7), (25, 2), (35, 6), (18, 18), (22, 33), (36, 34), (19, 18), (14, 16), (22, 10), (33, 5), (28, 30), (7, 7), (3, 12), (5, 13), (2, 2), (40, 32), (4, 32), (42, 37), (33, 28), (33, 37)]
  Constraints → /home/digital-2/workspace/rl_gnn/vanilla_rl/temp_constraints_d80ca289.xml
done C3 {'circuit': 'reduction_layer', 'seed': 123, 'sample_index': 4} True 147.92
Baked architecture → /home/digital-2/workspace/rl_gnn/vanilla_rl/temp_arch_c9b06ed2.xml
  Size   : 44x44
  DSPs   : []
  BRAMs  : [(36, 6), (11, 16), (38, 18), (33, 22), (30, 27), (16, 18), (21, 28), (1, 7), (28, 14), (18, 10), (32, 19), (33, 2), (34, 5), (22, 19), (26, 9), (31, 18), (18, 37), (34, 30), (36, 28), (30, 6), (25, 33), (39, 7), (8, 1), (4, 32), (19, 27), (1, 27), (26, 34), (39, 23), (5, 26), (37, 10), (35, 1), (3, 33)]
  Constraints → /home/digital-2/workspace/rl_gnn/vanilla_rl/temp_constraints_c9b06ed2.xml
done C3 {'circuit': 'reduction_layer', 'seed': 42, 'sample_index': 15} True 274.67
Baked architecture → /home/digital-2/workspace/rl_gnn/vanilla_rl/temp_arch_5c689713.xml
  Size   : 44x44
  DSPs   : []
  BRAMs  : [(9, 34), (25, 26), (11, 24), (19, 36), (23, 33), (5, 12), (7, 28), (4, 21), (34, 17), (23, 6), (41, 14), (6, 26), (25, 8), (14, 24), (19, 19), (20, 23), (29, 28), (39, 10), (38, 8), (26, 24), (40, 15), (2, 3), (28, 26), (36, 16), (20, 15), (19, 28), (1, 34), (28, 1), (4, 9), (27, 16), (3, 6), (7, 8)]
  Constraints → /home/digital-2/workspace/rl_gnn/vanilla_rl/temp_constraints_5c689713.xml
done C3 {'circuit': 'reduction_layer', 'seed': 123, 'sample_index': 2} True 243.51
Baked architecture → /home/digital-2/workspace/rl_gnn/vanilla_rl/temp_arch_f774e61c.xml
  Size   : 44x44
  DSPs   : []
  BRAMs  : [(7, 21), (3, 11), (3, 24), (5, 36), (39, 35), (38, 14), (9, 32), (39, 2), (26, 37), (37, 28), (37, 7), (4, 31), (29, 16), (13, 4), (21, 4), (5, 1), (10, 1), (38, 6), (36, 23), (25, 2), (12, 34), (15, 12), (12, 1), (17, 6), (29, 1), (10, 19), (21, 19), (7, 28), (35, 1), (33, 23), (39, 29), (16, 33)]
  Constraints → /home/digital-2/workspace/rl_gnn/vanilla_rl/temp_constraints_f774e61c.xml
done C3 {'circuit': 'reduction_layer', 'seed': 123, 'sample_index': 0} True 285.67
Baked architecture → /home/digital-2/workspace/rl_gnn/vanilla_rl/temp_arch_4fd69df9.xml
  Size   : 44x44
  DSPs   : []
  BRAMs  : [(14, 1), (4, 5), (30, 30), (38, 9), (7, 15), (12, 9), (36, 1), (9, 28), (34, 37), (16, 32), (32, 35), (40, 10), (8, 10), (24, 26), (28, 7), (38, 31), (8, 30), (18, 32), (39, 26), (16, 22), (35, 15), (11, 13), (3, 24), (26, 17), (39, 2), (26, 10), (31, 30), (20, 27), (5, 13), (40, 28), (9, 17), (12, 2)]
  Constraints → /home/digital-2/workspace/rl_gnn/vanilla_rl/temp_constraints_4fd69df9.xml
done C3 {'circuit': 'reduction_layer', 'seed': 123, 'sample_index': 6} True 224.31
Baked architecture → /home/digital-2/workspace/rl_gnn/vanilla_rl/temp_arch_be69d153.xml
  Size   : 44x44
  DSPs   : []
  BRAMs  : [(32, 21), (1, 22), (23, 37), (36, 22), (31, 36), (28, 37), (21, 35), (15, 12), (41, 5), (42, 15), (17, 6), (25, 27), (38, 23), (35, 36), (17, 36), (9, 19), (34, 14), (21, 5), (34, 7), (22, 17), (29, 1), (35, 6), (3, 33), (19, 2), (4, 2), (13, 11), (14, 11), (31, 8), (6, 23), (15, 33), (38, 5), (9, 30)]
  Constraints → /home/digital-2/workspace/rl_gnn/vanilla_rl/temp_constraints_be69d153.xml
done C3 {'circuit': 'reduction_layer', 'seed': 123, 'sample_index': 5} True 239.0
Baked architecture → /home/digital-2/workspace/rl_gnn/vanilla_rl/temp_arch_3ffab4ab.xml
  Size   : 44x44
  DSPs   : []
  BRAMs  : [(42, 35), (18, 15), (2, 10), (26, 11), (11, 30), (16, 16), (14, 8), (2, 4), (10, 27), (3, 4), (1, 11), (3, 16), (25, 13), (32, 34), (30, 12), (14, 16), (16, 28), (30, 30), (40, 22), (18, 29), (29, 21), (5, 16), (17, 26), (13, 17), (42, 6), (14, 30), (6, 9), (30, 2), (13, 29), (22, 14), (19, 15), (17, 37)]
  Constraints → /home/digital-2/workspace/rl_gnn/vanilla_rl/temp_constraints_3ffab4ab.xml
done C3 {'circuit': 'reduction_layer', 'seed': 123, 'sample_index': 3} True 270.58
Baked architecture → /home/digital-2/workspace/rl_gnn/vanilla_rl/temp_arch_dcb9579f.xml
  Size   : 44x44
  DSPs   : []
  BRAMs  : [(31, 7), (17, 11), (22, 20), (32, 34), (11, 34), (4, 26), (24, 32), (3, 24), (28, 29), (15, 4), (11, 16), (8, 13), (14, 2), (35, 1), (41, 11), (40, 11), (7, 3), (35, 8), (39, 23), (32, 16), (30, 33), (12, 16), (17, 33), (37, 22), (36, 12), (14, 29), (7, 12), (42, 9), (21, 29), (40, 33), (42, 19), (19, 25)]
  Constraints → /home/digital-2/workspace/rl_gnn/vanilla_rl/temp_constraints_dcb9579f.xml
done C3 {'circuit': 'reduction_layer', 'seed': 42, 'sample_index': 16} True 385.16
Baked architecture → /home/digital-2/workspace/rl_gnn/vanilla_rl/temp_arch_eb42cf77.xml
  Size   : 37x37
  DSPs   : []
  BRAMs  : [(8, 5), (27, 15), (11, 7), (24, 6), (17, 16), (20, 9), (19, 3), (7, 21), (13, 12), (14, 14), (9, 14), (8, 19), (2, 22), (5, 24), (28, 13), (3, 20), (20, 26), (1, 29), (9, 4), (22, 17), (24, 19), (13, 19), (20, 16), (15, 6)]
  Constraints → /home/digital-2/workspace/rl_gnn/vanilla_rl/temp_constraints_eb42cf77.xml
done C3 {'circuit': 'reduction_layer', 'seed': 123, 'sample_index': 1} True 344.25
Baked architecture → /home/digital-2/workspace/rl_gnn/vanilla_rl/temp_arch_bbe4d513.xml
  Size   : 37x37
  DSPs   : []
  BRAMs  : [(32, 17), (5, 15), (21, 12), (13, 29), (8, 8), (10, 6), (22, 13), (3, 13), (16, 4), (5, 1), (7, 25), (35, 17), (15, 24), (33, 21), (4, 1), (15, 13), (17, 23), (31, 21), (13, 11), (30, 3), (8, 20), (24, 24), (31, 4), (35, 8)]
  Constraints → /home/digital-2/workspace/rl_gnn/vanilla_rl/temp_constraints_bbe4d513.xml
done C3 {'circuit': 'reduction_layer', 'seed': 123, 'sample_index': 8} True 248.07
Baked architecture → /home/digital-2/workspace/rl_gnn/vanilla_rl/temp_arch_aee22fc7.xml
  Size   : 37x37
  DSPs   : []
  BRAMs  : [(18, 23), (23, 1), (3, 21), (31, 17), (12, 11), (30, 2), (33, 6), (4, 27), (28, 16), (30, 22), (11, 9), (32, 2), (34, 5), (33, 24), (9, 30), (4, 13), (9, 2), (18, 15), (33, 13), (27, 4), (19, 13), (24, 30), (8, 6), (31, 30)]
  Constraints → /home/digital-2/workspace/rl_gnn/vanilla_rl/temp_constraints_aee22fc7.xml
done C3 {'circuit': 'reduction_layer', 'seed': 123, 'sample_index': 11} True 244.24
Baked architecture → /home/digital-2/workspace/rl_gnn/vanilla_rl/temp_arch_14fff884.xml
  Size   : 37x37
  DSPs   : []
  BRAMs  : [(17, 20), (31, 4), (30, 26), (2, 19), (27, 17), (10, 25), (24, 9), (35, 11), (6, 3), (18, 8), (29, 2), (21, 10), (35, 22), (4, 20), (19, 11), (20, 2), (2, 27), (16, 20), (13, 4), (12, 9), (14, 3), (8, 16), (4, 8), (9, 15)]
  Constraints → /home/digital-2/workspace/rl_gnn/vanilla_rl/temp_constraints_14fff884.xml
done C3 {'circuit': 'reduction_layer', 'seed': 123, 'sample_index': 19} True 148.68
Baked architecture → /home/digital-2/workspace/rl_gnn/vanilla_rl/temp_arch_e29a9031.xml
  Size   : 37x37
  DSPs   : []
  BRAMs  : [(3, 17), (20, 4), (2, 24), (20, 27), (18, 3), (28, 30), (28, 21), (6, 5), (17, 8), (22, 12), (33, 10), (34, 4), (12, 23), (28, 7), (32, 2), (26, 2), (11, 20), (23, 11), (24, 21), (10, 15), (1, 17), (25, 5), (35, 21), (29, 6)]
  Constraints → /home/digital-2/workspace/rl_gnn/vanilla_rl/temp_constraints_e29a9031.xml
done C3 {'circuit': 'reduction_layer', 'seed': 123, 'sample_index': 13} True 257.62
Baked architecture → /home/digital-2/workspace/rl_gnn/vanilla_rl/temp_arch_0b650d3a.xml
  Size   : 37x37
  DSPs   : []
  BRAMs  : [(21, 9), (25, 8), (21, 22), (20, 5), (13, 29), (3, 27), (24, 22), (18, 21), (26, 16), (17, 25), (33, 10), (6, 17), (18, 10), (26, 25), (24, 6), (7, 16), (34, 25), (22, 1), (9, 1), (14, 2), (12, 1), (28, 9), (15, 10), (10, 10)]
  Constraints → /home/digital-2/workspace/rl_gnn/vanilla_rl/temp_constraints_0b650d3a.xml
done C3 {'circuit': 'arm_core', 'seed': 7, 'sample_index': 0} True 199.2
done C3 {'circuit': 'reduction_layer', 'seed': 123, 'sample_index': 10} True 369.05
Baked architecture → /home/digital-2/workspace/rl_gnn/vanilla_rl/temp_arch_30bcb048.xml
  Size   : 37x37
  DSPs   : []
  BRAMs  : [(2, 9), (29, 28), (6, 17), (34, 16), (3, 17), (29, 10), (28, 22), (22, 27), (34, 6), (20, 29), (11, 3), (16, 22), (18, 8), (7, 7), (23, 4), (29, 22), (28, 6), (10, 15), (25, 21), (25, 5), (6, 10), (16, 14), (3, 9), (4, 23)]
  Constraints → /home/digital-2/workspace/rl_gnn/vanilla_rl/temp_constraints_30bcb048.xml
Baked architecture → /home/digital-2/workspace/rl_gnn/vanilla_rl/temp_arch_f43ab4c5.xml
  Size   : 37x37
  DSPs   : []
  BRAMs  : [(4, 13), (20, 22), (22, 14), (32, 7), (4, 1), (6, 12), (25, 30), (35, 2), (28, 7), (18, 16), (13, 10), (17, 15), (3, 12), (34, 27), (30, 12), (30, 5), (22, 4), (9, 23), (24, 23), (26, 13), (12, 11), (14, 22), (19, 15), (13, 26)]
  Constraints → /home/digital-2/workspace/rl_gnn/vanilla_rl/temp_constraints_f43ab4c5.xml
done C3 {'circuit': 'reduction_layer', 'seed': 42, 'sample_index': 11} True 734.06
Baked architecture → /home/digital-2/workspace/rl_gnn/vanilla_rl/temp_arch_0c15a0d3.xml
  Size   : 37x37
  DSPs   : []
  BRAMs  : [(11, 10), (2, 27), (1, 8), (14, 13), (28, 20), (24, 15), (13, 16), (9, 28), (11, 28), (35, 11), (20, 30), (16, 29), (22, 3), (23, 8), (2, 15), (22, 30), (16, 21), (3, 9), (22, 11), (20, 2), (19, 2), (27, 25), (12, 9), (31, 22)]
  Constraints → /home/digital-2/workspace/rl_gnn/vanilla_rl/temp_constraints_0c15a0d3.xml
done C3 {'circuit': 'reduction_layer', 'seed': 123, 'sample_index': 18} True 284.55
Baked architecture → /home/digital-2/workspace/rl_gnn/vanilla_rl/temp_arch_28e6e113.xml
  Size   : 37x37
  DSPs   : []
  BRAMs  : [(10, 11), (35, 1), (9, 22), (27, 5), (21, 26), (7, 6), (24, 11), (25, 12), (34, 3), (5, 12), (16, 27), (29, 28), (20, 5), (2, 1), (10, 19), (32, 3), (8, 15), (6, 14), (30, 20), (23, 15), (22, 25), (23, 26), (24, 21), (17, 11)]
  Constraints → /home/digital-2/workspace/rl_gnn/vanilla_rl/temp_constraints_28e6e113.xml
done C3 {'circuit': 'reduction_layer', 'seed': 123, 'sample_index': 15} True 339.09
Baked architecture → /home/digital-2/workspace/rl_gnn/vanilla_rl/temp_arch_d6fb06cc.xml
  Size   : 37x37
  DSPs   : []
  BRAMs  : [(30, 21), (13, 15), (14, 6), (19, 30), (20, 22), (27, 17), (15, 15), (21, 27), (34, 16), (3, 15), (27, 24), (22, 27), (21, 12), (29, 8), (17, 24), (32, 26), (13, 27), (1, 19), (16, 11), (8, 3), (4, 26), (25, 28), (4, 13), (14, 19)]
  Constraints → /home/digital-2/workspace/rl_gnn/vanilla_rl/temp_constraints_d6fb06cc.xml
done C3 {'circuit': 'arm_core', 'seed': 7, 'sample_index': 1} True 292.56
Baked architecture → /home/digital-2/workspace/rl_gnn/vanilla_rl/temp_arch_6f5bb455.xml
  Size   : 37x37
  DSPs   : []
  BRAMs  : [(35, 20), (11, 13), (31, 12), (25, 8), (19, 17), (28, 6), (35, 30), (12, 13), (26, 25), (21, 21), (3, 15), (4, 18), (17, 27), (13, 23), (8, 23), (21, 2), (31, 30), (30, 2), (8, 10), (13, 7), (6, 8), (6, 2), (2, 3), (14, 7)]
  Constraints → /home/digital-2/workspace/rl_gnn/vanilla_rl/temp_constraints_6f5bb455.xml
done C3 {'circuit': 'reduction_layer', 'seed': 123, 'sample_index': 14} True 428.57
Baked architecture → /home/digital-2/workspace/rl_gnn/vanilla_rl/temp_arch_d4a49271.xml
  Size   : 37x37
  DSPs   : []
  BRAMs  : [(13, 17), (4, 22), (28, 21), (22, 18), (18, 23), (17, 17), (5, 12), (30, 5), (17, 11), (35, 2), (19, 2), (21, 2), (2, 1), (7, 23), (5, 5), (35, 26), (15, 18), (12, 23), (9, 6), (19, 17), (23, 7), (33, 4), (3, 23), (11, 2)]
  Constraints → /home/digital-2/workspace/rl_gnn/vanilla_rl/temp_constraints_d4a49271.xml
done C3 {'circuit': 'reduction_layer', 'seed': 123, 'sample_index': 9} True 533.19
done C3 {'circuit': 'reduction_layer', 'seed': 123, 'sample_index': 7} True 568.65
Baked architecture → /home/digital-2/workspace/rl_gnn/vanilla_rl/temp_arch_9d2938f2.xml
  Size   : 37x37
  DSPs   : []
  BRAMs  : [(28, 25), (24, 10), (23, 3), (3, 17), (30, 10), (12, 19), (24, 26), (9, 22), (34, 23), (4, 18), (7, 26), (7, 4), (33, 23), (32, 18), (31, 9), (14, 28), (22, 11), (19, 15), (30, 23), (11, 1), (8, 22), (1, 25), (11, 27), (6, 25)]
  Constraints → /home/digital-2/workspace/rl_gnn/vanilla_rl/temp_constraints_9d2938f2.xml
Baked architecture → /home/digital-2/workspace/rl_gnn/vanilla_rl/temp_arch_496ca097.xml
  Size   : 37x37
  DSPs   : []
  BRAMs  : [(4, 25), (2, 14), (16, 22), (19, 24), (32, 9), (15, 21), (12, 10), (3, 1), (6, 17), (9, 24), (16, 13), (30, 10), (14, 24), (2, 27), (11, 3), (23, 1), (23, 15), (30, 26), (32, 21), (1, 24), (18, 30), (16, 3), (1, 5), (17, 16)]
  Constraints → /home/digital-2/workspace/rl_gnn/vanilla_rl/temp_constraints_496ca097.xml
done C3 {'circuit': 'reduction_layer', 'seed': 123, 'sample_index': 12} True 531.19
Baked architecture → /home/digital-2/workspace/rl_gnn/vanilla_rl/temp_arch_f0b8b3f9.xml
  Size   : 37x37
  DSPs   : []
  BRAMs  : [(5, 2), (25, 8), (1, 28), (16, 29), (29, 8), (5, 18), (34, 18), (6, 25), (18, 15), (4, 9), (30, 7), (31, 24), (3, 5), (28, 10), (26, 3), (33, 24), (27, 29), (28, 4), (19, 20), (34, 24), (8, 11), (9, 25), (3, 25), (10, 12)]
  Constraints → /home/digital-2/workspace/rl_gnn/vanilla_rl/temp_constraints_f0b8b3f9.xml
done C3 {'circuit': 'arm_core', 'seed': 7, 'sample_index': 6} True 208.53
Baked architecture → /home/digital-2/workspace/rl_gnn/vanilla_rl/temp_arch_18b64990.xml
  Size   : 37x37
  DSPs   : []
  BRAMs  : [(17, 30), (20, 6), (11, 10), (20, 27), (32, 7), (30, 16), (14, 23), (3, 9), (29, 15), (26, 22), (24, 22), (26, 2), (33, 30), (3, 15), (21, 9), (1, 26), (2, 8), (31, 10), (16, 21), (23, 11), (33, 1), (10, 14), (4, 22), (21, 20)]
  Constraints → /home/digital-2/workspace/rl_gnn/vanilla_rl/temp_constraints_18b64990.xml
done C3 {'circuit': 'reduction_layer', 'seed': 123, 'sample_index': 16} True 477.22
Baked architecture → /home/digital-2/workspace/rl_gnn/vanilla_rl/temp_arch_d6e1e4b5.xml
  Size   : 37x37
  DSPs   : []
  BRAMs  : [(9, 6), (28, 8), (6, 6), (2, 9), (34, 28), (11, 13), (33, 29), (26, 22), (30, 4), (30, 21), (12, 25), (31, 3), (7, 28), (6, 27), (26, 14), (22, 13), (17, 12), (7, 10), (18, 15), (29, 6), (2, 19), (11, 24), (23, 20), (9, 20)]
  Constraints → /home/digital-2/workspace/rl_gnn/vanilla_rl/temp_constraints_d6e1e4b5.xml
done C3 {'circuit': 'reduction_layer', 'seed': 123, 'sample_index': 17} True 470.77
Baked architecture → /home/digital-2/workspace/rl_gnn/vanilla_rl/temp_arch_9be5e9a9.xml
  Size   : 37x37
  DSPs   : []
  BRAMs  : [(19, 2), (16, 29), (31, 20), (6, 17), (18, 8), (20, 29), (5, 15), (10, 10), (32, 3), (22, 6), (14, 30), (3, 2), (34, 30), (18, 18), (11, 25), (4, 12), (7, 10), (32, 23), (29, 8), (3, 9), (28, 12), (24, 17), (33, 1), (8, 7)]
  Constraints → /home/digital-2/workspace/rl_gnn/vanilla_rl/temp_constraints_9be5e9a9.xml
done C3 {'circuit': 'arm_core', 'seed': 7, 'sample_index': 4} True 309.33
done C3 {'circuit': 'arm_core', 'seed': 7, 'sample_index': 3} True 329.32
Baked architecture → /home/digital-2/workspace/rl_gnn/vanilla_rl/temp_arch_5beab405.xml
  Size   : 37x37
  DSPs   : []
  BRAMs  : [(1, 4), (31, 14), (12, 27), (26, 2), (32, 17), (29, 23), (6, 28), (12, 12), (31, 29), (17, 1), (11, 16), (33, 28), (29, 15), (12, 1), (18, 28), (21, 30), (25, 2), (21, 13), (4, 14), (26, 14), (5, 7), (22, 27), (5, 1), (13, 21)]
  Constraints → /home/digital-2/workspace/rl_gnn/vanilla_rl/temp_constraints_5beab405.xml
Baked architecture → /home/digital-2/workspace/rl_gnn/vanilla_rl/temp_arch_6a6ffa16.xml
  Size   : 37x37
  DSPs   : []
  BRAMs  : [(27, 6), (33, 1), (10, 1), (28, 23), (35, 17), (28, 11), (1, 3), (34, 17), (2, 6), (12, 4), (19, 10), (12, 20), (5, 27), (32, 11), (11, 10), (25, 10), (32, 17), (6, 16), (7, 12), (3, 16), (8, 20), (23, 22), (33, 9), (7, 4)]
  Constraints → /home/digital-2/workspace/rl_gnn/vanilla_rl/temp_constraints_6a6ffa16.xml
done C3 {'circuit': 'arm_core', 'seed': 7, 'sample_index': 9} True 258.72
Baked architecture → /home/digital-2/workspace/rl_gnn/vanilla_rl/temp_arch_39bb06af.xml
  Size   : 37x37
  DSPs   : []
  BRAMs  : [(18, 17), (24, 4), (15, 23), (9, 20), (33, 1), (13, 5), (1, 8), (26, 30), (31, 18), (17, 26), (13, 19), (7, 16), (4, 8), (11, 12), (14, 13), (5, 20), (9, 30), (3, 7), (9, 10), (7, 1), (15, 3), (25, 6), (11, 25), (32, 1)]
  Constraints → /home/digital-2/workspace/rl_gnn/vanilla_rl/temp_constraints_39bb06af.xml
done C3 {'circuit': 'arm_core', 'seed': 7, 'sample_index': 2} True 485.59
Baked architecture → /home/digital-2/workspace/rl_gnn/vanilla_rl/temp_arch_ae997b9b.xml
  Size   : 37x37
  DSPs   : []
  BRAMs  : [(35, 8), (31, 20), (24, 17), (4, 12), (8, 30), (8, 20), (13, 9), (34, 30), (22, 28), (33, 21), (19, 20), (32, 18), (11, 3), (23, 26), (11, 20), (30, 13), (4, 3), (16, 28), (28, 26), (17, 29), (26, 29), (28, 17), (6, 20), (1, 30)]
  Constraints → /home/digital-2/workspace/rl_gnn/vanilla_rl/temp_constraints_ae997b9b.xml
done C3 {'circuit': 'arm_core', 'seed': 7, 'sample_index': 5} True 399.34
Baked architecture → /home/digital-2/workspace/rl_gnn/vanilla_rl/temp_arch_0ea46987.xml
  Size   : 37x37
  DSPs   : []
  BRAMs  : [(23, 11), (33, 20), (24, 4), (27, 15), (25, 3), (11, 5), (34, 25), (18, 24), (21, 5), (8, 10), (19, 9), (29, 27), (35, 4), (3, 7), (5, 6), (30, 4), (9, 2), (4, 25), (1, 30), (35, 18), (12, 1), (13, 26), (6, 25), (31, 6)]
  Constraints → /home/digital-2/workspace/rl_gnn/vanilla_rl/temp_constraints_0ea46987.xml
done C3 {'circuit': 'arm_core', 'seed': 7, 'sample_index': 11} True 239.34
Baked architecture → /home/digital-2/workspace/rl_gnn/vanilla_rl/temp_arch_d74b7f68.xml
  Size   : 37x37
  DSPs   : []
  BRAMs  : [(28, 4), (5, 27), (31, 22), (35, 15), (5, 6), (21, 24), (34, 8), (20, 27), (19, 13), (25, 26), (4, 14), (2, 16), (30, 11), (20, 4), (29, 19), (16, 17), (8, 15), (17, 17), (7, 3), (34, 24), (23, 17), (11, 24), (24, 10), (15, 18)]
  Constraints → /home/digital-2/workspace/rl_gnn/vanilla_rl/temp_constraints_d74b7f68.xml
done C3 {'circuit': 'arm_core', 'seed': 7, 'sample_index': 8} True 384.25
Baked architecture → /home/digital-2/workspace/rl_gnn/vanilla_rl/temp_arch_91b7e997.xml
  Size   : 37x37
  DSPs   : []
  BRAMs  : [(8, 11), (30, 23), (11, 29), (6, 17), (21, 21), (23, 22), (18, 13), (9, 27), (14, 1), (26, 29), (19, 23), (22, 21), (2, 4), (1, 19), (13, 9), (7, 6), (5, 11), (31, 20), (32, 30), (29, 10), (21, 11), (7, 16), (35, 23), (3, 22)]
  Constraints → /home/digital-2/workspace/rl_gnn/vanilla_rl/temp_constraints_91b7e997.xml
done C3 {'circuit': 'arm_core', 'seed': 7, 'sample_index': 12} True 283.36
Baked architecture → /home/digital-2/workspace/rl_gnn/vanilla_rl/temp_arch_2ff25076.xml
  Size   : 37x37
  DSPs   : []
  BRAMs  : [(15, 13), (9, 14), (20, 4), (29, 5), (33, 18), (13, 17), (22, 24), (14, 8), (18, 21), (8, 22), (19, 13), (16, 2), (3, 4), (34, 10), (2, 14), (21, 30), (32, 25), (10, 14), (5, 21), (25, 14), (15, 30), (8, 7), (25, 27), (26, 1)]
  Constraints → /home/digital-2/workspace/rl_gnn/vanilla_rl/temp_constraints_2ff25076.xml
done C3 {'circuit': 'arm_core', 'seed': 7, 'sample_index': 7} True 429.08
Baked architecture → /home/digital-2/workspace/rl_gnn/vanilla_rl/temp_arch_a9b50e28.xml
  Size   : 37x37
  DSPs   : []
  BRAMs  : [(18, 20), (18, 7), (30, 26), (25, 7), (30, 5), (26, 12), (10, 3), (22, 28), (9, 8), (7, 20), (3, 10), (8, 24), (2, 20), (23, 19), (28, 13), (11, 21), (12, 7), (1, 3), (10, 19), (9, 28), (35, 25), (12, 28), (16, 15), (7, 1)]
  Constraints → /home/digital-2/workspace/rl_gnn/vanilla_rl/temp_constraints_a9b50e28.xml
done C3 {'circuit': 'arm_core', 'seed': 7, 'sample_index': 16} True 232.95
Baked architecture → /home/digital-2/workspace/rl_gnn/vanilla_rl/temp_arch_d24bf090.xml
  Size   : 37x37
  DSPs   : []
  BRAMs  : [(21, 24), (21, 3), (9, 5), (26, 8), (24, 11), (33, 3), (25, 21), (8, 2), (2, 3), (32, 28), (31, 30), (17, 8), (10, 29), (11, 12), (16, 7), (6, 23), (15, 13), (3, 13), (5, 17), (14, 23), (19, 21), (18, 12), (32, 6), (30, 11)]
  Constraints → /home/digital-2/workspace/rl_gnn/vanilla_rl/temp_constraints_d24bf090.xml
done C3 {'circuit': 'arm_core', 'seed': 7, 'sample_index': 15} True 280.55
Baked architecture → /home/digital-2/workspace/rl_gnn/vanilla_rl/temp_arch_3aa7e3d8.xml
  Size   : 37x37
  DSPs   : []
  BRAMs  : [(20, 18), (35, 2), (6, 17), (11, 27), (13, 26), (11, 13), (19, 10), (13, 9), (2, 18), (14, 23), (17, 16), (3, 5), (8, 15), (30, 10), (19, 1), (17, 28), (6, 3), (29, 16), (14, 30), (23, 11), (7, 16), (21, 4), (25, 16), (26, 10)]
  Constraints → /home/digital-2/workspace/rl_gnn/vanilla_rl/temp_constraints_3aa7e3d8.xml
done C3 {'circuit': 'arm_core', 'seed': 7, 'sample_index': 14} True 356.11
Baked architecture → /home/digital-2/workspace/rl_gnn/vanilla_rl/temp_arch_9b5d2e67.xml
  Size   : 37x37
  DSPs   : []
  BRAMs  : [(22, 5), (33, 24), (7, 8), (5, 28), (32, 18), (9, 29), (33, 30), (11, 8), (2, 8), (4, 15), (28, 1), (25, 18), (30, 9), (20, 21), (15, 27), (9, 23), (34, 15), (33, 9), (1, 13), (27, 30), (23, 20), (28, 13), (19, 1), (3, 23)]
  Constraints → /home/digital-2/workspace/rl_gnn/vanilla_rl/temp_constraints_9b5d2e67.xml
done C3 {'circuit': 'arm_core', 'seed': 7, 'sample_index': 10} True 414.46
Baked architecture → /home/digital-2/workspace/rl_gnn/vanilla_rl/temp_arch_e7956c48.xml
  Size   : 37x37
  DSPs   : []
  BRAMs  : [(14, 24), (5, 2), (17, 28), (35, 11), (6, 6), (21, 13), (6, 20), (30, 28), (13, 26), (28, 6), (17, 2), (30, 2), (14, 16), (15, 30), (12, 3), (26, 9), (17, 17), (35, 25), (4, 17), (9, 7), (19, 14), (23, 1), (5, 9), (16, 5)]
  Constraints → /home/digital-2/workspace/rl_gnn/vanilla_rl/temp_constraints_e7956c48.xml
done C3 {'circuit': 'arm_core', 'seed': 7, 'sample_index': 18} True 274.54
done C3 {'circuit': 'arm_core', 'seed': 42, 'sample_index': 0} True 269.6
Baked architecture → /home/digital-2/workspace/rl_gnn/vanilla_rl/temp_arch_6ac55be1.xml
  Size   : 37x37
  DSPs   : []
  BRAMs  : [(3, 27), (5, 13), (18, 1), (17, 15), (13, 22), (12, 25), (33, 20), (1, 19), (2, 21), (23, 15), (4, 2), (6, 8), (31, 4), (35, 21), (28, 10), (11, 18), (2, 3), (19, 26), (27, 4), (18, 13), (15, 2), (11, 3), (5, 27), (10, 8)]
  Constraints → /home/digital-2/workspace/rl_gnn/vanilla_rl/temp_constraints_6ac55be1.xml
Baked architecture → /home/digital-2/workspace/rl_gnn/vanilla_rl/temp_arch_02b606bb.xml
  Size   : 37x37
  DSPs   : []
  BRAMs  : [(22, 24), (20, 16), (5, 22), (21, 21), (1, 7), (7, 13), (18, 26), (13, 26), (19, 12), (16, 6), (6, 22), (20, 8), (4, 20), (33, 28), (2, 19), (27, 3), (34, 25), (24, 23), (30, 7), (18, 1), (16, 30), (13, 17), (29, 1), (25, 29)]
  Constraints → /home/digital-2/workspace/rl_gnn/vanilla_rl/temp_constraints_02b606bb.xml
done C3 {'circuit': 'arm_core', 'seed': 7, 'sample_index': 19} True 320.93
Baked architecture → /home/digital-2/workspace/rl_gnn/vanilla_rl/temp_arch_88121fe4.xml
  Size   : 37x37
  DSPs   : []
  BRAMs  : [(24, 26), (4, 11), (3, 4), (35, 5), (27, 8), (33, 18), (25, 4), (1, 25), (20, 14), (6, 24), (27, 16), (6, 6), (26, 20), (8, 20), (34, 30), (30, 21), (17, 5), (9, 2), (22, 6), (5, 2), (17, 24), (4, 30), (13, 17), (13, 29)]
  Constraints → /home/digital-2/workspace/rl_gnn/vanilla_rl/temp_constraints_88121fe4.xml
done C3 {'circuit': 'arm_core', 'seed': 7, 'sample_index': 17} True 351.69
Baked architecture → /home/digital-2/workspace/rl_gnn/vanilla_rl/temp_arch_c40ee89a.xml
  Size   : 37x37
  DSPs   : []
  BRAMs  : [(2, 1), (25, 16), (3, 6), (12, 27), (31, 14), (29, 18), (34, 8), (2, 26), (24, 8), (27, 14), (17, 27), (26, 19), (6, 22), (5, 20), (33, 8), (29, 4), (35, 21), (11, 20), (17, 8), (15, 15), (34, 20), (23, 19), (20, 26), (34, 14)]
  Constraints → /home/digital-2/workspace/rl_gnn/vanilla_rl/temp_constraints_c40ee89a.xml
done C3 {'circuit': 'arm_core', 'seed': 7, 'sample_index': 13} True 481.93
Baked architecture → /home/digital-2/workspace/rl_gnn/vanilla_rl/temp_arch_c4aeb529.xml
  Size   : 37x37
  DSPs   : []
  BRAMs  : [(4, 8), (17, 21), (29, 14), (8, 19), (34, 26), (9, 25), (19, 16), (35, 23), (9, 8), (10, 23), (18, 18), (2, 25), (34, 12), (28, 25), (8, 2), (19, 27), (27, 23), (6, 25), (22, 12), (30, 11), (16, 17), (29, 5), (22, 20), (32, 30)]
  Constraints → /home/digital-2/workspace/rl_gnn/vanilla_rl/temp_constraints_c4aeb529.xml
done C3 {'circuit': 'arm_core', 'seed': 42, 'sample_index': 1} True 322.87
Baked architecture → /home/digital-2/workspace/rl_gnn/vanilla_rl/temp_arch_1e5d3f17.xml
  Size   : 37x37
  DSPs   : []
  BRAMs  : [(25, 4), (5, 14), (31, 1), (29, 11), (32, 28), (1, 22), (24, 10), (6, 11), (7, 10), (14, 20), (35, 22), (34, 18), (20, 27), (24, 26), (8, 17), (6, 5), (13, 10), (8, 3), (27, 14), (10, 25), (33, 5), (2, 21), (7, 30), (21, 10)]
  Constraints → /home/digital-2/workspace/rl_gnn/vanilla_rl/temp_constraints_1e5d3f17.xml
done C3 {'circuit': 'arm_core', 'seed': 42, 'sample_index': 4} True 324.26
Baked architecture → /home/digital-2/workspace/rl_gnn/vanilla_rl/temp_arch_987c36bc.xml
  Size   : 37x37
  DSPs   : []
  BRAMs  : [(21, 16), (30, 30), (13, 12), (28, 26), (33, 18), (32, 8), (2, 15), (2, 24), (23, 27), (20, 12), (6, 17), (20, 18), (1, 28), (27, 15), (18, 11), (26, 11), (33, 6), (16, 19), (15, 12), (13, 2), (4, 27), (7, 7), (20, 29), (31, 20)]
  Constraints → /home/digital-2/workspace/rl_gnn/vanilla_rl/temp_constraints_987c36bc.xml
done C3 {'circuit': 'arm_core', 'seed': 42, 'sample_index': 3} True 362.22
Baked architecture → /home/digital-2/workspace/rl_gnn/vanilla_rl/temp_arch_62faf0b6.xml
  Size   : 37x37
  DSPs   : []
  BRAMs  : [(11, 7), (32, 3), (23, 22), (13, 10), (12, 29), (10, 6), (10, 14), (17, 9), (28, 12), (20, 18), (7, 29), (4, 30), (19, 10), (19, 4), (5, 10), (13, 27), (12, 23), (15, 3), (14, 21), (21, 2), (34, 2), (20, 24), (25, 21), (18, 19)]
  Constraints → /home/digital-2/workspace/rl_gnn/vanilla_rl/temp_constraints_62faf0b6.xml
done C3 {'circuit': 'arm_core', 'seed': 42, 'sample_index': 2} True 396.96
Baked architecture → /home/digital-2/workspace/rl_gnn/vanilla_rl/temp_arch_a2c0322a.xml
  Size   : 37x37
  DSPs   : []
  BRAMs  : [(6, 30), (31, 14), (25, 15), (21, 29), (32, 11), (11, 1), (20, 21), (11, 14), (7, 25), (16, 17), (34, 12), (4, 19), (23, 21), (31, 2), (19, 19), (23, 15), (28, 10), (20, 2), (30, 10), (12, 19), (20, 8), (23, 8), (23, 2), (18, 4)]
  Constraints → /home/digital-2/workspace/rl_gnn/vanilla_rl/temp_constraints_a2c0322a.xml
done C3 {'circuit': 'arm_core', 'seed': 42, 'sample_index': 7} True 314.24
Baked architecture → /home/digital-2/workspace/rl_gnn/vanilla_rl/temp_arch_2b8dda13.xml
  Size   : 37x37
  DSPs   : []
  BRAMs  : [(15, 7), (29, 29), (23, 10), (20, 16), (22, 27), (32, 16), (21, 14), (27, 5), (3, 21), (2, 29), (8, 16), (14, 10), (16, 27), (33, 24), (4, 19), (26, 21), (15, 13), (30, 30), (11, 4), (9, 5), (7, 16), (4, 29), (24, 4), (22, 11)]
  Constraints → /home/digital-2/workspace/rl_gnn/vanilla_rl/temp_constraints_2b8dda13.xml
done C3 {'circuit': 'arm_core', 'seed': 42, 'sample_index': 13} True 271.31
Baked architecture → /home/digital-2/workspace/rl_gnn/vanilla_rl/temp_arch_1af2d04f.xml
  Size   : 37x37
  DSPs   : []
  BRAMs  : [(28, 14), (17, 18), (13, 16), (1, 9), (19, 27), (12, 27), (23, 21), (26, 25), (35, 9), (18, 7), (4, 3), (7, 13), (16, 5), (13, 10), (7, 22), (13, 26), (17, 9), (21, 28), (31, 11), (20, 22), (5, 20), (15, 24), (12, 7), (10, 24)]
  Constraints → /home/digital-2/workspace/rl_gnn/vanilla_rl/temp_constraints_1af2d04f.xml
done C3 {'circuit': 'arm_core', 'seed': 42, 'sample_index': 8} True 388.16
done C3 {'circuit': 'arm_core', 'seed': 42, 'sample_index': 10} True 345.79
done C3 {'circuit': 'arm_core', 'seed': 42, 'sample_index': 15} True 255.5
Baked architecture → /home/digital-2/workspace/rl_gnn/vanilla_rl/temp_arch_33c38d8e.xml
  Size   : 37x37
  DSPs   : []
  BRAMs  : [(29, 14), (1, 5), (24, 9), (14, 12), (13, 15), (35, 16), (9, 18), (7, 24), (11, 2), (6, 15), (3, 4), (30, 1), (19, 10), (18, 8), (20, 28), (25, 18), (18, 30), (2, 5), (33, 19), (8, 21), (34, 5), (29, 2), (23, 11), (14, 24)]
  Constraints → /home/digital-2/workspace/rl_gnn/vanilla_rl/temp_constraints_33c38d8e.xml
Baked architecture → /home/digital-2/workspace/rl_gnn/vanilla_rl/temp_arch_9c9b2ed7.xml
  Size   : 37x37
  DSPs   : []
  BRAMs  : [(34, 29), (19, 8), (4, 27), (9, 2), (6, 26), (20, 6), (14, 30), (23, 9), (10, 5), (22, 14), (16, 23), (26, 13), (8, 10), (2, 2), (10, 27), (12, 16), (7, 11), (1, 3), (31, 6), (9, 15), (14, 11), (20, 22), (34, 1), (6, 20)]
  Constraints → /home/digital-2/workspace/rl_gnn/vanilla_rl/temp_constraints_9c9b2ed7.xml
Baked architecture → /home/digital-2/workspace/rl_gnn/vanilla_rl/temp_arch_19dc9abc.xml
  Size   : 37x37
  DSPs   : []
  BRAMs  : [(6, 5), (32, 19), (15, 23), (27, 9), (5, 9), (16, 30), (8, 25), (6, 21), (13, 16), (2, 15), (26, 11), (20, 1), (14, 23), (24, 15), (15, 6), (1, 22), (26, 18), (4, 23), (18, 16), (35, 30), (30, 2), (16, 11), (34, 23), (26, 28)]
  Constraints → /home/digital-2/workspace/rl_gnn/vanilla_rl/temp_constraints_19dc9abc.xml
done C3 {'circuit': 'arm_core', 'seed': 42, 'sample_index': 12} True 353.75
Baked architecture → /home/digital-2/workspace/rl_gnn/vanilla_rl/temp_arch_39379fdf.xml
  Size   : 37x37
  DSPs   : []
  BRAMs  : [(18, 7), (32, 18), (34, 8), (22, 22), (8, 20), (7, 26), (33, 23), (29, 2), (27, 9), (1, 22), (21, 30), (4, 27), (16, 3), (10, 15), (33, 1), (9, 11), (30, 24), (17, 13), (2, 15), (31, 12), (13, 14), (26, 20), (10, 2), (14, 5)]
  Constraints → /home/digital-2/workspace/rl_gnn/vanilla_rl/temp_constraints_39379fdf.xml
done C3 {'circuit': 'arm_core', 'seed': 42, 'sample_index': 11} True 394.75
Baked architecture → /home/digital-2/workspace/rl_gnn/vanilla_rl/temp_arch_d9da6781.xml
  Size   : 37x37
  DSPs   : []
  BRAMs  : [(1, 15), (31, 7), (29, 9), (22, 10), (26, 13), (31, 25), (30, 4), (8, 26), (35, 22), (19, 9), (13, 28), (21, 28), (28, 15), (6, 6), (4, 17), (30, 18), (23, 23), (5, 17), (13, 22), (16, 27), (21, 2), (4, 26), (9, 12), (33, 19)]
  Constraints → /home/digital-2/workspace/rl_gnn/vanilla_rl/temp_constraints_d9da6781.xml
done C3 {'circuit': 'arm_core', 'seed': 42, 'sample_index': 6} True 544.97
Baked architecture → /home/digital-2/workspace/rl_gnn/vanilla_rl/temp_arch_c88737bf.xml
  Size   : 37x37
  DSPs   : []
  BRAMs  : [(17, 7), (34, 18), (8, 26), (10, 13), (27, 1), (4, 15), (31, 13), (10, 3), (28, 4), (16, 10), (32, 16), (22, 21), (32, 27), (10, 28), (25, 27), (29, 20), (18, 11), (17, 1), (26, 15), (12, 10), (21, 23), (7, 6), (6, 16), (5, 4)]
  Constraints → /home/digital-2/workspace/rl_gnn/vanilla_rl/temp_constraints_c88737bf.xml
done C3 {'circuit': 'arm_core', 'seed': 42, 'sample_index': 9} True 471.29
Baked architecture → /home/digital-2/workspace/rl_gnn/vanilla_rl/temp_arch_f5c758a3.xml
  Size   : 37x37
  DSPs   : []
  BRAMs  : [(21, 15), (1, 5), (25, 8), (15, 6), (13, 23), (32, 5), (16, 8), (23, 13), (1, 24), (33, 2), (24, 24), (21, 1), (11, 7), (3, 27), (28, 13), (29, 6), (11, 26), (20, 8), (25, 23), (31, 19), (4, 4), (21, 26), (7, 7), (2, 11)]
  Constraints → /home/digital-2/workspace/rl_gnn/vanilla_rl/temp_constraints_f5c758a3.xml
done C3 {'circuit': 'arm_core', 'seed': 42, 'sample_index': 19} True 271.32
Baked architecture → /home/digital-2/workspace/rl_gnn/vanilla_rl/temp_arch_5c2cd2ed.xml
  Size   : 37x37
  DSPs   : []
  BRAMs  : [(7, 20), (21, 27), (29, 19), (22, 2), (19, 27), (17, 10), (28, 26), (11, 30), (20, 6), (3, 1), (18, 26), (32, 30), (8, 19), (23, 26), (35, 19), (5, 2), (14, 21), (25, 8), (14, 13), (26, 30), (10, 20), (27, 6), (24, 29), (7, 27)]
  Constraints → /home/digital-2/workspace/rl_gnn/vanilla_rl/temp_constraints_5c2cd2ed.xml
done C3 {'circuit': 'arm_core', 'seed': 42, 'sample_index': 16} True 387.79
Baked architecture → /home/digital-2/workspace/rl_gnn/vanilla_rl/temp_arch_e96eb0f6.xml
  Size   : 37x37
  DSPs   : []
  BRAMs  : [(31, 15), (14, 14), (22, 19), (33, 28), (26, 8), (14, 7), (6, 14), (6, 7), (14, 28), (15, 28), (10, 18), (31, 7), (12, 9), (23, 30), (33, 19), (2, 18), (13, 3), (11, 3), (9, 25), (23, 1), (29, 30), (17, 28), (9, 2), (22, 26)]
  Constraints → /home/digital-2/workspace/rl_gnn/vanilla_rl/temp_constraints_e96eb0f6.xml
done C3 {'circuit': 'arm_core', 'seed': 123, 'sample_index': 1} True 260.23
Baked architecture → /home/digital-2/workspace/rl_gnn/vanilla_rl/temp_arch_1f29d46f.xml
  Size   : 37x37
  DSPs   : []
  BRAMs  : [(10, 15), (1, 25), (23, 10), (21, 27), (20, 1), (15, 24), (12, 26), (5, 27), (1, 11), (20, 28), (5, 15), (27, 27), (14, 7), (32, 4), (6, 22), (25, 11), (18, 18), (34, 9), (13, 15), (10, 1), (5, 9), (17, 10), (34, 18), (21, 18)]
  Constraints → /home/digital-2/workspace/rl_gnn/vanilla_rl/temp_constraints_1f29d46f.xml
done C3 {'circuit': 'arm_core', 'seed': 42, 'sample_index': 14} True 472.51
Baked architecture → /home/digital-2/workspace/rl_gnn/vanilla_rl/temp_arch_cabb47c5.xml
  Size   : 37x37
  DSPs   : []
  BRAMs  : [(24, 6), (14, 28), (1, 22), (1, 5), (14, 2), (1, 11), (29, 20), (5, 23), (1, 28), (23, 5), (20, 29), (26, 10), (17, 6), (30, 26), (21, 28), (3, 21), (28, 6), (9, 25), (12, 26), (35, 25), (11, 8), (16, 8), (27, 24), (23, 23)]
  Constraints → /home/digital-2/workspace/rl_gnn/vanilla_rl/temp_constraints_cabb47c5.xml
done C3 {'circuit': 'arm_core', 'seed': 123, 'sample_index': 6} True 253.54
Baked architecture → /home/digital-2/workspace/rl_gnn/vanilla_rl/temp_arch_3305100b.xml
  Size   : 37x37
  DSPs   : []
  BRAMs  : [(11, 18), (33, 20), (10, 10), (4, 29), (6, 30), (18, 20), (35, 7), (15, 5), (19, 30), (18, 29), (3, 16), (18, 4), (23, 5), (19, 11), (21, 26), (32, 26), (17, 22), (21, 5), (5, 16), (11, 7), (28, 14), (5, 8), (32, 6), (3, 6)]
  Constraints → /home/digital-2/workspace/rl_gnn/vanilla_rl/temp_constraints_3305100b.xml
done C3 {'circuit': 'arm_core', 'seed': 123, 'sample_index': 5} True 290.36
Baked architecture → /home/digital-2/workspace/rl_gnn/vanilla_rl/temp_arch_395cf14f.xml
  Size   : 37x37
  DSPs   : []
  BRAMs  : [(14, 24), (9, 21), (5, 8), (2, 6), (4, 22), (7, 11), (22, 5), (21, 15), (6, 8), (32, 20), (4, 28), (32, 5), (31, 9), (21, 7), (16, 13), (13, 24), (26, 11), (26, 18), (10, 24), (8, 14), (11, 30), (15, 22), (30, 3), (10, 9)]
  Constraints → /home/digital-2/workspace/rl_gnn/vanilla_rl/temp_constraints_395cf14f.xml
done C3 {'circuit': 'arm_core', 'seed': 123, 'sample_index': 3} True 293.93
Baked architecture → /home/digital-2/workspace/rl_gnn/vanilla_rl/temp_arch_f99e0330.xml
  Size   : 37x37
  DSPs   : []
  BRAMs  : [(34, 11), (31, 11), (19, 24), (8, 8), (29, 10), (23, 5), (28, 19), (6, 11), (6, 29), (24, 20), (33, 6), (15, 8), (7, 17), (34, 20), (26, 29), (17, 9), (10, 29), (3, 9), (4, 3), (20, 21), (25, 15), (27, 26), (20, 9), (4, 30)]
  Constraints → /home/digital-2/workspace/rl_gnn/vanilla_rl/temp_constraints_f99e0330.xml
done C3 {'circuit': 'arm_core', 'seed': 123, 'sample_index': 2} True 371.27
Baked architecture → /home/digital-2/workspace/rl_gnn/vanilla_rl/temp_arch_06cffa27.xml
  Size   : 37x37
  DSPs   : []
  BRAMs  : [(21, 18), (1, 18), (22, 25), (19, 14), (31, 23), (15, 24), (12, 19), (32, 26), (2, 16), (28, 28), (18, 24), (3, 25), (25, 22), (6, 4), (10, 2), (14, 29), (35, 2), (2, 5), (26, 10), (25, 6), (13, 19), (34, 16), (20, 19), (29, 5)]
  Constraints → /home/digital-2/workspace/rl_gnn/vanilla_rl/temp_constraints_06cffa27.xml
done C3 {'circuit': 'arm_core', 'seed': 42, 'sample_index': 18} True 498.48
done C3 {'circuit': 'arm_core', 'seed': 123, 'sample_index': 0} True 460.75
Baked architecture → /home/digital-2/workspace/rl_gnn/vanilla_rl/temp_arch_eedab422.xml
  Size   : 37x37
  DSPs   : []
  BRAMs  : [(6, 9), (12, 3), (30, 19), (34, 2), (31, 18), (4, 5), (18, 10), (19, 25), (7, 29), (2, 24), (6, 25), (8, 26), (25, 9), (25, 16), (11, 7), (21, 4), (33, 13), (24, 19), (14, 26), (22, 26), (9, 7), (4, 27), (3, 7), (13, 24)]
  Constraints → /home/digital-2/workspace/rl_gnn/vanilla_rl/temp_constraints_eedab422.xml
Baked architecture → /home/digital-2/workspace/rl_gnn/vanilla_rl/temp_arch_5300704c.xml
  Size   : 37x37
  DSPs   : []
  BRAMs  : [(8, 1), (4, 3), (22, 22), (12, 1), (15, 12), (9, 7), (20, 10), (6, 29), (30, 5), (2, 21), (34, 25), (29, 22), (18, 24), (24, 2), (31, 13), (26, 25), (25, 8), (1, 11), (11, 1), (9, 16), (32, 27), (8, 10), (11, 9), (13, 3)]
  Constraints → /home/digital-2/workspace/rl_gnn/vanilla_rl/temp_constraints_5300704c.xml
done C3 {'circuit': 'arm_core', 'seed': 42, 'sample_index': 5} True 797.94
Baked architecture → /home/digital-2/workspace/rl_gnn/vanilla_rl/temp_arch_ea888cc1.xml
  Size   : 43x43
  DSPs   : [(1, 30), (41, 29), (28, 11), (10, 29), (22, 2), (33, 33), (19, 29), (22, 28)]
  BRAMs  : []
  Constraints → /home/digital-2/workspace/rl_gnn/vanilla_rl/temp_constraints_ea888cc1.xml
done C3 {'circuit': 'arm_core', 'seed': 123, 'sample_index': 7} True 305.53
Baked architecture → /home/digital-2/workspace/rl_gnn/vanilla_rl/temp_arch_daff29de.xml
  Size   : 43x43
  DSPs   : [(21, 1), (28, 9), (6, 1), (25, 4), (35, 26), (13, 1), (32, 17), (22, 3)]
  BRAMs  : []
  Constraints → /home/digital-2/workspace/rl_gnn/vanilla_rl/temp_constraints_daff29de.xml
done C3 {'circuit': 'arm_core', 'seed': 123, 'sample_index': 12} True 220.78
Baked architecture → /home/digital-2/workspace/rl_gnn/vanilla_rl/temp_arch_39d99faf.xml
  Size   : 43x43
  DSPs   : [(11, 7), (35, 22), (38, 27), (38, 33), (38, 20), (25, 37), (30, 23), (33, 19)]
  BRAMs  : []
  Constraints → /home/digital-2/workspace/rl_gnn/vanilla_rl/temp_constraints_39d99faf.xml
done C3 {'circuit': 'arm_core', 'seed': 123, 'sample_index': 8} True 350.31
Baked architecture → /home/digital-2/workspace/rl_gnn/vanilla_rl/temp_arch_e997ee39.xml
  Size   : 43x43
  DSPs   : [(8, 9), (34, 28), (16, 9), (37, 12), (3, 36), (40, 10), (10, 30), (26, 31)]
  BRAMs  : []
  Constraints → /home/digital-2/workspace/rl_gnn/vanilla_rl/temp_constraints_e997ee39.xml
done C3 {'circuit': 'arm_core', 'seed': 123, 'sample_index': 10} True 339.63
Baked architecture → /home/digital-2/workspace/rl_gnn/vanilla_rl/temp_arch_1991a4c9.xml
  Size   : 43x43
  DSPs   : [(33, 32), (30, 26), (13, 15), (33, 20), (16, 1), (6, 28), (3, 35), (15, 7)]
  BRAMs  : []
  Constraints → /home/digital-2/workspace/rl_gnn/vanilla_rl/temp_constraints_1991a4c9.xml
done C3 {'circuit': 'arm_core', 'seed': 123, 'sample_index': 4} True 477.73
done C3 {'circuit': 'arm_core', 'seed': 42, 'sample_index': 17} True 686.17
Baked architecture → /home/digital-2/workspace/rl_gnn/vanilla_rl/temp_arch_1471aa9d.xml
  Size   : 43x43
  DSPs   : [(41, 6), (29, 13), (34, 18), (28, 4), (21, 25), (33, 25), (10, 20), (40, 16)]
  BRAMs  : []
  Constraints → /home/digital-2/workspace/rl_gnn/vanilla_rl/temp_constraints_1471aa9d.xml
Baked architecture → /home/digital-2/workspace/rl_gnn/vanilla_rl/temp_arch_5554ff41.xml
  Size   : 43x43
  DSPs   : [(36, 4), (28, 37), (15, 9), (8, 23), (4, 19), (30, 20), (31, 29), (19, 14)]
  BRAMs  : []
  Constraints → /home/digital-2/workspace/rl_gnn/vanilla_rl/temp_constraints_5554ff41.xml
done C3 {'circuit': 'arm_core', 'seed': 123, 'sample_index': 18} True 165.19
Baked architecture → /home/digital-2/workspace/rl_gnn/vanilla_rl/temp_arch_735beedf.xml
  Size   : 43x43
  DSPs   : [(3, 4), (39, 21), (31, 11), (13, 27), (10, 29), (28, 10), (29, 27), (1, 33)]
  BRAMs  : []
  Constraints → /home/digital-2/workspace/rl_gnn/vanilla_rl/temp_constraints_735beedf.xml
done C3 {'circuit': 'arm_core', 'seed': 123, 'sample_index': 9} True 427.08
Baked architecture → /home/digital-2/workspace/rl_gnn/vanilla_rl/temp_arch_6f80b768.xml
  Size   : 43x43
  DSPs   : [(39, 10), (3, 21), (29, 17), (1, 23), (40, 32), (16, 23), (4, 15), (22, 16)]
  BRAMs  : []
  Constraints → /home/digital-2/workspace/rl_gnn/vanilla_rl/temp_constraints_6f80b768.xml
done C3 {'circuit': 'arm_core', 'seed': 123, 'sample_index': 15} True 262.18
Baked architecture → /home/digital-2/workspace/rl_gnn/vanilla_rl/temp_arch_63af4537.xml
  Size   : 43x43
  DSPs   : [(8, 17), (19, 15), (36, 23), (15, 16), (15, 27), (5, 11), (29, 20), (11, 18)]
  BRAMs  : []
  Constraints → /home/digital-2/workspace/rl_gnn/vanilla_rl/temp_constraints_63af4537.xml
done C3 {'circuit': 'arm_core', 'seed': 123, 'sample_index': 13} True 402.17
Baked architecture → /home/digital-2/workspace/rl_gnn/vanilla_rl/temp_arch_269e57db.xml
  Size   : 43x43
  DSPs   : [(5, 25), (34, 37), (11, 31), (24, 1), (33, 27), (39, 37), (26, 10), (9, 36)]
  BRAMs  : []
  Constraints → /home/digital-2/workspace/rl_gnn/vanilla_rl/temp_constraints_269e57db.xml
done C3 {'circuit': 'arm_core', 'seed': 123, 'sample_index': 17} True 287.22
Baked architecture → /home/digital-2/workspace/rl_gnn/vanilla_rl/temp_arch_811908af.xml
  Size   : 43x43
  DSPs   : [(30, 12), (14, 15), (20, 3), (14, 1), (26, 12), (21, 14), (41, 21), (15, 19)]
  BRAMs  : []
  Constraints → /home/digital-2/workspace/rl_gnn/vanilla_rl/temp_constraints_811908af.xml
done C3 {'circuit': 'arm_core', 'seed': 123, 'sample_index': 11} True 469.07
Baked architecture → /home/digital-2/workspace/rl_gnn/vanilla_rl/temp_arch_7dd83120.xml
  Size   : 43x43
  DSPs   : [(28, 22), (24, 16), (34, 38), (25, 5), (14, 8), (21, 25), (18, 33), (15, 10)]
  BRAMs  : []
  Constraints → /home/digital-2/workspace/rl_gnn/vanilla_rl/temp_constraints_7dd83120.xml
done C3 {'circuit': 'arm_core', 'seed': 123, 'sample_index': 14} True 358.71
done C3 {'circuit': 'softmax', 'seed': 7, 'sample_index': 1} True 279.23
Baked architecture → /home/digital-2/workspace/rl_gnn/vanilla_rl/temp_arch_7a88a90f.xml
  Size   : 43x43
  DSPs   : [(36, 11), (38, 15), (34, 32), (27, 22), (32, 36), (10, 11), (29, 21), (32, 26)]
  BRAMs  : []
  Constraints → /home/digital-2/workspace/rl_gnn/vanilla_rl/temp_constraints_7a88a90f.xml
Baked architecture → /home/digital-2/workspace/rl_gnn/vanilla_rl/temp_arch_2dd1351c.xml
  Size   : 43x43
  DSPs   : [(33, 30), (9, 1), (27, 12), (6, 30), (28, 21), (41, 16), (22, 28), (16, 25)]
  BRAMs  : []
  Constraints → /home/digital-2/workspace/rl_gnn/vanilla_rl/temp_constraints_2dd1351c.xml
done C3 {'circuit': 'softmax', 'seed': 7, 'sample_index': 0} True 308.11
Baked architecture → /home/digital-2/workspace/rl_gnn/vanilla_rl/temp_arch_c2252c1f.xml
  Size   : 43x43
  DSPs   : [(33, 20), (6, 10), (29, 32), (7, 10), (26, 28), (11, 16), (21, 29), (8, 29)]
  BRAMs  : []
  Constraints → /home/digital-2/workspace/rl_gnn/vanilla_rl/temp_constraints_c2252c1f.xml
done C3 {'circuit': 'arm_core', 'seed': 123, 'sample_index': 19} True 337.28
Baked architecture → /home/digital-2/workspace/rl_gnn/vanilla_rl/temp_arch_468942c7.xml
  Size   : 43x43
  DSPs   : [(27, 2), (14, 18), (22, 19), (37, 32), (20, 29), (38, 26), (12, 14), (19, 19)]
  BRAMs  : []
  Constraints → /home/digital-2/workspace/rl_gnn/vanilla_rl/temp_constraints_468942c7.xml
done C3 {'circuit': 'softmax', 'seed': 7, 'sample_index': 4} True 300.0
Baked architecture → /home/digital-2/workspace/rl_gnn/vanilla_rl/temp_arch_590ed32e.xml
  Size   : 43x43
  DSPs   : [(39, 14), (23, 28), (28, 29), (1, 2), (20, 18), (30, 27), (14, 1), (25, 14)]
  BRAMs  : []
  Constraints → /home/digital-2/workspace/rl_gnn/vanilla_rl/temp_constraints_590ed32e.xml
done C3 {'circuit': 'softmax', 'seed': 7, 'sample_index': 2} True 389.51
Baked architecture → /home/digital-2/workspace/rl_gnn/vanilla_rl/temp_arch_f402ffba.xml
  Size   : 43x43
  DSPs   : [(36, 27), (33, 25), (7, 11), (12, 14), (29, 23), (5, 13), (28, 29), (28, 11)]
  BRAMs  : []
  Constraints → /home/digital-2/workspace/rl_gnn/vanilla_rl/temp_constraints_f402ffba.xml
done C3 {'circuit': 'arm_core', 'seed': 123, 'sample_index': 16} True 541.4
Baked architecture → /home/digital-2/workspace/rl_gnn/vanilla_rl/temp_arch_a5595557.xml
  Size   : 43x43
  DSPs   : [(21, 30), (12, 31), (23, 1), (8, 23), (13, 37), (12, 36), (19, 24), (16, 38)]
  BRAMs  : []
  Constraints → /home/digital-2/workspace/rl_gnn/vanilla_rl/temp_constraints_a5595557.xml
done C3 {'circuit': 'softmax', 'seed': 7, 'sample_index': 7} True 339.72
Baked architecture → /home/digital-2/workspace/rl_gnn/vanilla_rl/temp_arch_ae45caaa.xml
  Size   : 43x43
  DSPs   : [(8, 7), (25, 21), (41, 5), (29, 37), (3, 12), (5, 8), (8, 15), (20, 20)]
  BRAMs  : []
  Constraints → /home/digital-2/workspace/rl_gnn/vanilla_rl/temp_constraints_ae45caaa.xml
done C3 {'circuit': 'softmax', 'seed': 7, 'sample_index': 5} True 378.27
Baked architecture → /home/digital-2/workspace/rl_gnn/vanilla_rl/temp_arch_6a02af3c.xml
  Size   : 43x43
  DSPs   : [(30, 12), (9, 11), (15, 5), (17, 4), (1, 17), (30, 29), (21, 15), (12, 8)]
  BRAMs  : []
  Constraints → /home/digital-2/workspace/rl_gnn/vanilla_rl/temp_constraints_6a02af3c.xml
done C3 {'circuit': 'softmax', 'seed': 7, 'sample_index': 8} True 333.73
Baked architecture → /home/digital-2/workspace/rl_gnn/vanilla_rl/temp_arch_58af6cac.xml
  Size   : 43x43
  DSPs   : [(19, 27), (15, 4), (10, 23), (27, 35), (29, 27), (13, 35), (2, 34), (31, 1)]
  BRAMs  : []
  Constraints → /home/digital-2/workspace/rl_gnn/vanilla_rl/temp_constraints_58af6cac.xml
done C3 {'circuit': 'softmax', 'seed': 7, 'sample_index': 3} True 427.71
Baked architecture → /home/digital-2/workspace/rl_gnn/vanilla_rl/temp_arch_9482d5ee.xml
  Size   : 43x43
  DSPs   : [(11, 1), (31, 18), (34, 13), (19, 27), (20, 9), (19, 34), (25, 1), (15, 33)]
  BRAMs  : []
  Constraints → /home/digital-2/workspace/rl_gnn/vanilla_rl/temp_constraints_9482d5ee.xml
done C3 {'circuit': 'softmax', 'seed': 7, 'sample_index': 6} True 413.53
Baked architecture → /home/digital-2/workspace/rl_gnn/vanilla_rl/temp_arch_b6c054e8.xml
  Size   : 43x43
  DSPs   : [(23, 33), (20, 17), (1, 18), (11, 13), (19, 25), (34, 5), (33, 17), (30, 9)]
  BRAMs  : []
  Constraints → /home/digital-2/workspace/rl_gnn/vanilla_rl/temp_constraints_b6c054e8.xml
done C3 {'circuit': 'softmax', 'seed': 7, 'sample_index': 9} True 374.17
Baked architecture → /home/digital-2/workspace/rl_gnn/vanilla_rl/temp_arch_9e557259.xml
  Size   : 43x43
  DSPs   : [(15, 20), (12, 25), (23, 25), (21, 14), (2, 3), (9, 20), (9, 14), (11, 14)]
  BRAMs  : []
  Constraints → /home/digital-2/workspace/rl_gnn/vanilla_rl/temp_constraints_9e557259.xml
done C3 {'circuit': 'softmax', 'seed': 7, 'sample_index': 10} True 388.25
Baked architecture → /home/digital-2/workspace/rl_gnn/vanilla_rl/temp_arch_f503aefc.xml
  Size   : 43x43
  DSPs   : [(10, 25), (10, 17), (32, 19), (30, 28), (23, 33), (2, 11), (23, 22), (37, 15)]
  BRAMs  : []
  Constraints → /home/digital-2/workspace/rl_gnn/vanilla_rl/temp_constraints_f503aefc.xml
done C3 {'circuit': 'softmax', 'seed': 7, 'sample_index': 11} True 397.92
Baked architecture → /home/digital-2/workspace/rl_gnn/vanilla_rl/temp_arch_cee76e7d.xml
  Size   : 43x43
  DSPs   : [(19, 38), (15, 15), (26, 22), (32, 7), (28, 33), (41, 14), (16, 7), (38, 3)]
  BRAMs  : []
  Constraints → /home/digital-2/workspace/rl_gnn/vanilla_rl/temp_constraints_cee76e7d.xml
done C3 {'circuit': 'softmax', 'seed': 7, 'sample_index': 12} True 395.34
done C3 {'circuit': 'softmax', 'seed': 7, 'sample_index': 16} True 355.7
done C3 {'circuit': 'softmax', 'seed': 7, 'sample_index': 15} True 379.94
done C3 {'circuit': 'softmax', 'seed': 7, 'sample_index': 13} True 394.66
done C3 {'circuit': 'softmax', 'seed': 7, 'sample_index': 14} True 399.1
Baked architecture → /home/digital-2/workspace/rl_gnn/vanilla_rl/temp_arch_a9007981.xml
  Size   : 43x43
  DSPs   : [(39, 30), (32, 11), (28, 28), (1, 34), (13, 31), (39, 18), (19, 17), (41, 25)]
  BRAMs  : []
  Constraints → /home/digital-2/workspace/rl_gnn/vanilla_rl/temp_constraints_a9007981.xml
Baked architecture → /home/digital-2/workspace/rl_gnn/vanilla_rl/temp_arch_82897cf0.xml
  Size   : 43x43
  DSPs   : [(26, 29), (36, 32), (2, 29), (4, 23), (16, 38), (16, 30), (34, 9), (27, 32)]
  BRAMs  : []
  Constraints → /home/digital-2/workspace/rl_gnn/vanilla_rl/temp_constraints_82897cf0.xml
Baked architecture → /home/digital-2/workspace/rl_gnn/vanilla_rl/temp_arch_d4753768.xml
  Size   : 43x43
  DSPs   : [(1, 21), (17, 19), (36, 13), (19, 25), (41, 5), (19, 1), (40, 23), (17, 25)]
  BRAMs  : []
  Constraints → /home/digital-2/workspace/rl_gnn/vanilla_rl/temp_constraints_d4753768.xml
Baked architecture → /home/digital-2/workspace/rl_gnn/vanilla_rl/temp_arch_c8a4bfb6.xml
  Size   : 43x43
  DSPs   : [(25, 38), (39, 26), (35, 34), (24, 23), (37, 26), (36, 37), (40, 18), (19, 15)]
  BRAMs  : []
  Constraints → /home/digital-2/workspace/rl_gnn/vanilla_rl/temp_constraints_c8a4bfb6.xml
Baked architecture → /home/digital-2/workspace/rl_gnn/vanilla_rl/temp_arch_143ad682.xml
  Size   : 43x43
  DSPs   : [(34, 14), (12, 36), (16, 19), (27, 2), (31, 17), (23, 9), (23, 32), (40, 38)]
  BRAMs  : []
  Constraints → /home/digital-2/workspace/rl_gnn/vanilla_rl/temp_constraints_143ad682.xml
done C3 {'circuit': 'softmax', 'seed': 7, 'sample_index': 18} True 326.64
Baked architecture → /home/digital-2/workspace/rl_gnn/vanilla_rl/temp_arch_8365aaf1.xml
  Size   : 43x43
  DSPs   : [(22, 36), (4, 7), (33, 14), (33, 5), (25, 31), (21, 24), (5, 8), (8, 29)]
  BRAMs  : []
  Constraints → /home/digital-2/workspace/rl_gnn/vanilla_rl/temp_constraints_8365aaf1.xml
done C3 {'circuit': 'softmax', 'seed': 42, 'sample_index': 1} True 338.64
done C3 {'circuit': 'softmax', 'seed': 7, 'sample_index': 19} True 371.07
Baked architecture → /home/digital-2/workspace/rl_gnn/vanilla_rl/temp_arch_d9e7d11c.xml
  Size   : 43x43
  DSPs   : [(20, 38), (5, 17), (4, 16), (39, 19), (34, 15), (33, 28), (23, 25), (1, 5)]
  BRAMs  : []
  Constraints → /home/digital-2/workspace/rl_gnn/vanilla_rl/temp_constraints_d9e7d11c.xml
Baked architecture → /home/digital-2/workspace/rl_gnn/vanilla_rl/temp_arch_4a592991.xml
  Size   : 43x43
  DSPs   : [(27, 18), (11, 6), (8, 18), (10, 11), (3, 34), (39, 19), (9, 1), (41, 1)]
  BRAMs  : []
  Constraints → /home/digital-2/workspace/rl_gnn/vanilla_rl/temp_constraints_4a592991.xml
done C3 {'circuit': 'softmax', 'seed': 42, 'sample_index': 4} True 319.18
Baked architecture → /home/digital-2/workspace/rl_gnn/vanilla_rl/temp_arch_2eea4d2b.xml
  Size   : 43x43
  DSPs   : [(1, 9), (23, 1), (25, 11), (33, 32), (8, 34), (16, 9), (13, 1), (22, 6)]
  BRAMs  : []
  Constraints → /home/digital-2/workspace/rl_gnn/vanilla_rl/temp_constraints_2eea4d2b.xml
done C3 {'circuit': 'softmax', 'seed': 7, 'sample_index': 17} True 455.06
Baked architecture → /home/digital-2/workspace/rl_gnn/vanilla_rl/temp_arch_9d7dbcbd.xml
  Size   : 43x43
  DSPs   : [(35, 38), (37, 14), (13, 5), (22, 8), (31, 14), (17, 13), (9, 4), (2, 31)]
  BRAMs  : []
  Constraints → /home/digital-2/workspace/rl_gnn/vanilla_rl/temp_constraints_9d7dbcbd.xml
done C3 {'circuit': 'softmax', 'seed': 42, 'sample_index': 0} True 404.36
Baked architecture → /home/digital-2/workspace/rl_gnn/vanilla_rl/temp_arch_75ef4fcc.xml
  Size   : 43x43
  DSPs   : [(32, 34), (6, 13), (9, 9), (1, 6), (40, 18), (17, 20), (36, 3), (41, 31)]
  BRAMs  : []
  Constraints → /home/digital-2/workspace/rl_gnn/vanilla_rl/temp_constraints_75ef4fcc.xml
done C3 {'circuit': 'softmax', 'seed': 42, 'sample_index': 2} True 398.01
Baked architecture → /home/digital-2/workspace/rl_gnn/vanilla_rl/temp_arch_1300b34e.xml
  Size   : 43x43
  DSPs   : [(22, 25), (5, 15), (30, 28), (14, 13), (18, 38), (14, 30), (21, 3), (23, 35)]
  BRAMs  : []
  Constraints → /home/digital-2/workspace/rl_gnn/vanilla_rl/temp_constraints_1300b34e.xml
done C3 {'circuit': 'softmax', 'seed': 42, 'sample_index': 5} True 367.17
Baked architecture → /home/digital-2/workspace/rl_gnn/vanilla_rl/temp_arch_c5d69065.xml
  Size   : 43x43
  DSPs   : [(22, 36), (21, 17), (16, 33), (24, 20), (11, 5), (34, 19), (19, 31), (11, 38)]
  BRAMs  : []
  Constraints → /home/digital-2/workspace/rl_gnn/vanilla_rl/temp_constraints_c5d69065.xml
done C3 {'circuit': 'softmax', 'seed': 42, 'sample_index': 3} True 436.66
Baked architecture → /home/digital-2/workspace/rl_gnn/vanilla_rl/temp_arch_64d0aaaa.xml
  Size   : 43x43
  DSPs   : [(35, 8), (5, 21), (30, 28), (19, 5), (24, 36), (38, 33), (27, 9), (9, 14)]
  BRAMs  : []
  Constraints → /home/digital-2/workspace/rl_gnn/vanilla_rl/temp_constraints_64d0aaaa.xml
done C3 {'circuit': 'softmax', 'seed': 42, 'sample_index': 6} True 358.85
Baked architecture → /home/digital-2/workspace/rl_gnn/vanilla_rl/temp_arch_2dcb84d8.xml
  Size   : 43x43
  DSPs   : [(11, 30), (27, 15), (13, 15), (41, 17), (4, 28), (4, 3), (13, 26), (36, 38)]
  BRAMs  : []
  Constraints → /home/digital-2/workspace/rl_gnn/vanilla_rl/temp_constraints_2dcb84d8.xml
done C3 {'circuit': 'softmax', 'seed': 42, 'sample_index': 8} True 334.45
Baked architecture → /home/digital-2/workspace/rl_gnn/vanilla_rl/temp_arch_c9da8ce9.xml
  Size   : 43x43
  DSPs   : [(37, 6), (3, 26), (20, 23), (30, 14), (21, 23), (39, 34), (14, 26), (7, 33)]
  BRAMs  : []
  Constraints → /home/digital-2/workspace/rl_gnn/vanilla_rl/temp_constraints_c9da8ce9.xml
done C3 {'circuit': 'softmax', 'seed': 42, 'sample_index': 7} True 399.09
Baked architecture → /home/digital-2/workspace/rl_gnn/vanilla_rl/temp_arch_b8e0125e.xml
  Size   : 43x43
  DSPs   : [(23, 13), (25, 7), (8, 11), (36, 38), (8, 19), (4, 36), (4, 8), (31, 35)]
  BRAMs  : []
  Constraints → /home/digital-2/workspace/rl_gnn/vanilla_rl/temp_constraints_b8e0125e.xml
done C3 {'circuit': 'softmax', 'seed': 42, 'sample_index': 9} True 370.92
done C3 {'circuit': 'softmax', 'seed': 42, 'sample_index': 12} True 369.09
Baked architecture → /home/digital-2/workspace/rl_gnn/vanilla_rl/temp_arch_ef7c2a4c.xml
  Size   : 43x43
  DSPs   : [(21, 38), (16, 33), (24, 37), (11, 1), (25, 23), (38, 18), (36, 34), (35, 4)]
  BRAMs  : []
  Constraints → /home/digital-2/workspace/rl_gnn/vanilla_rl/temp_constraints_ef7c2a4c.xml
Baked architecture → /home/digital-2/workspace/rl_gnn/vanilla_rl/temp_arch_d7492f14.xml
  Size   : 43x43
  DSPs   : [(4, 24), (29, 15), (13, 5), (29, 31), (28, 14), (9, 20), (35, 24), (37, 31)]
  BRAMs  : []
  Constraints → /home/digital-2/workspace/rl_gnn/vanilla_rl/temp_constraints_d7492f14.xml
done C3 {'circuit': 'softmax', 'seed': 42, 'sample_index': 10} True 448.48
done C3 {'circuit': 'softmax', 'seed': 42, 'sample_index': 13} True 394.0
done C3 {'circuit': 'softmax', 'seed': 42, 'sample_index': 11} True 457.63
Baked architecture → /home/digital-2/workspace/rl_gnn/vanilla_rl/temp_arch_65c91aad.xml
  Size   : 43x43
  DSPs   : [(2, 7), (30, 20), (25, 34), (20, 31), (7, 36), (2, 15), (37, 4), (6, 32)]
  BRAMs  : []
  Constraints → /home/digital-2/workspace/rl_gnn/vanilla_rl/temp_constraints_65c91aad.xml
Baked architecture → /home/digital-2/workspace/rl_gnn/vanilla_rl/temp_arch_1a000cb7.xml
  Size   : 43x43
  DSPs   : [(28, 37), (23, 22), (35, 4), (22, 32), (34, 7), (1, 15), (36, 22), (1, 35)]
  BRAMs  : []
  Constraints → /home/digital-2/workspace/rl_gnn/vanilla_rl/temp_constraints_1a000cb7.xml
Baked architecture → /home/digital-2/workspace/rl_gnn/vanilla_rl/temp_arch_118f3267.xml
  Size   : 43x43
  DSPs   : [(17, 16), (27, 20), (34, 23), (6, 32), (40, 11), (16, 34), (21, 1), (3, 31)]
  BRAMs  : []
  Constraints → /home/digital-2/workspace/rl_gnn/vanilla_rl/temp_constraints_118f3267.xml
done C3 {'circuit': 'softmax', 'seed': 42, 'sample_index': 14} True 357.48
Baked architecture → /home/digital-2/workspace/rl_gnn/vanilla_rl/temp_arch_f358b43a.xml
  Size   : 43x43
  DSPs   : [(31, 35), (6, 22), (20, 3), (14, 27), (2, 22), (27, 10), (14, 37), (9, 15)]
  BRAMs  : []
  Constraints → /home/digital-2/workspace/rl_gnn/vanilla_rl/temp_constraints_f358b43a.xml
done C3 {'circuit': 'softmax', 'seed': 42, 'sample_index': 15} True 371.2
Baked architecture → /home/digital-2/workspace/rl_gnn/vanilla_rl/temp_arch_449b00af.xml
  Size   : 43x43
  DSPs   : [(39, 17), (3, 4), (4, 21), (20, 26), (39, 36), (8, 8), (32, 21), (10, 1)]
  BRAMs  : []
  Constraints → /home/digital-2/workspace/rl_gnn/vanilla_rl/temp_constraints_449b00af.xml
done C3 {'circuit': 'softmax', 'seed': 42, 'sample_index': 17} True 371.41
Baked architecture → /home/digital-2/workspace/rl_gnn/vanilla_rl/temp_arch_9be32a53.xml
  Size   : 43x43
  DSPs   : [(15, 18), (39, 20), (15, 24), (29, 21), (10, 7), (5, 25), (36, 33), (1, 5)]
  BRAMs  : []
  Constraints → /home/digital-2/workspace/rl_gnn/vanilla_rl/temp_constraints_9be32a53.xml
done C3 {'circuit': 'softmax', 'seed': 42, 'sample_index': 18} True 367.9
Baked architecture → /home/digital-2/workspace/rl_gnn/vanilla_rl/temp_arch_c0ec842d.xml
  Size   : 43x43
  DSPs   : [(27, 17), (9, 38), (15, 22), (27, 8), (8, 13), (21, 19), (35, 28), (1, 26)]
  BRAMs  : []
  Constraints → /home/digital-2/workspace/rl_gnn/vanilla_rl/temp_constraints_c0ec842d.xml
done C3 {'circuit': 'softmax', 'seed': 123, 'sample_index': 2} True 320.66
Baked architecture → /home/digital-2/workspace/rl_gnn/vanilla_rl/temp_arch_0d8465eb.xml
  Size   : 43x43
  DSPs   : [(28, 20), (28, 5), (41, 25), (4, 12), (18, 16), (3, 16), (38, 9), (12, 30)]
  BRAMs  : []
  Constraints → /home/digital-2/workspace/rl_gnn/vanilla_rl/temp_constraints_0d8465eb.xml
done C3 {'circuit': 'softmax', 'seed': 123, 'sample_index': 0} True 391.85
done C3 {'circuit': 'softmax', 'seed': 42, 'sample_index': 16} True 477.01
Baked architecture → /home/digital-2/workspace/rl_gnn/vanilla_rl/temp_arch_5d9d12f8.xml
  Size   : 43x43
  DSPs   : [(2, 1), (6, 31), (8, 3), (15, 11), (22, 16), (5, 26), (14, 10), (34, 20)]
  BRAMs  : []
  Constraints → /home/digital-2/workspace/rl_gnn/vanilla_rl/temp_constraints_5d9d12f8.xml
Baked architecture → /home/digital-2/workspace/rl_gnn/vanilla_rl/temp_arch_f2bdbcf9.xml
  Size   : 43x43
  DSPs   : [(36, 38), (13, 4), (9, 15), (41, 9), (41, 37), (8, 35), (26, 14), (17, 5)]
  BRAMs  : []
  Constraints → /home/digital-2/workspace/rl_gnn/vanilla_rl/temp_constraints_f2bdbcf9.xml
done C3 {'circuit': 'softmax', 'seed': 123, 'sample_index': 3} True 339.74
done C3 {'circuit': 'softmax', 'seed': 123, 'sample_index': 1} True 405.85
Baked architecture → /home/digital-2/workspace/rl_gnn/vanilla_rl/temp_arch_45ffcbc0.xml
  Size   : 43x43
  DSPs   : [(10, 5), (13, 27), (21, 16), (35, 22), (30, 21), (25, 1), (13, 38), (13, 16)]
  BRAMs  : []
  Constraints → /home/digital-2/workspace/rl_gnn/vanilla_rl/temp_constraints_45ffcbc0.xml
Baked architecture → /home/digital-2/workspace/rl_gnn/vanilla_rl/temp_arch_270001d2.xml
  Size   : 43x43
  DSPs   : [(7, 29), (21, 13), (6, 17), (30, 22), (27, 35), (29, 16), (26, 14), (41, 33)]
  BRAMs  : []
  Constraints → /home/digital-2/workspace/rl_gnn/vanilla_rl/temp_constraints_270001d2.xml
done C3 {'circuit': 'softmax', 'seed': 123, 'sample_index': 4} True 346.66
Baked architecture → /home/digital-2/workspace/rl_gnn/vanilla_rl/temp_arch_09629453.xml
  Size   : 43x43
  DSPs   : [(41, 24), (29, 28), (3, 7), (35, 22), (7, 10), (40, 25), (39, 6), (8, 1)]
  BRAMs  : []
  Constraints → /home/digital-2/workspace/rl_gnn/vanilla_rl/temp_constraints_09629453.xml
done C3 {'circuit': 'softmax', 'seed': 123, 'sample_index': 5} True 357.67
done C3 {'circuit': 'softmax', 'seed': 123, 'sample_index': 6} True 362.42
done C3 {'circuit': 'softmax', 'seed': 123, 'sample_index': 7} True 337.71
done C3 {'circuit': 'softmax', 'seed': 123, 'sample_index': 8} True 335.61
done C3 {'circuit': 'softmax', 'seed': 123, 'sample_index': 9} True 364.15
done C3 {'circuit': 'softmax', 'seed': 42, 'sample_index': 19} True 621.77
done C3 {'circuit': 'softmax', 'seed': 123, 'sample_index': 10} True 353.5
done C3 {'circuit': 'softmax', 'seed': 123, 'sample_index': 12} True 323.02
done C3 {'circuit': 'softmax', 'seed': 123, 'sample_index': 11} True 348.93
done C3 {'circuit': 'softmax', 'seed': 123, 'sample_index': 14} True 266.16
done C3 {'circuit': 'softmax', 'seed': 123, 'sample_index': 13} True 332.55
done C3 {'circuit': 'softmax', 'seed': 123, 'sample_index': 15} True 273.55
done C3 {'circuit': 'softmax', 'seed': 123, 'sample_index': 16} True 272.85
done C3 {'circuit': 'softmax', 'seed': 123, 'sample_index': 18} True 242.16
done C3 {'circuit': 'softmax', 'seed': 123, 'sample_index': 17} True 247.29
done C3 {'circuit': 'softmax', 'seed': 123, 'sample_index': 19} True 230.86
