circuit,seed,sample_index,aspect_ratio,area_mwta,delay_ns,power_w,adp,adp_reduction_pct,vtr_success,vtr_seconds,cached,grid_w,grid_h,dsp_coords,bram_coords
custom_macbuf,7,9,1.3,338570.0,13.731,0.005667,26345.34276489,40.80125320693677,True,2.07,False,13,10,"[[1, 5], [7, 3], [3, 1]]","[[2, 3]]"
custom_macbuf,7,6,1.2,553098.0,14.056,0.007267,56496.168661296,-26.94852419287626,True,2.34,False,17,14,"[[6, 6], [12, 9], [10, 6]]","[[7, 5]]"
custom_macbuf,7,12,0.6,801038.0,13.9227,0.008727,97328.84285221022,-118.70072350504459,True,2.71,False,14,23,"[[5, 3], [3, 6], [12, 9]]","[[6, 7]]"
custom_macbuf,7,3,1.7,631208.0,13.4455,0.007646,64890.89217594399,-45.81171060788494,True,2.96,False,20,12,"[[10, 7], [3, 2], [7, 1]]","[[2, 5]]"
custom_macbuf,7,5,0.6,800707.0,13.9387,0.0086,95983.00608374001,-115.67658938037341,True,3.11,False,14,23,"[[6, 1], [6, 6], [7, 2]]","[[12, 7]]"
custom_macbuf,7,14,1.8,876308.0,14.0782,0.008939,110279.00637397842,-147.80011530630063,True,3.11,False,25,14,"[[9, 9], [5, 8], [7, 4]]","[[3, 3]]"
custom_macbuf,7,8,1.0,444720.0,14.2047,0.006576,41541.342873984,6.655401670532475,True,3.38,False,14,14,"[[11, 3], [2, 7], [10, 9]]","[[3, 5]]"
custom_macbuf,7,11,1.9,998812.0,13.9643,0.00943,131526.90918138798,-195.54476715633348,True,3.74,False,26,14,"[[8, 2], [5, 7], [6, 8]]","[[10, 7]]"
custom_macbuf,7,4,1.7,769748.0,14.0726,0.008521,92302.50296060082,-107.40639246541197,True,3.83,False,23,14,"[[5, 7], [3, 9], [10, 2]]","[[4, 5]]"
custom_macbuf,7,7,1.6,733542.0,14.0726,0.00833,85989.283432836,-93.22040568177286,True,4.06,False,22,14,"[[7, 9], [4, 6], [12, 9]]","[[9, 3]]"
custom_macbuf,7,1,1.6,456048.0,13.7309,0.006607,41372.7002355024,7.034346554380831,True,4.4,False,17,11,"[[3, 5], [1, 6], [5, 5]]","[[11, 1]]"
custom_macbuf,7,2,0.6,875527.0,13.6631,0.008836,105699.8808588932,-137.51068789894697,True,4.34,False,14,23,"[[12, 1], [1, 1], [6, 5]]","[[11, 4]]"
custom_macbuf,7,16,1.1,546884.0,13.9976,0.00706,54044.74815750401,-21.440111454336915,True,2.29,False,15,14,"[[12, 6], [10, 9], [2, 8]]","[[4, 2]]"
custom_macbuf,7,10,0.3,1779700.0,14.3057,0.01368,348290.8066872,-682.6195111382287,True,4.43,False,14,47,"[[12, 6], [5, 8], [10, 3]]","[[7, 2]]"
custom_macbuf,7,0,1.9,877949.0,13.7761,0.00923,111634.20301044699,-150.84528132494242,True,4.66,False,26,14,"[[9, 5], [11, 9], [6, 6]]","[[8, 4]]"
custom_macbuf,42,3,1.6,311196.0,13.5447,0.005693,23996.3164336116,46.07958327979164,True,1.96,False,14,9,"[[2, 4], [11, 3], [6, 2]]","[[7, 2]]"
custom_macbuf,7,19,1.1,464646.0,13.9028,0.006466,41769.586723300796,6.142531142964853,True,2.91,False,14,13,"[[6, 7], [8, 2], [11, 7]]","[[9, 6]]"
custom_macbuf,42,1,1.8,876183.0,14.1057,0.008903,110033.7309572193,-147.2489743543356,True,3.06,False,25,14,"[[9, 6], [3, 8], [1, 9]]","[[2, 1]]"
custom_macbuf,42,4,1.1,481442.0,13.9855,0.006587,44351.635108417,0.3405937788536479,True,3.04,False,14,13,"[[3, 1], [12, 3], [10, 2]]","[[5, 4]]"
custom_macbuf,42,6,1.0,408391.0,14.0734,0.006321,36329.6308141074,18.36626933106478,True,2.65,False,13,13,"[[2, 1], [8, 2], [11, 8]]","[[3, 6]]"
custom_macbuf,42,2,1.1,425101.0,13.8322,0.006363,37414.9620981486,15.92749856068898,True,4.05,False,14,13,"[[9, 2], [9, 6], [8, 3]]","[[12, 5]]"
custom_macbuf,42,8,0.4,858977.0,13.751,0.009154,108125.15062295801,-142.96033916934462,True,3.25,False,12,30,"[[8, 9], [4, 8], [1, 7]]","[[10, 1]]"
custom_macbuf,42,9,2.0,806185.0,13.8273,0.008685,96814.83767159248,-117.54573900515553,True,3.3,False,25,13,"[[11, 8], [9, 1], [10, 2]]","[[6, 3]]"
custom_macbuf,7,15,0.1,4104270.0,14.0384,0.02849,1641519.26924832,-3588.541251612416,True,7.74,False,13,130,"[[11, 2], [8, 9], [2, 6]]","[[8, 3]]"
custom_macbuf,42,0,0.2,2015200.0,13.5974,0.01487,407460.0147376,-815.5744321115766,True,4.97,False,12,60,"[[8, 3], [5, 6], [5, 2]]","[[10, 3]]"
custom_macbuf,7,17,1.1,481151.0,13.4105,0.006581,42463.741170075504,4.582746034203282,True,5.85,False,14,13,"[[10, 5], [8, 4], [7, 2]]","[[12, 2]]"
custom_macbuf,7,18,0.1,2869600.0,14.072,0.021,848001.2352,-1805.4832898098095,True,5.8,False,11,110,"[[6, 4], [1, 9], [3, 9]]","[[9, 7]]"
custom_macbuf,42,5,1.3,578197.0,13.6432,0.007247,57167.6501284688,-28.45736246103395,True,4.6,False,17,13,"[[11, 1], [7, 6], [6, 2]]","[[5, 6]]"
custom_macbuf,42,10,1.6,798100.0,13.8603,0.008477,93771.77233011,-110.70788321285039,True,4.2,False,22,14,"[[5, 9], [7, 3], [7, 9]]","[[3, 3]]"
custom_macbuf,42,13,0.7,574713.0,13.9316,0.007458,59713.7570225064,-34.17853825568236,True,2.71,False,13,19,"[[5, 2], [1, 8], [6, 9]]","[[11, 7]]"
custom_macbuf,42,12,1.9,955157.0,13.7597,0.009504,124907.9715376416,-180.6718229282779,True,3.09,False,26,14,"[[5, 2], [12, 6], [5, 6]]","[[9, 7]]"
custom_macbuf,7,13,0.1,4803560.0,13.7617,0.03307,2186097.36513164,-4812.223975915729,True,9.47,False,14,140,"[[3, 9], [12, 6], [9, 2]]","[[2, 2]]"
custom_macbuf,42,17,1.5,338479.0,13.5581,0.006003,27548.5601757897,38.09758890161667,True,2.09,False,15,10,"[[5, 3], [10, 5], [11, 4]]","[[2, 2]]"
custom_macbuf,123,1,0.5,248482.0,13.6231,0.005156,17453.550511935202,60.78136744635726,True,1.74,False,7,14,"[[3, 1], [5, 7], [2, 8]]","[[4, 1]]"
custom_macbuf,42,16,1.9,741314.0,14.0708,0.008373,87337.76687423761,-96.25048695703182,True,2.52,False,24,13,"[[2, 8], [11, 2], [8, 7]]","[[6, 2]]"
custom_macbuf,42,19,0.6,486041.0,13.7414,0.006759,45142.575586626604,-1.436672340466478,True,2.49,False,11,18,"[[9, 4], [8, 4], [2, 4]]","[[3, 7]]"
custom_macbuf,42,15,1.0,505752.0,13.9127,0.006754,47523.6824936016,-6.787088394308059,True,3.74,False,14,14,"[[3, 6], [8, 4], [9, 7]]","[[4, 7]]"
custom_macbuf,42,14,1.6,798094.0,14.0815,0.00839,94289.84594579,-111.87200960393606,True,4.3,False,22,14,"[[6, 9], [2, 4], [9, 8]]","[[3, 2]]"
custom_macbuf,123,5,1.7,801059.0,14.0325,0.008589,96547.75012590749,-116.94558556894145,True,2.94,False,23,14,"[[3, 4], [5, 9], [9, 5]]","[[10, 4]]"
custom_macbuf,123,10,0.8,225399.0,13.3009,0.005164,15481.721363192402,65.21212454590695,True,2.09,False,9,11,"[[3, 4], [7, 5], [2, 5]]","[[1, 2]]"
custom_macbuf,42,18,0.9,464652.0,13.8956,0.006552,42303.763306022396,4.942220919426494,True,4.56,False,13,14,"[[11, 3], [5, 1], [11, 9]]","[[10, 5]]"
custom_macbuf,123,8,1.6,745793.0,13.8392,0.007769,80185.2356546264,-80.17854253869882,True,2.69,False,20,13,"[[4, 5], [2, 7], [1, 1]]","[[3, 6]]"
custom_macbuf,123,2,0.7,688430.0,13.9993,0.007916,76290.75159168399,-71.4275242661639,True,4.05,False,14,20,"[[6, 1], [12, 2], [5, 6]]","[[10, 6]]"
custom_macbuf,123,7,0.5,918535.0,14.2683,0.008823,115633.6463340315,-159.83214609033902,True,3.14,False,13,26,"[[10, 1], [3, 3], [6, 9]]","[[11, 1]]"
custom_macbuf,123,3,0.6,794839.0,13.9424,0.008173,90572.8858351328,-103.51989278411034,True,4.21,False,13,22,"[[11, 1], [11, 5], [9, 9]]","[[10, 4]]"
custom_macbuf,123,9,1.0,288148.0,13.4885,0.005531,21497.250852238,51.69505588499737,True,3.83,False,11,11,"[[8, 3], [6, 2], [3, 6]]","[[1, 2]]"
custom_macbuf,123,12,1.1,480970.0,14.0402,0.006474,43718.371671156,1.7635550289793918,True,3.08,False,14,13,"[[8, 1], [10, 8], [5, 8]]","[[12, 1]]"
custom_macbuf,42,7,0.2,2024410.0,14.2623,0.01597,461097.7016057101,-936.0998650811755,True,9.46,False,13,65,"[[10, 2], [3, 9], [7, 8]]","[[11, 3]]"
custom_macbuf,123,11,1.5,653904.0,14.2203,0.007579,70474.9310570448,-58.35920739906162,True,3.48,False,19,13,"[[12, 1], [2, 8], [8, 7]]","[[4, 1]]"
custom_macbuf,123,6,0.3,1636150.0,14.2037,0.01349,313499.28685495,-604.4419603097758,True,4.66,False,14,47,"[[5, 8], [12, 3], [9, 8]]","[[8, 4]]"
custom_macbuf,123,14,1.1,462195.0,13.6483,0.00694,43778.74156839,1.6279021247005394,True,4.25,False,15,14,"[[6, 5], [10, 9], [7, 2]]","[[4, 3]]"
custom_macbuf,123,15,1.8,708030.0,14.1727,0.008174,82023.61148789401,-84.30942618046078,True,4.1,False,23,13,"[[4, 3], [7, 2], [6, 8]]","[[12, 3]]"
custom_macbuf,123,18,1.4,616010.0,14.1249,0.007297,63491.778198752996,-42.66786105506205,True,3.51,False,18,13,"[[6, 7], [1, 2], [10, 3]]","[[4, 6]]"
custom_macbuf,123,4,0.1,2191290.0,13.8166,0.01557,471400.08233597997,-959.2496124069066,True,7.34,False,9,90,"[[4, 1], [3, 6], [4, 6]]","[[7, 2]]"
custom_macbuf,123,13,0.5,878842.0,14.1533,0.008847,110043.5375921742,-147.27101014657285,True,5.4,False,13,26,"[[11, 5], [3, 9], [9, 5]]","[[3, 2]]"
custom_macbuf,42,11,0.1,3911830.0,14.1316,0.02545,1406886.6082726,-3061.3148795571924,True,12.3,False,12,120,"[[2, 7], [10, 4], [9, 2]]","[[7, 4]]"
custom_macbuf,123,16,1.1,500206.0,13.9918,0.006912,48375.5833322496,-8.701334205796616,True,5.79,False,15,14,"[[5, 8], [8, 5], [12, 2]]","[[1, 7]]"
custom_macbuf,123,0,0.1,5431590.0,13.681,0.03436,2553277.2646644,-5637.287824730414,True,11.41,False,14,140,"[[7, 6], [1, 6], [12, 2]]","[[9, 2]]"
custom_macbuf,123,17,0.5,1081030.0,14.1172,0.009824,149925.210617984,-236.88628234887824,True,7.48,False,14,28,"[[10, 4], [12, 2], [2, 7]]","[[8, 6]]"
custom_macbuf,123,19,0.1,3393600.0,13.5968,0.02227,1027584.5776896,-2209.0122518418266,True,7.26,False,11,110,"[[7, 5], [9, 6], [6, 4]]","[[5, 4]]"
mkDelayWorker32B,7,0,1.8,12550800.0,8.82973,0.1905,21111243.391602,-149.08128708083305,True,50.82,False,90,50,[],"[[37, 42], [43, 3], [6, 15], [13, 23], [10, 8], [11, 35], [8, 31], [27, 8], [22, 9], [29, 11], [25, 18], [42, 8], [48, 30], [18, 39], [15, 41], [12, 1], [17, 2], [21, 6], [26, 34], [29, 43], [12, 39], [33, 26], [2, 23], [4, 9], [39, 3], [32, 10], [44, 36], [6, 8], [41, 28], [45, 26], [17, 32], [23, 26], [18, 28], [26, 25], [26, 16], [40, 7], [10, 33], [22, 39], [34, 11], [22, 16], [23, 5], [35, 6], [26, 1]]"
mkDelayWorker32B,7,1,1.1,7214370.0,8.57503,0.1589,9830100.48587679,-15.98057185632743,True,47.17,False,55,50,[],"[[4, 28], [5, 37], [19, 36], [14, 43], [7, 25], [27, 40], [2, 4], [11, 10], [19, 20], [45, 25], [5, 30], [47, 41], [11, 23], [44, 26], [3, 24], [35, 34], [40, 12], [47, 27], [47, 34], [38, 18], [6, 34], [15, 38], [30, 21], [19, 2], [36, 23], [36, 38], [23, 10], [8, 27], [4, 1], [26, 24], [12, 36], [32, 30], [28, 27], [22, 41], [33, 4], [29, 18], [35, 17], [14, 35], [33, 37], [12, 20], [23, 33], [5, 15], [24, 13]]"
mkDelayWorker32B,7,14,0.7,10748400.0,7.57306,0.1953,15897083.7137112,-87.5619544899985,True,54.24,False,50,71,[],"[[1, 13], [14, 24], [43, 25], [8, 23], [24, 32], [3, 34], [42, 40], [1, 40], [15, 16], [35, 35], [32, 25], [28, 25], [35, 27], [39, 31], [5, 40], [40, 39], [15, 9], [47, 21], [35, 17], [12, 21], [38, 28], [22, 10], [36, 2], [27, 29], [4, 9], [33, 21], [13, 7], [3, 15], [16, 23], [12, 41], [11, 40], [40, 13], [48, 12], [32, 33], [13, 40], [9, 30], [20, 14], [20, 41], [25, 23], [31, 36], [1, 4], [22, 39], [45, 27]]"
mkDelayWorker32B,7,7,1.2,8232540.0,8.52119,0.1645,11539845.672467703,-36.153023272700764,True,57.05,False,60,50,[],"[[44, 40], [15, 17], [19, 16], [14, 14], [29, 2], [42, 36], [13, 8], [11, 11], [21, 14], [41, 21], [30, 4], [2, 10], [4, 2], [42, 43], [30, 17], [24, 19], [17, 35], [33, 3], [8, 7], [21, 1], [28, 28], [27, 19], [2, 26], [7, 27], [19, 22], [48, 30], [29, 16], [21, 43], [22, 35], [31, 5], [33, 21], [36, 15], [39, 10], [46, 23], [26, 19], [15, 39], [20, 6], [30, 28], [6, 14], [31, 36], [28, 2], [45, 29], [34, 17]]"
mkDelayWorker32B,7,4,1.9,13917900.0,7.85233,0.2117,23136257.6827719,-172.97344523776692,True,60.51,False,93,49,[],"[[3, 35], [45, 29], [44, 5], [30, 26], [30, 14], [39, 20], [26, 4], [17, 31], [35, 18], [19, 19], [17, 21], [27, 42], [40, 10], [24, 27], [10, 27], [11, 2], [31, 41], [37, 39], [19, 39], [5, 21], [35, 4], [4, 18], [9, 41], [1, 26], [33, 35], [22, 31], [35, 29], [41, 17], [10, 3], [22, 25], [21, 25], [25, 42], [8, 22], [3, 18], [36, 34], [35, 35], [28, 18], [41, 1], [31, 18], [4, 28], [9, 1], [13, 15], [11, 39]]"
mkDelayWorker32B,7,5,0.4,16257200.0,7.97679,0.2306,29904270.351472802,-252.82593309123018,True,66.83,False,47,118,[],"[[41, 28], [6, 8], [36, 39], [17, 2], [34, 36], [24, 3], [28, 28], [24, 11], [28, 8], [25, 28], [4, 21], [5, 40], [15, 8], [17, 35], [30, 17], [6, 41], [26, 13], [38, 4], [31, 1], [21, 39], [10, 35], [32, 35], [40, 41], [16, 29], [8, 30], [12, 21], [42, 32], [4, 30], [25, 20], [26, 37], [29, 33], [3, 7], [45, 17], [13, 36], [23, 30], [15, 36], [40, 31], [24, 31], [38, 33], [36, 10], [39, 4], [19, 15], [18, 23]]"
mkDelayWorker32B,7,8,1.9,11234600.0,8.50688,0.1925,18397493.35424,-117.06307102489606,True,74.17,False,91,48,[],"[[10, 19], [12, 41], [44, 29], [26, 28], [35, 21], [44, 39], [25, 29], [14, 8], [25, 40], [17, 37], [25, 10], [2, 10], [33, 30], [9, 16], [13, 1], [47, 35], [6, 40], [15, 2], [15, 25], [38, 29], [19, 31], [8, 39], [8, 14], [21, 35], [30, 31], [47, 7], [45, 34], [21, 22], [24, 40], [16, 13], [26, 20], [43, 34], [5, 26], [19, 5], [20, 29], [43, 7], [24, 1], [11, 21], [46, 41], [15, 19], [37, 24], [20, 7], [8, 33]]"
mkDelayWorker32B,7,11,1.7,11832000.0,8.04752,0.1998,19024607.676672,-124.46208773275724,True,74.25,False,85,50,[],"[[42, 5], [5, 42], [10, 32], [30, 32], [45, 36], [2, 42], [31, 13], [45, 17], [25, 18], [12, 38], [14, 19], [4, 14], [20, 37], [16, 19], [25, 8], [29, 43], [24, 3], [28, 35], [5, 24], [14, 37], [48, 12], [22, 39], [21, 30], [23, 33], [1, 11], [24, 28], [32, 36], [21, 10], [3, 41], [37, 25], [39, 41], [43, 27], [19, 18], [29, 14], [39, 31], [39, 4], [48, 6], [36, 36], [19, 6], [26, 3], [5, 10], [6, 34], [1, 3]]"
mkDelayWorker32B,7,9,1.4,10591100.0,8.36793,0.1795,15908292.224428497,-87.69419825337788,True,83.24,False,70,50,[],"[[6, 10], [11, 32], [46, 3], [26, 14], [16, 21], [4, 32], [46, 26], [44, 2], [22, 7], [32, 9], [33, 36], [20, 20], [12, 27], [31, 40], [27, 35], [2, 1], [6, 30], [25, 39], [42, 42], [19, 24], [33, 15], [10, 27], [2, 21], [36, 6], [28, 24], [48, 9], [5, 36], [27, 43], [15, 32], [38, 25], [39, 7], [1, 33], [4, 17], [32, 37], [21, 35], [34, 14], [39, 29], [19, 12], [14, 37], [12, 18], [44, 35], [33, 3], [42, 3]]"
mkDelayWorker32B,7,17,1.4,10591200.0,10.8536,0.1478,16990001.421696,-100.45675866276353,True,49.2,False,70,50,[],"[[16, 2], [44, 43], [40, 26], [25, 35], [42, 42], [32, 7], [33, 3], [20, 15], [15, 16], [15, 8], [46, 26], [10, 28], [18, 24], [33, 38], [32, 43], [18, 1], [39, 26], [24, 31], [40, 9], [22, 9], [28, 30], [29, 4], [19, 6], [44, 34], [48, 21], [12, 36], [28, 43], [26, 23], [9, 14], [16, 9], [12, 12], [38, 12], [23, 26], [34, 32], [25, 22], [3, 32], [35, 11], [36, 2], [36, 28], [10, 1], [28, 17], [17, 36], [35, 2]]"
mkDelayWorker32B,7,13,0.5,14631500.0,10.2486,0.1844,27651220.88196,-226.24329883737673,True,97.12,False,50,100,[],"[[29, 6], [6, 29], [24, 19], [47, 41], [1, 23], [12, 21], [36, 1], [42, 20], [8, 10], [46, 43], [44, 21], [30, 32], [41, 36], [14, 20], [2, 34], [20, 32], [13, 37], [4, 4], [15, 36], [26, 23], [40, 6], [19, 41], [18, 2], [24, 33], [35, 1], [16, 4], [7, 40], [39, 33], [26, 16], [28, 39], [12, 33], [44, 11], [13, 19], [22, 32], [34, 21], [5, 5], [40, 27], [48, 32], [47, 4], [10, 34], [31, 14], [45, 24], [5, 26]]"
mkDelayWorker32B,7,16,1.7,12377000.0,8.49797,0.1941,20415316.627329003,-140.8703858589717,True,54.09,False,85,50,[],"[[40, 30], [29, 12], [38, 19], [47, 25], [42, 34], [22, 28], [34, 22], [26, 40], [5, 32], [39, 19], [11, 1], [37, 43], [14, 12], [38, 29], [35, 28], [12, 41], [5, 2], [2, 5], [32, 2], [15, 25], [39, 10], [22, 38], [3, 22], [6, 19], [43, 22], [13, 40], [40, 19], [23, 30], [48, 19], [11, 38], [12, 3], [44, 12], [18, 1], [33, 16], [14, 19], [8, 33], [16, 21], [2, 37], [31, 12], [20, 43], [33, 33], [16, 34], [17, 22]]"
mkDelayWorker32B,7,2,0.4,15641200.0,9.5158,0.2091,31122136.823736005,-267.1949469279321,True,102.83,False,49,123,[],"[[19, 32], [30, 36], [4, 31], [33, 24], [42, 35], [11, 22], [28, 11], [6, 31], [10, 1], [41, 2], [37, 41], [35, 11], [8, 30], [16, 31], [17, 16], [21, 35], [36, 2], [41, 16], [4, 43], [9, 43], [44, 43], [27, 7], [26, 20], [35, 43], [36, 33], [41, 34], [3, 19], [2, 40], [43, 33], [3, 33], [13, 28], [5, 16], [42, 10], [12, 18], [47, 1], [6, 41], [37, 25], [19, 26], [1, 21], [47, 41], [30, 10], [38, 18], [13, 18]]"
mkDelayWorker32B,7,18,1.3,8263940.0,7.80488,0.1806,11648530.24091232,-37.43533960489648,True,46.49,False,65,50,[],"[[34, 25], [40, 9], [24, 40], [46, 5], [7, 16], [15, 43], [6, 13], [14, 35], [32, 40], [31, 15], [22, 24], [34, 38], [17, 31], [1, 23], [42, 27], [16, 24], [24, 33], [32, 2], [43, 33], [4, 39], [19, 29], [45, 7], [36, 18], [33, 2], [34, 11], [8, 35], [26, 28], [21, 15], [36, 7], [18, 9], [11, 5], [5, 42], [25, 36], [47, 21], [1, 12], [24, 11], [28, 19], [19, 4], [29, 41], [21, 22], [15, 4], [37, 28], [43, 9]]"
mkDelayWorker32B,7,10,0.3,23604400.0,8.85859,0.2661,55641962.8479156,-556.492441718328,True,117.87,False,49,163,[],"[[41, 27], [35, 19], [45, 20], [35, 32], [7, 42], [14, 36], [9, 23], [45, 38], [41, 41], [6, 23], [9, 29], [23, 28], [30, 12], [13, 6], [40, 13], [37, 14], [40, 23], [40, 32], [20, 41], [8, 15], [1, 42], [14, 30], [38, 2], [37, 37], [21, 29], [47, 19], [11, 42], [13, 33], [37, 22], [33, 16], [4, 43], [12, 16], [15, 37], [46, 25], [39, 26], [23, 5], [10, 28], [38, 24], [24, 17], [18, 38], [19, 41], [31, 11], [22, 22]]"
mkDelayWorker32B,7,3,0.2,35679500.0,13.335,0.2782,132363702.06150001,-1461.6949063917978,True,128.54,False,49,245,[],"[[34, 15], [37, 17], [35, 35], [42, 13], [44, 38], [27, 34], [15, 12], [21, 29], [17, 9], [22, 36], [6, 22], [8, 43], [25, 17], [1, 13], [28, 25], [30, 17], [37, 23], [44, 19], [30, 11], [32, 18], [17, 15], [43, 7], [39, 1], [45, 32], [47, 10], [11, 23], [22, 17], [7, 39], [14, 16], [27, 5], [35, 23], [26, 16], [5, 24], [41, 43], [7, 15], [3, 2], [39, 10], [5, 39], [38, 42], [42, 7], [4, 19], [43, 20], [33, 24]]"
mkDelayWorker32B,42,0,1.3,8623310.0,8.46333,0.1679,12253664.069524169,-44.57501916288739,True,69.23,False,64,49,[],"[[39, 4], [22, 21], [12, 30], [45, 10], [20, 12], [40, 20], [31, 9], [44, 11], [39, 34], [44, 34], [28, 2], [22, 6], [37, 5], [12, 42], [40, 13], [48, 31], [20, 3], [2, 36], [35, 40], [5, 2], [10, 18], [1, 35], [25, 2], [30, 41], [40, 2], [9, 17], [15, 15], [3, 11], [23, 23], [10, 42], [17, 23], [7, 2], [43, 32], [38, 14], [4, 14], [10, 12], [29, 7], [17, 2], [41, 18], [18, 34], [30, 11], [48, 23], [26, 8]]"
mkDelayWorker32B,42,3,1.1,7214380.0,7.69024,0.1724,9564806.07346688,-12.850492188698764,True,61.92,False,55,50,[],"[[13, 41], [15, 38], [26, 43], [37, 21], [20, 43], [6, 27], [5, 16], [21, 20], [16, 42], [48, 36], [8, 3], [25, 20], [11, 8], [44, 29], [14, 22], [30, 18], [35, 40], [27, 15], [17, 33], [23, 12], [44, 1], [8, 16], [12, 3], [29, 10], [32, 23], [36, 13], [22, 30], [29, 28], [18, 18], [31, 31], [8, 35], [30, 11], [38, 8], [17, 4], [37, 42], [31, 41], [29, 43], [48, 42], [48, 22], [24, 14], [14, 5], [39, 38], [14, 42]]"
mkDelayWorker32B,42,4,1.5,10873200.0,9.99596,0.1616,17563992.479155198,-107.22899981942126,True,59.39,False,75,50,[],"[[43, 36], [20, 13], [5, 28], [7, 34], [34, 41], [37, 15], [25, 22], [9, 42], [9, 31], [17, 26], [9, 6], [1, 11], [37, 43], [31, 18], [25, 28], [22, 42], [37, 2], [30, 29], [13, 6], [16, 36], [18, 40], [44, 4], [48, 30], [14, 19], [11, 1], [47, 30], [48, 17], [46, 34], [21, 38], [24, 29], [39, 24], [24, 13], [46, 40], [11, 40], [2, 19], [43, 15], [38, 19], [15, 19], [37, 21], [40, 30], [29, 35], [27, 21], [3, 28]]"
mkDelayWorker32B,42,8,1.0,7430280.0,10.0719,0.1357,10155385.9388124,-19.818456616734487,True,46.71,False,50,50,[],"[[3, 27], [48, 23], [14, 26], [23, 22], [45, 11], [9, 7], [8, 8], [43, 33], [47, 6], [34, 43], [31, 36], [32, 3], [7, 43], [24, 31], [32, 31], [2, 11], [39, 4], [48, 6], [19, 24], [27, 43], [39, 14], [29, 35], [47, 32], [22, 2], [29, 1], [46, 5], [1, 15], [43, 14], [41, 12], [32, 20], [18, 13], [14, 5], [33, 35], [16, 7], [13, 18], [15, 43], [38, 43], [26, 28], [33, 9], [12, 26], [25, 40], [48, 41], [16, 33]]"
mkDelayWorker32B,7,6,0.3,24703200.0,9.02245,0.2719,60601992.88179599,-615.0134223105927,True,151.04,False,50,167,[],"[[39, 39], [6, 35], [14, 11], [33, 8], [29, 16], [19, 25], [5, 12], [26, 41], [13, 4], [27, 23], [19, 32], [33, 22], [4, 20], [48, 24], [8, 42], [17, 28], [31, 9], [10, 22], [6, 28], [24, 5], [45, 36], [24, 20], [24, 33], [16, 16], [15, 5], [4, 2], [48, 4], [1, 19], [34, 9], [48, 42], [34, 35], [27, 31], [43, 28], [1, 32], [34, 3], [38, 27], [36, 17], [40, 28], [11, 5], [47, 16], [48, 33], [42, 19], [41, 17]]"
mkDelayWorker32B,42,5,1.2,7306390.0,8.13744,0.1672,9940927.87239552,-17.288170256186312,True,59.35,False,59,49,[],"[[11, 42], [6, 7], [47, 3], [16, 40], [34, 35], [20, 26], [48, 22], [44, 23], [22, 33], [32, 35], [18, 28], [28, 10], [17, 42], [10, 28], [48, 39], [15, 34], [15, 40], [17, 24], [9, 34], [40, 20], [43, 39], [19, 17], [23, 27], [22, 2], [6, 24], [41, 6], [33, 17], [28, 20], [4, 15], [44, 30], [42, 35], [25, 30], [29, 40], [48, 5], [21, 34], [17, 7], [15, 3], [37, 26], [4, 4], [13, 22], [4, 41], [1, 5], [45, 18]]"
mkDelayWorker32B,42,6,1.5,11380000.0,11.5742,0.1464,19282987.5744,-127.51058640657318,True,62.29,False,75,50,[],"[[23, 33], [25, 20], [14, 31], [20, 7], [33, 8], [6, 35], [40, 26], [48, 42], [18, 27], [25, 37], [46, 42], [7, 28], [45, 23], [6, 41], [47, 43], [32, 31], [16, 37], [13, 22], [22, 12], [17, 28], [32, 39], [36, 3], [46, 4], [5, 15], [2, 27], [14, 15], [12, 21], [22, 35], [47, 22], [26, 25], [48, 8], [18, 34], [25, 11], [19, 17], [30, 38], [36, 11], [31, 34], [42, 6], [47, 28], [18, 12], [9, 11], [13, 13], [47, 13]]"
mkDelayWorker32B,42,9,2.0,12786000.0,8.95117,0.1973,22580917.843025997,-166.42126072237272,True,62.96,False,99,50,[],"[[8, 37], [35, 16], [30, 37], [45, 15], [38, 15], [12, 22], [1, 22], [14, 14], [25, 1], [21, 19], [16, 8], [42, 34], [2, 18], [46, 34], [40, 30], [38, 8], [38, 35], [12, 30], [36, 30], [6, 25], [23, 6], [16, 22], [3, 11], [47, 37], [12, 16], [14, 4], [44, 36], [4, 17], [43, 42], [33, 20], [22, 40], [12, 4], [19, 7], [3, 1], [40, 19], [41, 6], [21, 9], [37, 42], [20, 6], [25, 43], [32, 21], [5, 30], [31, 16]]"
mkDelayWorker32B,42,7,0.9,8379360.0,9.0476,0.154,11675217.020544,-37.75020393076303,True,66.64,False,50,56,[],"[[46, 16], [37, 32], [3, 28], [9, 16], [46, 33], [35, 40], [25, 12], [8, 40], [4, 28], [5, 14], [12, 29], [21, 18], [13, 28], [6, 42], [11, 32], [18, 37], [35, 25], [17, 8], [46, 8], [35, 10], [33, 25], [48, 19], [41, 26], [18, 7], [4, 17], [30, 38], [2, 26], [5, 4], [25, 31], [23, 16], [38, 25], [20, 16], [28, 15], [2, 36], [38, 41], [39, 42], [31, 14], [15, 32], [11, 3], [36, 10], [29, 38], [14, 8], [1, 40]]"
mkDelayWorker32B,42,10,1.2,8611290.0,8.77235,0.1618,12222574.2227367,-44.20820519038356,True,49.42,False,60,50,[],"[[13, 20], [5, 20], [45, 30], [40, 22], [38, 21], [18, 28], [33, 43], [44, 28], [3, 21], [32, 14], [2, 22], [28, 5], [31, 34], [39, 14], [46, 32], [1, 15], [35, 15], [11, 16], [34, 3], [16, 8], [12, 24], [31, 22], [30, 35], [24, 21], [14, 20], [20, 23], [11, 1], [11, 38], [37, 25], [27, 21], [21, 35], [25, 3], [16, 2], [18, 19], [32, 25], [6, 17], [39, 27], [29, 21], [27, 38], [29, 9], [19, 38], [34, 28], [28, 30]]"
mkDelayWorker32B,42,1,0.2,32768000.0,9.05293,0.3413,101245419.814912,-1094.5454377438211,True,123.23,False,49,245,[],"[[20, 32], [47, 34], [23, 15], [3, 27], [30, 25], [30, 33], [28, 9], [34, 10], [12, 24], [34, 16], [3, 17], [42, 26], [37, 10], [42, 36], [47, 41], [5, 5], [40, 43], [44, 25], [24, 27], [14, 36], [12, 14], [17, 27], [42, 20], [27, 5], [45, 41], [11, 30], [13, 7], [10, 26], [22, 2], [18, 36], [43, 27], [41, 43], [17, 35], [33, 26], [21, 9], [37, 16], [27, 28], [7, 9], [6, 2], [4, 32], [8, 13], [44, 39], [15, 3]]"
mkDelayWorker32B,42,14,1.8,13742000.0,9.20892,0.1878,23765898.188592,-180.40226715406794,True,64.55,False,90,50,[],"[[7, 4], [24, 28], [7, 13], [48, 27], [44, 1], [47, 32], [20, 13], [43, 40], [45, 31], [11, 25], [28, 4], [12, 24], [24, 13], [3, 22], [31, 25], [26, 2], [27, 29], [26, 42], [29, 40], [36, 11], [35, 2], [48, 43], [13, 43], [39, 6], [42, 10], [2, 30], [45, 16], [22, 2], [14, 40], [38, 28], [23, 4], [46, 14], [18, 22], [33, 12], [4, 14], [28, 43], [6, 19], [1, 23], [39, 28], [36, 32], [43, 17], [33, 22], [7, 43]]"
mkDelayWorker32B,42,11,1.5,10872500.0,9.36326,0.1706,17367428.766110003,-104.90984022609476,True,82.21,False,75,50,[],"[[22, 6], [1, 43], [10, 16], [44, 18], [29, 43], [38, 37], [16, 15], [5, 24], [15, 32], [48, 10], [21, 41], [24, 2], [13, 5], [5, 34], [9, 2], [17, 12], [32, 4], [28, 32], [42, 12], [6, 13], [23, 22], [41, 3], [1, 3], [39, 40], [23, 12], [3, 25], [43, 33], [19, 25], [44, 31], [33, 6], [29, 18], [45, 33], [36, 14], [6, 40], [4, 30], [1, 29], [13, 36], [17, 24], [23, 1], [2, 36], [7, 10], [21, 29], [37, 31]]"
mkDelayWorker32B,42,16,1.0,6521180.0,7.62436,0.1685,8377790.334698801,1.1545288568723042,True,60.03,False,50,50,[],"[[18, 29], [4, 28], [47, 20], [24, 20], [12, 38], [47, 36], [32, 5], [18, 35], [31, 7], [33, 43], [19, 25], [41, 13], [2, 22], [39, 7], [27, 41], [46, 11], [9, 23], [2, 33], [16, 10], [17, 25], [26, 40], [12, 27], [8, 6], [34, 38], [4, 6], [41, 4], [20, 28], [11, 22], [15, 28], [28, 24], [47, 9], [40, 14], [13, 31], [30, 24], [48, 37], [27, 23], [26, 11], [9, 41], [3, 39], [11, 41], [46, 21], [25, 13], [38, 13]]"
mkDelayWorker32B,42,15,0.5,14688700.0,9.51321,0.1896,26494075.9930392,-212.5907094126318,True,63.89,False,49,98,[],"[[47, 15], [10, 1], [29, 21], [37, 17], [43, 42], [26, 38], [10, 16], [9, 27], [23, 17], [20, 43], [15, 41], [40, 18], [19, 20], [36, 13], [46, 34], [21, 12], [19, 6], [11, 21], [16, 25], [43, 12], [7, 24], [35, 11], [13, 10], [28, 41], [16, 31], [37, 35], [1, 13], [44, 39], [40, 9], [16, 4], [5, 12], [47, 35], [3, 14], [9, 5], [27, 39], [41, 13], [20, 1], [12, 2], [35, 2], [39, 33], [14, 17], [42, 18], [3, 4]]"
mkDelayWorker32B,42,18,1.7,10858600.0,8.55322,0.1857,17247072.214304402,-103.48981184234378,True,54.0,False,83,49,[],"[[46, 17], [1, 14], [20, 30], [42, 22], [42, 6], [1, 4], [4, 23], [19, 26], [11, 37], [3, 40], [10, 12], [13, 1], [32, 21], [16, 2], [1, 35], [9, 35], [16, 38], [8, 13], [21, 2], [37, 27], [30, 8], [43, 38], [7, 27], [35, 2], [26, 34], [12, 26], [27, 16], [12, 5], [35, 20], [35, 9], [25, 41], [18, 2], [26, 15], [31, 10], [16, 25], [22, 28], [23, 42], [17, 39], [6, 5], [47, 41], [48, 26], [37, 35], [36, 5]]"
mkDelayWorker32B,7,19,0.2,32838900.0,11.582,0.3038,115547334.47124001,-1263.286768807983,True,160.4,False,50,250,[],"[[35, 41], [1, 14], [1, 28], [18, 15], [29, 33], [29, 43], [1, 36], [19, 4], [14, 22], [30, 27], [48, 37], [8, 42], [41, 8], [29, 12], [44, 2], [41, 42], [48, 26], [39, 23], [37, 14], [15, 23], [26, 31], [25, 40], [3, 34], [39, 9], [34, 3], [34, 40], [36, 36], [27, 42], [14, 36], [28, 43], [19, 10], [5, 29], [26, 7], [16, 42], [37, 29], [33, 20], [19, 19], [42, 31], [9, 10], [23, 22], [25, 28], [16, 12], [9, 25]]"
mkDelayWorker32B,42,13,1.5,11379700.0,11.0352,0.1514,19012397.987616,-124.31803155337863,True,82.5,False,75,50,[],"[[38, 38], [10, 40], [30, 6], [17, 31], [2, 40], [6, 24], [44, 4], [23, 20], [22, 19], [9, 5], [48, 6], [29, 9], [20, 5], [47, 13], [46, 29], [42, 40], [45, 31], [30, 26], [44, 43], [37, 7], [22, 33], [31, 43], [2, 29], [24, 17], [48, 27], [9, 31], [19, 7], [44, 22], [27, 36], [2, 3], [4, 42], [13, 32], [14, 41], [4, 20], [37, 41], [35, 18], [29, 40], [26, 30], [20, 20], [4, 6], [28, 40], [28, 2], [1, 31]]"
mkDelayWorker32B,42,19,1.3,7958970.0,8.0366,0.1738,11116779.5328876,-31.161471775130025,True,55.86,False,64,49,[],"[[8, 36], [16, 27], [48, 24], [22, 21], [20, 39], [45, 42], [28, 42], [1, 32], [2, 21], [9, 2], [31, 6], [30, 17], [17, 15], [39, 7], [45, 26], [47, 36], [9, 26], [18, 15], [38, 15], [42, 13], [1, 41], [18, 38], [27, 40], [42, 40], [4, 29], [34, 39], [10, 10], [3, 15], [6, 6], [35, 34], [43, 35], [28, 25], [40, 9], [24, 30], [34, 6], [34, 21], [22, 32], [13, 14], [27, 7], [45, 5], [2, 32], [19, 23], [26, 15]]"
mkDelayWorker32B,42,17,1.1,8221570.0,7.16462,0.1849,10891428.15539366,-28.50266053836706,True,68.14,False,55,50,[],"[[48, 43], [19, 19], [10, 36], [26, 9], [26, 31], [48, 13], [40, 34], [5, 34], [34, 24], [33, 3], [11, 2], [24, 29], [42, 21], [6, 24], [16, 34], [25, 20], [36, 31], [37, 32], [8, 8], [35, 18], [23, 4], [3, 21], [26, 22], [19, 9], [4, 8], [14, 18], [37, 14], [48, 19], [31, 43], [25, 29], [46, 16], [32, 15], [10, 28], [40, 43], [13, 5], [18, 37], [36, 14], [11, 8], [22, 24], [24, 12], [44, 20], [45, 5], [45, 29]]"
mkDelayWorker32B,42,12,0.3,23604200.0,8.43098,0.2744,54607394.05903039,-544.2860680467661,True,100.14,False,49,163,[],"[[30, 10], [15, 6], [40, 1], [19, 40], [23, 26], [14, 8], [3, 4], [6, 25], [5, 35], [40, 11], [25, 38], [39, 12], [41, 36], [24, 4], [43, 10], [2, 9], [23, 12], [19, 11], [39, 3], [28, 20], [11, 33], [12, 9], [36, 5], [46, 29], [41, 24], [43, 20], [3, 20], [47, 27], [16, 17], [20, 32], [37, 22], [35, 26], [18, 9], [14, 38], [40, 43], [25, 30], [38, 7], [47, 15], [3, 29], [38, 42], [5, 9], [11, 23], [25, 11]]"
mkDelayWorker32B,123,1,1.8,11535600.0,7.51163,0.2105,18240068.975394,-115.20569738879556,True,61.76,False,88,49,[],"[[47, 17], [38, 32], [32, 25], [47, 40], [15, 10], [31, 39], [34, 35], [11, 37], [9, 21], [39, 2], [9, 41], [5, 11], [6, 4], [16, 29], [24, 12], [36, 42], [44, 17], [32, 41], [7, 38], [7, 12], [20, 5], [19, 25], [16, 4], [10, 22], [46, 9], [20, 36], [7, 27], [6, 25], [44, 1], [12, 31], [35, 35], [33, 29], [31, 6], [22, 8], [4, 33], [20, 19], [4, 5], [28, 41], [22, 32], [21, 10], [38, 26], [12, 21], [34, 28]]"
mkDelayWorker32B,123,0,1.4,10119800.0,8.01775,0.1843,14953738.274734996,-76.4318807305582,True,78.05,False,70,50,[],"[[16, 13], [44, 19], [9, 9], [21, 39], [31, 11], [32, 5], [43, 10], [23, 43], [6, 13], [20, 3], [31, 40], [20, 41], [17, 31], [42, 3], [23, 12], [4, 9], [41, 41], [41, 32], [2, 14], [39, 17], [22, 8], [1, 18], [8, 41], [39, 24], [20, 29], [34, 38], [23, 3], [45, 17], [5, 23], [5, 13], [21, 5], [11, 17], [25, 40], [6, 19], [34, 8], [6, 38], [13, 9], [37, 25], [34, 19], [9, 24], [38, 14], [36, 24], [47, 11]]"
mkDelayWorker32B,42,2,0.2,37183800.0,12.0432,0.3048,136493079.36076802,-1510.415419601986,True,181.22,False,50,250,[],"[[16, 17], [19, 22], [11, 42], [7, 37], [3, 14], [6, 24], [14, 29], [36, 31], [28, 38], [22, 32], [30, 12], [15, 25], [30, 31], [20, 19], [11, 2], [47, 18], [37, 33], [7, 29], [38, 10], [12, 10], [33, 40], [29, 9], [1, 4], [38, 28], [44, 19], [21, 22], [3, 7], [46, 30], [19, 32], [23, 39], [40, 15], [30, 20], [26, 42], [36, 13], [48, 36], [17, 40], [39, 14], [2, 32], [4, 8], [12, 26], [32, 10], [29, 15], [42, 43]]"
mkDelayWorker32B,123,2,1.8,12550200.0,7.71469,0.2102,20351753.6924676,-140.12043772317355,True,66.1,False,90,50,[],"[[24, 22], [36, 13], [18, 5], [41, 13], [48, 43], [20, 19], [15, 5], [46, 40], [13, 5], [5, 13], [25, 35], [14, 34], [11, 27], [33, 6], [18, 11], [37, 42], [40, 13], [1, 11], [43, 29], [7, 15], [21, 31], [15, 38], [6, 21], [9, 43], [19, 38], [31, 22], [30, 10], [44, 12], [1, 37], [6, 13], [47, 28], [9, 13], [17, 9], [2, 15], [21, 13], [8, 32], [16, 42], [46, 13], [45, 14], [13, 33], [31, 38], [40, 7], [2, 24]]"
mkDelayWorker32B,123,3,1.0,7431150.0,8.84317,0.1509,9916381.842295952,-16.998563592262524,True,49.1,False,50,50,[],"[[4, 1], [30, 6], [13, 16], [32, 21], [42, 10], [11, 16], [2, 28], [20, 20], [47, 31], [17, 29], [36, 34], [7, 14], [19, 36], [31, 34], [29, 30], [23, 3], [19, 13], [18, 13], [37, 4], [44, 43], [12, 6], [14, 34], [37, 41], [41, 7], [3, 11], [3, 24], [33, 19], [38, 38], [33, 5], [16, 5], [12, 13], [31, 1], [10, 28], [12, 38], [20, 30], [1, 16], [25, 28], [28, 31], [9, 34], [48, 11], [23, 40], [12, 31], [44, 6]]"
mkDelayWorker32B,123,6,1.0,7431140.0,8.90639,0.1501,9934313.11078846,-17.210125903030196,True,46.49,False,50,50,[],"[[13, 36], [35, 5], [10, 11], [11, 35], [14, 19], [22, 21], [36, 22], [44, 20], [37, 31], [8, 42], [21, 25], [39, 35], [41, 1], [45, 21], [40, 20], [6, 39], [33, 20], [16, 31], [15, 6], [26, 42], [1, 21], [4, 25], [34, 18], [35, 29], [23, 17], [36, 38], [8, 30], [25, 25], [8, 15], [9, 37], [38, 22], [27, 20], [5, 43], [46, 27], [28, 43], [36, 28], [48, 10], [41, 17], [6, 7], [30, 5], [28, 5], [18, 40], [5, 36]]"
mkDelayWorker32B,123,7,0.6,9367180.0,8.20076,0.182,13980875.1003376,-64.9535415755635,True,52.78,False,47,78,[],"[[40, 41], [44, 3], [45, 10], [42, 39], [10, 26], [41, 9], [2, 9], [15, 40], [32, 42], [40, 30], [26, 20], [27, 38], [36, 4], [26, 29], [14, 33], [43, 14], [4, 31], [8, 39], [34, 43], [13, 15], [37, 37], [13, 3], [30, 32], [29, 36], [9, 39], [25, 14], [20, 14], [15, 20], [27, 15], [36, 37], [37, 20], [8, 33], [36, 21], [31, 19], [5, 13], [44, 33], [6, 32], [12, 31], [4, 10], [44, 14], [38, 27], [24, 25], [7, 23]]"
mkDelayWorker32B,123,9,0.9,6114920.0,8.90187,0.1456,7925622.854298241,6.489432912740053,True,47.43,False,47,52,[],"[[10, 39], [1, 26], [25, 6], [33, 13], [12, 35], [15, 23], [16, 41], [9, 17], [21, 33], [7, 25], [30, 39], [31, 25], [4, 34], [13, 5], [20, 20], [33, 27], [14, 3], [12, 2], [33, 19], [18, 23], [5, 2], [13, 33], [31, 32], [30, 12], [36, 2], [24, 38], [14, 14], [34, 29], [6, 22], [22, 40], [44, 26], [26, 3], [2, 35], [8, 10], [39, 42], [30, 20], [45, 1], [6, 41], [2, 28], [16, 33], [2, 1], [23, 27], [39, 13]]"
lightweight_cipher,7,0,0.6,348706.0,3.42481,0.0215,25676.413610989996,27.812321612337186,True,3.45,False,9,15,[],"[[4, 3], [2, 5], [7, 4]]"
lightweight_cipher,7,1,0.9,559899.0,3.73188,0.02285,47744.523860741996,-34.230830888163446,True,5.0,False,14,16,[],"[[12, 2], [6, 7], [8, 6]]"
mkDelayWorker32B,123,4,1.8,13128200.0,7.40944,0.22,21399974.24576,-152.48788191940295,True,69.62,False,90,50,[],"[[47, 4], [27, 20], [22, 15], [2, 24], [18, 27], [47, 11], [20, 12], [1, 34], [42, 42], [46, 30], [21, 27], [42, 9], [27, 9], [28, 29], [38, 18], [1, 19], [44, 9], [32, 35], [26, 11], [35, 4], [10, 43], [31, 6], [35, 25], [32, 14], [26, 21], [12, 36], [40, 35], [25, 4], [11, 6], [42, 18], [9, 16], [46, 1], [10, 13], [37, 10], [33, 23], [43, 41], [27, 36], [11, 35], [10, 26], [22, 24], [42, 2], [40, 28], [34, 20]]"
lightweight_cipher,7,2,1.8,874141.0,3.51347,0.0277,85074.12856577898,-139.18074872374447,True,6.31,False,25,14,[],"[[3, 7], [4, 1], [5, 5]]"
lightweight_cipher,7,4,0.8,455079.0,3.5731,0.02234,36325.795591265996,-2.1277694403514995,True,4.59,False,12,15,[],"[[1, 5], [4, 5], [10, 6]]"
mkDelayWorker32B,123,13,1.6,11113900.0,9.49648,0.1709,18037286.5784048,-112.81316656990977,True,59.62,False,80,50,[],"[[19, 15], [9, 37], [6, 20], [35, 1], [19, 37], [4, 4], [28, 6], [12, 5], [43, 24], [33, 27], [27, 13], [4, 24], [35, 26], [37, 26], [44, 39], [36, 36], [22, 35], [41, 35], [6, 4], [47, 37], [35, 18], [47, 17], [32, 18], [36, 27], [20, 31], [44, 2], [31, 37], [41, 22], [29, 32], [26, 1], [34, 41], [47, 27], [40, 21], [33, 38], [29, 24], [18, 25], [27, 39], [7, 40], [48, 43], [32, 35], [4, 30], [24, 19], [39, 42]]"
mkDelayWorker32B,123,12,1.1,6931160.0,9.02626,0.1509,9440674.04627544,-11.385918808189293,True,62.69,False,55,50,[],"[[34, 14], [42, 21], [5, 5], [35, 20], [35, 42], [38, 11], [14, 39], [37, 19], [37, 3], [46, 35], [33, 20], [19, 13], [24, 41], [1, 43], [32, 43], [47, 10], [9, 27], [17, 16], [16, 31], [37, 26], [25, 24], [4, 36], [12, 34], [11, 32], [22, 20], [13, 24], [27, 30], [31, 17], [41, 14], [4, 7], [18, 8], [43, 24], [11, 22], [47, 17], [20, 42], [40, 16], [19, 42], [26, 40], [10, 15], [47, 3], [3, 22], [9, 9], [28, 21]]"
mkDelayWorker32B,123,14,1.2,9011150.0,9.2287,0.157,13056308.400785,-54.04502902398877,True,47.57,False,60,50,[],"[[24, 39], [39, 1], [7, 29], [20, 30], [8, 23], [25, 2], [44, 20], [3, 35], [46, 24], [35, 26], [4, 43], [45, 35], [44, 11], [21, 40], [12, 14], [6, 3], [38, 40], [46, 32], [42, 33], [11, 12], [34, 30], [23, 34], [9, 40], [43, 39], [8, 38], [34, 13], [12, 1], [31, 43], [4, 25], [28, 34], [29, 29], [23, 12], [33, 41], [27, 9], [16, 20], [18, 34], [21, 14], [23, 27], [1, 23], [22, 30], [10, 29], [29, 20], [40, 35]]"
lightweight_cipher,7,5,1.4,613224.0,3.59104,0.02377,52344.200171059194,-47.162541648361284,True,4.72,False,18,13,[],"[[1, 4], [6, 2], [3, 6]]"
lightweight_cipher,7,3,0.1,4088830.0,3.45329,0.06043,853266.508814801,-2298.906998870073,True,13.8,False,12,120,[],"[[2, 5], [10, 1], [6, 1]]"
lightweight_cipher,7,6,1.8,705920.0,3.52565,0.02604,64809.051121920005,-82.20671351844511,True,4.31,False,23,13,[],"[[7, 3], [2, 6], [12, 2]]"
lightweight_cipher,7,8,1.8,839773.0,3.76914,0.02622,82992.1209768684,-133.32731075900392,True,3.89,False,25,14,[],"[[12, 7], [4, 6], [9, 7]]"
lightweight_cipher,7,9,1.9,639045.0,3.71653,0.02387,56691.9640435995,-59.38601588006252,True,4.21,False,22,12,[],"[[9, 3], [10, 3], [11, 5]]"
lightweight_cipher,7,10,2.0,758539.0,3.64683,0.0247,68326.690699839,-92.09634368181979,True,4.67,False,23,12,[],"[[4, 5], [3, 5], [1, 4]]"
lightweight_cipher,7,7,0.3,1422370.0,3.48038,0.03238,160293.56669742797,-350.6556334414478,True,7.23,False,12,40,[],"[[1, 2], [3, 1], [10, 3]]"
lightweight_cipher,7,11,1.4,678160.0,3.55347,0.02518,60679.298198736,-70.59616383826247,True,5.08,False,19,14,[],"[[8, 4], [9, 7], [7, 3]]"
lightweight_cipher,7,12,1.7,601307.0,3.66412,0.02357,51930.861884078804,-46.0004661428835,True,4.12,False,20,12,[],"[[5, 4], [10, 3], [1, 5]]"
mkDelayWorker32B,123,16,0.9,7892500.0,7.95717,0.1671,10494208.2219975,-23.816055849614493,True,44.66,False,49,54,[],"[[23, 42], [12, 31], [3, 30], [18, 6], [13, 2], [31, 32], [16, 18], [8, 12], [35, 39], [12, 24], [37, 32], [22, 20], [30, 6], [5, 33], [39, 37], [44, 39], [7, 11], [14, 19], [47, 24], [32, 14], [18, 15], [35, 32], [35, 2], [37, 38], [41, 23], [29, 38], [8, 25], [30, 38], [10, 26], [41, 41], [25, 16], [24, 13], [14, 3], [38, 40], [40, 11], [29, 32], [40, 32], [4, 18], [27, 29], [3, 42], [7, 20], [38, 22], [10, 14]]"
lightweight_cipher,7,13,1.1,343196.0,3.45713,0.02135,25331.202552698,28.7828615494716,True,4.12,False,12,11,[],"[[5, 4], [3, 3], [4, 3]]"
mkDelayWorker32B,123,8,1.9,13879700.0,8.35359,0.2047,23734007.6432781,-180.02600612930726,True,85.27,False,95,50,[],"[[42, 38], [32, 40], [36, 26], [39, 1], [37, 5], [39, 28], [35, 24], [13, 15], [30, 30], [1, 39], [19, 1], [15, 33], [5, 29], [7, 43], [4, 14], [10, 33], [45, 39], [4, 32], [46, 33], [41, 30], [32, 1], [8, 19], [17, 38], [18, 42], [39, 41], [9, 27], [41, 36], [20, 17], [1, 18], [16, 4], [16, 42], [2, 22], [13, 38], [12, 23], [7, 21], [8, 41], [48, 31], [28, 43], [3, 30], [44, 29], [37, 17], [31, 19], [2, 43]]"
lightweight_cipher,7,15,1.2,514728.0,3.47927,0.02381,42640.797764613606,-19.88201474943508,True,5.56,False,16,13,[],"[[9, 6], [2, 1], [3, 3]]"
lightweight_cipher,7,17,1.6,522380.0,3.53368,0.0238,43932.98544992,-23.51492199484068,True,3.99,False,19,12,[],"[[12, 5], [10, 5], [11, 5]]"
lightweight_cipher,7,16,0.4,1038360.0,3.59746,0.02981,111354.019840536,-213.06506793384307,True,6.08,False,13,33,[],"[[11, 7], [5, 1], [3, 7]]"
lightweight_cipher,7,14,2.0,991822.0,3.69783,0.02753,100968.72919653781,-183.86745364356452,True,6.73,False,27,14,[],"[[4, 6], [11, 7], [1, 7]]"
lightweight_cipher,7,19,0.9,342235.0,3.41482,0.02158,25219.918511866,29.095729875670457,True,3.93,False,11,12,[],"[[1, 4], [2, 1], [9, 4]]"
lightweight_cipher,7,18,1.6,511521.0,3.40207,0.02342,40756.1924191674,-14.58356121048324,True,5.32,False,17,11,[],"[[1, 4], [6, 2], [3, 1]]"
lightweight_cipher,42,0,0.5,947823.0,3.49453,0.02964,98173.4867187516,-176.0087990799226,True,5.24,False,14,28,[],"[[4, 4], [11, 5], [12, 4]]"
lightweight_cipher,42,2,2.0,459054.0,3.49143,0.02284,36606.9220809048,-2.9181395024544208,True,3.86,False,19,10,[],"[[5, 3], [3, 2], [12, 1]]"
lightweight_cipher,42,1,0.8,352465.0,3.5244,0.02096,26037.091460159998,26.798297731436083,True,4.78,False,10,13,[],"[[2, 1], [1, 3], [6, 1]]"
lightweight_cipher,42,4,1.4,678085.0,3.75918,0.02396,61075.083944388,-71.70889143918096,True,4.84,False,19,14,[],"[[11, 7], [7, 4], [8, 5]]"
lightweight_cipher,42,3,0.4,783532.0,3.48747,0.02683,73314.16475059319,-106.11832425112155,True,5.98,False,11,28,[],"[[2, 3], [3, 5], [9, 5]]"
lightweight_cipher,42,5,0.3,1426580.0,3.49256,0.0342,170398.63557216,-379.06542123603737,True,8.02,False,13,43,[],"[[8, 4], [9, 3], [11, 7]]"
lightweight_cipher,42,6,0.2,2564080.0,3.68774,0.04457,421438.783100944,-1084.849558645427,True,7.8,False,14,70,[],"[[7, 2], [12, 6], [2, 3]]"
lightweight_cipher,42,7,2.0,911968.0,3.4837,0.02883,91593.570829728,-157.50976493866682,True,5.56,False,27,14,[],"[[3, 6], [12, 7], [10, 1]]"
lightweight_cipher,42,9,0.3,1208360.0,3.72959,0.03004,135380.888666896,-280.615151281833,True,5.45,False,12,40,[],"[[10, 5], [5, 3], [7, 7]]"
mkDelayWorker32B,123,15,1.1,7857360.0,8.46872,0.1602,10659993.44102784,-25.772074970282766,True,60.33,False,55,50,[],"[[21, 27], [38, 40], [37, 23], [38, 16], [2, 30], [14, 16], [26, 34], [29, 41], [27, 12], [2, 8], [8, 9], [5, 43], [12, 3], [37, 35], [35, 41], [43, 26], [40, 15], [11, 4], [36, 29], [5, 11], [3, 1], [34, 14], [1, 1], [3, 25], [17, 19], [9, 31], [19, 40], [6, 14], [15, 16], [37, 9], [33, 7], [23, 30], [42, 37], [4, 6], [44, 18], [15, 23], [31, 7], [33, 35], [11, 31], [26, 21], [21, 38], [42, 24], [35, 16]]"
lightweight_cipher,42,10,0.7,524263.0,3.68521,0.02251,43489.7533226773,-22.268801771929922,True,5.11,False,12,17,[],"[[10, 7], [1, 1], [6, 6]]"
lightweight_cipher,42,12,1.0,460602.0,3.7614,0.02167,37543.456221876,-5.551148395042059,True,4.25,False,14,14,[],"[[4, 3], [1, 7], [9, 4]]"
lightweight_cipher,42,14,1.3,506369.0,3.54525,0.02366,42474.543136935,-19.414599954863178,True,4.68,False,17,13,[],"[[8, 1], [3, 5], [10, 6]]"
lightweight_cipher,42,13,1.5,572826.0,3.61037,0.02401,49655.4124729362,-39.60317823626352,True,5.13,False,19,13,[],"[[10, 3], [5, 6], [8, 4]]"
lightweight_cipher,42,16,0.7,384125.0,3.60151,0.02089,28899.8533005875,18.749816577946586,True,4.12,False,10,14,[],"[[1, 7], [6, 6], [3, 3]]"
lightweight_cipher,42,11,0.4,1306000.0,3.77468,0.03081,151885.0453848,-327.01558614247483,True,8.4,False,14,35,[],"[[11, 4], [12, 6], [9, 5]]"
lightweight_cipher,42,15,1.2,420964.0,3.5114,0.02214,32726.749989744,7.990728817286791,True,5.07,False,14,12,[],"[[5, 5], [6, 5], [2, 2]]"
lightweight_cipher,42,17,1.5,723898.0,3.5996,0.02562,66759.141829296,-87.68927517770172,True,4.63,False,21,14,[],"[[11, 7], [3, 2], [2, 1]]"
lightweight_cipher,123,0,1.2,436126.0,3.47079,0.02253,34103.700642436204,4.119515633928401,True,3.74,False,14,12,[],"[[5, 3], [7, 4], [12, 4]]"
mkDelayWorker32B,123,18,2.0,14480300.0,8.31625,0.2093,25204281.667337503,-197.3730538365926,True,63.08,False,99,50,[],"[[4, 25], [19, 27], [34, 27], [3, 20], [31, 26], [2, 5], [12, 30], [42, 3], [4, 43], [7, 43], [18, 26], [41, 32], [27, 32], [31, 18], [47, 16], [38, 7], [17, 35], [22, 23], [1, 1], [21, 38], [5, 21], [11, 16], [1, 14], [17, 18], [5, 2], [7, 22], [37, 33], [1, 40], [28, 38], [16, 37], [28, 21], [6, 14], [1, 8], [23, 36], [12, 11], [35, 1], [41, 7], [45, 25], [6, 33], [39, 31], [4, 10], [29, 5], [44, 33]]"
lightweight_cipher,123,1,0.7,659112.0,3.75143,0.02454,60677.911490126404,-70.59226519117556,True,3.83,False,14,20,[],"[[9, 3], [12, 6], [7, 2]]"
lightweight_cipher,42,18,0.1,1816900.0,3.45381,0.03557,223209.83822672997,-527.5409120211693,True,6.02,False,8,80,[],"[[1, 7], [2, 4], [6, 6]]"
lightweight_cipher,42,19,1.0,481257.0,3.76029,0.02184,39523.1029181352,-11.116804923085834,True,5.38,False,14,14,[],"[[11, 7], [1, 7], [5, 7]]"
lightweight_cipher,123,2,1.6,703091.0,3.62476,0.02581,65777.7175968596,-84.93006051765067,True,4.77,False,22,14,[],"[[10, 1], [3, 4], [10, 7]]"
lightweight_cipher,123,3,1.8,955091.0,3.59081,0.0275,94312.633627025,-165.15424495448653,True,5.22,False,25,14,[],"[[8, 7], [3, 1], [11, 4]]"
lightweight_cipher,123,4,1.2,599261.0,3.77025,0.02299,51942.773422897495,-46.03395471127834,True,5.49,False,17,14,[],"[[11, 5], [3, 7], [1, 1]]"
lightweight_cipher,123,5,2.0,700973.0,3.68831,0.0246,63600.980850497996,-78.81029727650616,True,3.98,False,23,12,[],"[[9, 1], [12, 2], [8, 5]]"
lightweight_cipher,42,8,0.1,5680110.0,5.46932,0.05689,1767364.038521628,-4868.836720721491,True,18.36,False,14,140,[],"[[12, 1], [4, 2], [11, 7]]"
lightweight_cipher,123,6,0.2,1106660.0,3.43631,0.0292,111042.54327832001,-212.18937048484582,True,4.79,False,9,45,[],"[[7, 1], [1, 5], [2, 6]]"
lightweight_cipher,123,9,1.1,459824.0,3.48148,0.02375,38020.6164136,-6.892655311912442,True,3.81,False,15,14,[],"[[6, 4], [1, 5], [12, 7]]"
lightweight_cipher,123,10,1.5,756330.0,3.6427,0.02534,69813.81059394001,-96.27729100046363,True,4.18,False,21,14,[],"[[6, 1], [5, 3], [1, 7]]"
lightweight_cipher,123,8,1.4,598918.0,3.88394,0.02314,53827.3788899288,-51.33240859205929,True,5.27,False,19,14,[],"[[10, 7], [5, 5], [12, 3]]"
lightweight_cipher,123,11,0.7,596024.0,3.7625,0.02344,52565.144632,-47.78371358964455,True,4.37,False,13,19,[],"[[5, 2], [11, 5], [4, 2]]"
lightweight_cipher,123,7,0.4,932183.0,3.5728,0.02805,93420.62099832,-162.64640559131593,True,6.57,False,12,30,[],"[[10, 6], [6, 2], [9, 4]]"
lightweight_cipher,123,13,1.3,587022.0,3.62144,0.02418,51403.4145316224,-44.51757992589056,True,4.4,False,18,14,[],"[[12, 7], [3, 6], [10, 3]]"
lightweight_cipher,123,14,0.8,638450.0,3.62033,0.02436,56305.69641186,-58.300047878688666,True,6.24,False,14,18,[],"[[3, 3], [12, 2], [9, 4]]"
lightweight_cipher,123,12,1.8,607268.0,3.56321,0.0243,52580.908869804,-47.82803378738955,True,7.76,False,21,12,[],"[[8, 1], [4, 5], [3, 4]]"
lightweight_cipher,123,17,0.9,309846.0,3.63136,0.01963,22086.9373340928,37.90391629462154,True,4.84,False,10,11,[],"[[1, 2], [4, 3], [6, 3]]"
lightweight_cipher,123,16,1.2,514739.0,3.75963,0.02216,42884.6566143912,-20.567609104099766,True,5.31,False,16,13,[],"[[7, 1], [6, 6], [9, 4]]"
lightweight_cipher,123,18,0.6,505152.0,3.561,0.02301,41391.45271871999,-16.36955698432157,True,10.27,False,11,18,[],"[[9, 4], [5, 7], [6, 7]]"
lightweight_cipher,123,19,0.4,1305920.0,3.47927,0.03272,148668.171669248,-317.9715409455786,True,9.88,False,14,35,[],"[[2, 5], [12, 1], [6, 3]]"
lightweight_cipher,123,15,0.2,2286870.0,3.62033,0.04128,341766.369489888,-860.855403649339,True,11.33,False,13,65,[],"[[8, 5], [11, 1], [7, 1]]"
mkDelayWorker32B,7,12,0.1,63582700.0,20.3099,0.4049,522870967.057777,-6069.100087385619,True,347.25,False,49,490,[],"[[28, 32], [31, 20], [26, 15], [19, 29], [9, 32], [12, 42], [16, 42], [12, 3], [24, 9], [8, 10], [7, 4], [34, 15], [40, 42], [40, 16], [47, 19], [7, 43], [22, 40], [5, 2], [41, 32], [2, 30], [30, 32], [11, 37], [45, 5], [44, 6], [14, 22], [16, 13], [37, 19], [18, 27], [23, 31], [38, 20], [44, 38], [24, 33], [36, 31], [40, 29], [21, 26], [43, 22], [15, 28], [14, 36], [8, 33], [24, 43], [8, 3], [27, 21], [2, 21]]"
mkDelayWorker32B,123,19,2.0,15159900.0,9.51291,0.1935,27905556.893791497,-229.24408566943964,True,80.98,False,99,50,[],"[[10, 13], [30, 17], [29, 9], [22, 6], [7, 18], [35, 38], [28, 9], [41, 14], [8, 21], [27, 18], [5, 7], [26, 31], [20, 43], [19, 30], [39, 35], [33, 26], [28, 21], [21, 2], [27, 38], [11, 15], [45, 40], [47, 16], [43, 40], [16, 27], [21, 34], [4, 36], [39, 21], [25, 31], [30, 10], [13, 6], [24, 8], [10, 26], [26, 1], [31, 2], [42, 32], [33, 6], [11, 41], [23, 40], [14, 29], [6, 24], [2, 19], [44, 4], [7, 28]]"
mkDelayWorker32B,7,15,0.1,66266200.0,18.9732,0.4297,540254017.751448,-6274.194243132662,True,353.23,False,50,500,[],"[[16, 26], [31, 31], [7, 41], [19, 23], [1, 13], [5, 24], [27, 2], [11, 34], [27, 25], [44, 10], [30, 35], [35, 15], [25, 2], [5, 33], [1, 39], [3, 29], [6, 20], [18, 24], [22, 36], [47, 28], [46, 14], [26, 25], [3, 5], [5, 3], [13, 5], [32, 19], [7, 26], [6, 8], [28, 31], [8, 39], [34, 33], [2, 29], [31, 21], [18, 3], [10, 13], [37, 23], [1, 30], [32, 33], [41, 30], [23, 2], [48, 21], [27, 38], [47, 1]]"
mkDelayWorker32B,123,11,0.2,32839400.0,13.9176,0.2762,126236003.956128,-1389.397178464697,True,141.6,False,50,250,[],"[[33, 22], [2, 14], [48, 24], [31, 1], [18, 1], [27, 11], [30, 22], [7, 13], [11, 9], [43, 9], [44, 2], [5, 7], [43, 39], [12, 33], [27, 19], [3, 4], [26, 37], [4, 32], [32, 9], [41, 29], [21, 35], [14, 4], [11, 24], [6, 21], [10, 25], [16, 43], [42, 11], [31, 17], [33, 42], [15, 10], [32, 21], [21, 3], [13, 11], [5, 19], [38, 26], [36, 7], [22, 35], [10, 33], [4, 6], [39, 27], [48, 41], [3, 39], [4, 38]]"
mkDelayWorker32B,123,17,0.2,37183800.0,11.8149,0.3075,135091785.17565,-1493.8822314456254,True,122.74,False,50,250,[],"[[26, 25], [16, 12], [10, 8], [47, 21], [5, 25], [17, 11], [23, 21], [34, 38], [36, 8], [8, 21], [42, 19], [30, 37], [33, 5], [6, 19], [31, 3], [19, 16], [38, 13], [29, 20], [48, 41], [45, 29], [18, 24], [19, 42], [35, 10], [32, 25], [15, 23], [1, 35], [43, 3], [33, 16], [40, 27], [32, 13], [13, 35], [38, 33], [25, 23], [28, 10], [46, 3], [17, 39], [30, 43], [32, 19], [7, 4], [29, 41], [21, 37], [16, 19], [33, 29]]"
mkDelayWorker32B,123,10,0.1,66266600.0,21.3645,0.4133,585130622.19681,-6803.671459975075,True,259.32,False,50,500,[],"[[44, 12], [47, 23], [22, 34], [31, 5], [21, 1], [45, 1], [28, 41], [33, 15], [2, 12], [23, 9], [11, 39], [48, 20], [36, 6], [15, 8], [3, 23], [7, 33], [6, 41], [27, 33], [6, 9], [13, 10], [26, 43], [14, 17], [10, 33], [8, 43], [24, 12], [21, 10], [13, 25], [6, 21], [21, 40], [9, 34], [43, 13], [23, 29], [29, 27], [36, 43], [26, 30], [10, 15], [14, 34], [38, 17], [4, 18], [43, 24], [9, 19], [40, 8], [42, 35]]"
mkDelayWorker32B,123,5,0.1,74833500.0,25.6973,0.4038,776515031.6382899,-9061.722970567393,True,289.02,False,50,500,[],"[[8, 3], [2, 22], [14, 4], [4, 36], [16, 29], [22, 35], [15, 7], [13, 28], [3, 25], [28, 2], [7, 16], [11, 27], [10, 43], [28, 26], [2, 9], [18, 5], [41, 30], [21, 24], [44, 18], [21, 8], [10, 22], [32, 5], [26, 23], [44, 11], [48, 36], [3, 18], [39, 1], [16, 39], [9, 28], [12, 26], [19, 41], [15, 31], [41, 21], [40, 28], [1, 19], [29, 26], [39, 10], [11, 9], [12, 4], [35, 18], [19, 4], [38, 22], [27, 20]]"
reduction_layer,7,12,0.9,12795000.0,7.32363,0.1602,15011676.50517,-29.141645204043655,True,159.33,False,42,47,[],"[[40, 4], [32, 7], [27, 30], [7, 15], [30, 20], [26, 19], [26, 5], [1, 3], [35, 31], [25, 24], [9, 12], [24, 4], [9, 25], [37, 37], [4, 29], [10, 19], [20, 27], [36, 27], [34, 9], [39, 32], [1, 26], [28, 19], [19, 25], [17, 7], [14, 12], [11, 25], [6, 19], [16, 10], [7, 1], [16, 22], [25, 8], [13, 3]]"
reduction_layer,7,11,1.4,17667900.0,7.64516,0.1783,24083680.357501198,-107.18579319670684,True,174.17,False,61,44,[],"[[40, 30], [6, 29], [18, 3], [37, 17], [2, 29], [42, 9], [7, 17], [14, 12], [28, 33], [25, 1], [39, 6], [34, 34], [19, 22], [14, 20], [8, 23], [7, 10], [4, 37], [8, 32], [25, 22], [20, 33], [39, 25], [3, 29], [2, 20], [26, 26], [7, 3], [29, 28], [21, 13], [22, 27], [22, 16], [22, 3], [35, 16], [1, 14]]"
reduction_layer,7,1,1.4,17667800.0,7.84935,0.1748,24241394.388564,-108.54256700116484,True,212.47,False,61,44,[],"[[8, 32], [25, 18], [32, 11], [8, 24], [33, 37], [38, 23], [42, 4], [42, 27], [4, 35], [16, 36], [6, 32], [10, 2], [36, 1], [21, 17], [40, 31], [26, 25], [1, 18], [31, 21], [33, 2], [3, 31], [34, 37], [23, 1], [20, 10], [40, 3], [24, 20], [20, 31], [22, 20], [7, 34], [23, 32], [26, 16], [10, 28], [11, 24]]"
reduction_layer,7,10,1.1,11495500.0,7.21178,0.1556,12899709.443643998,-10.972928282367025,True,233.12,False,44,40,[],"[[4, 33], [6, 32], [41, 18], [30, 28], [31, 12], [8, 15], [29, 6], [31, 5], [3, 15], [37, 7], [30, 19], [16, 5], [23, 7], [14, 5], [2, 14], [40, 27], [34, 18], [19, 5], [11, 11], [16, 19], [22, 18], [35, 12], [39, 31], [33, 27], [9, 12], [31, 31], [35, 27], [41, 31], [32, 4], [18, 22], [27, 29], [11, 17]]"
reduction_layer,7,8,0.3,36181600.0,8.0648,0.2455,71636253.76544,-516.268520330636,True,247.62,False,40,133,[],"[[35, 15], [38, 3], [10, 29], [24, 32], [19, 1], [38, 23], [5, 23], [36, 35], [36, 8], [30, 33], [16, 13], [23, 34], [6, 22], [27, 27], [25, 29], [11, 29], [33, 29], [11, 18], [9, 17], [8, 20], [37, 21], [22, 12], [13, 20], [37, 29], [23, 21], [4, 18], [27, 8], [3, 21], [14, 2], [23, 4], [1, 15], [3, 11]]"
reduction_layer,7,0,1.5,18130200.0,8.67615,0.1653,26001745.330869,-123.68641963797475,True,269.78,False,64,43,[],"[[41, 36], [23, 19], [38, 1], [15, 14], [10, 20], [5, 15], [31, 29], [1, 6], [18, 13], [4, 1], [34, 35], [7, 20], [42, 13], [40, 9], [19, 10], [11, 6], [38, 32], [22, 24], [40, 29], [37, 18], [14, 27], [8, 24], [9, 18], [38, 12], [14, 33], [24, 17], [7, 27], [28, 35], [37, 29], [39, 20], [36, 29], [24, 2]]"
reduction_layer,7,13,1.4,17196600.0,7.17234,0.1835,22632864.685073998,-94.70479397183462,True,225.2,False,60,43,[],"[[2, 32], [33, 18], [41, 6], [37, 12], [25, 20], [9, 26], [29, 27], [41, 15], [19, 27], [34, 14], [7, 25], [42, 22], [28, 1], [20, 18], [24, 25], [15, 2], [8, 18], [26, 36], [41, 24], [13, 8], [33, 7], [32, 27], [23, 18], [4, 9], [28, 7], [14, 14], [10, 7], [8, 34], [13, 15], [38, 34], [39, 15], [17, 8]]"
reduction_layer,7,9,2.0,26284200.0,7.92595,0.2087,43477898.116413005,-274.0293291581146,True,272.56,False,87,44,[],"[[6, 12], [15, 10], [42, 37], [23, 4], [27, 30], [36, 28], [23, 29], [21, 27], [35, 8], [25, 20], [9, 26], [36, 2], [18, 34], [38, 30], [26, 10], [31, 12], [16, 19], [39, 22], [10, 1], [39, 8], [32, 17], [34, 4], [24, 14], [24, 20], [35, 34], [5, 17], [15, 32], [8, 37], [4, 33], [30, 12], [11, 17], [13, 24]]"
reduction_layer,7,3,0.9,14249000.0,7.80155,0.1593,17708470.751835,-52.341482055788646,True,331.79,False,44,49,[],"[[24, 31], [32, 15], [11, 6], [8, 17], [39, 19], [42, 2], [22, 33], [3, 15], [9, 12], [12, 18], [3, 5], [37, 21], [11, 15], [13, 15], [23, 18], [7, 33], [23, 2], [2, 14], [27, 37], [26, 24], [8, 25], [33, 15], [9, 18], [13, 22], [17, 16], [32, 29], [10, 1], [1, 5], [24, 37], [11, 31], [22, 19], [31, 12]]"
reduction_layer,7,14,0.8,15401400.0,7.48978,0.17,19610026.607640002,-68.70008474626543,True,201.31,False,43,54,[],"[[28, 35], [2, 15], [16, 27], [17, 5], [10, 8], [28, 27], [8, 8], [37, 12], [33, 28], [41, 7], [14, 32], [8, 36], [33, 11], [20, 19], [9, 33], [35, 28], [9, 22], [32, 32], [36, 12], [24, 19], [20, 28], [16, 5], [41, 36], [9, 1], [7, 35], [38, 9], [18, 5], [11, 7], [13, 20], [31, 9], [38, 33], [29, 16]]"
reduction_layer,7,15,1.3,15772000.0,7.79729,0.1654,20340703.093352,-74.98590921392291,True,200.61,False,56,43,[],"[[33, 1], [22, 1], [1, 17], [20, 6], [34, 13], [41, 6], [9, 4], [26, 7], [32, 24], [35, 9], [9, 16], [6, 9], [21, 29], [24, 31], [8, 9], [17, 20], [22, 30], [16, 31], [18, 12], [2, 36], [23, 18], [38, 11], [26, 32], [37, 13], [10, 4], [33, 16], [12, 1], [16, 10], [2, 3], [28, 26], [36, 28], [4, 14]]"
reduction_layer,7,4,1.0,13575300.0,7.48948,0.1617,16440352.349374803,-41.43218110257184,True,377.04,False,44,44,[],"[[20, 22], [11, 31], [34, 31], [14, 14], [21, 12], [29, 12], [24, 8], [41, 30], [21, 5], [20, 37], [22, 24], [16, 14], [4, 1], [19, 16], [20, 30], [3, 10], [28, 36], [4, 24], [26, 14], [23, 17], [1, 12], [33, 3], [26, 24], [7, 23], [12, 15], [4, 18], [17, 15], [30, 4], [7, 35], [40, 17], [10, 24], [40, 25]]"
reduction_layer,7,6,2.0,23851000.0,7.89606,0.1986,37402124.914116,-221.76099344217724,True,377.55,False,83,42,[],"[[20, 26], [37, 26], [2, 20], [40, 12], [18, 12], [38, 35], [29, 25], [35, 8], [14, 15], [3, 34], [3, 4], [34, 12], [1, 7], [35, 14], [25, 5], [11, 34], [10, 4], [4, 23], [5, 34], [26, 20], [28, 18], [21, 15], [28, 8], [18, 34], [25, 19], [30, 4], [14, 31], [17, 20], [27, 5], [15, 34], [7, 34], [30, 23]]"
reduction_layer,7,7,1.5,18800300.0,8.6357,0.169,27437783.869990002,-136.0402949332909,True,427.15,False,66,44,[],"[[37, 14], [21, 3], [11, 34], [30, 22], [39, 37], [4, 25], [9, 6], [35, 4], [6, 9], [15, 30], [8, 17], [5, 13], [25, 4], [5, 26], [3, 17], [7, 7], [23, 31], [7, 21], [24, 27], [6, 3], [28, 22], [31, 29], [34, 28], [39, 23], [29, 6], [42, 9], [21, 36], [34, 16], [29, 36], [14, 37], [20, 18], [13, 22]]"
reduction_layer,7,2,0.2,66607500.0,7.67542,0.3789,193709039.715585,-1566.429733624398,True,439.17,False,44,220,[],"[[27, 21], [24, 15], [25, 32], [40, 37], [28, 27], [21, 36], [38, 3], [15, 7], [24, 25], [7, 7], [18, 23], [24, 33], [25, 18], [4, 34], [12, 9], [42, 22], [40, 11], [38, 31], [35, 25], [34, 22], [2, 32], [6, 10], [37, 32], [38, 18], [21, 30], [34, 32], [15, 36], [3, 27], [6, 29], [29, 32], [33, 36], [41, 21]]"
reduction_layer,42,0,1.6,20677900.0,7.18204,0.196,29107862.963536,-150.40756175303153,True,198.93,False,70,44,[],"[[10, 8], [28, 26], [24, 13], [23, 26], [37, 11], [31, 17], [25, 36], [30, 34], [36, 20], [26, 12], [19, 30], [6, 8], [17, 34], [3, 23], [27, 7], [42, 2], [14, 28], [39, 37], [40, 24], [38, 28], [26, 35], [29, 28], [6, 21], [33, 17], [31, 11], [30, 24], [35, 27], [36, 36], [18, 21], [9, 29], [35, 12], [36, 12]]"
reduction_layer,7,5,0.2,66606700.0,7.60555,0.3807,192855229.5413295,-1559.0846212675383,True,459.1,False,44,220,[],"[[10, 17], [37, 12], [30, 1], [20, 14], [16, 34], [39, 30], [6, 20], [24, 37], [25, 10], [26, 15], [35, 11], [3, 30], [39, 10], [41, 8], [31, 23], [1, 6], [6, 3], [15, 11], [7, 6], [29, 18], [36, 5], [19, 32], [3, 3], [5, 18], [30, 23], [37, 30], [5, 37], [13, 33], [42, 33], [12, 5], [27, 10], [14, 15]]"
reduction_layer,7,19,2.0,24667800.0,8.00569,0.2022,39931014.027920395,-243.51638502571024,True,259.76,False,85,43,[],"[[1, 17], [7, 15], [17, 20], [10, 36], [17, 31], [3, 30], [42, 9], [10, 5], [11, 13], [8, 1], [29, 23], [30, 9], [35, 35], [3, 8], [23, 34], [16, 35], [6, 18], [8, 8], [20, 21], [37, 22], [5, 29], [39, 12], [27, 10], [41, 5], [24, 19], [42, 22], [32, 25], [5, 16], [41, 35], [18, 25], [13, 11], [33, 5]]"
reduction_layer,7,17,0.9,13152300.0,7.5504,0.1597,15859028.609424,-36.43120042279506,True,373.39,False,43,48,[],"[[27, 31], [3, 26], [19, 29], [3, 5], [15, 35], [35, 37], [4, 25], [22, 32], [15, 24], [27, 19], [16, 6], [1, 16], [24, 9], [41, 32], [11, 5], [39, 30], [40, 30], [9, 21], [17, 34], [33, 32], [26, 2], [26, 11], [31, 21], [38, 21], [33, 26], [32, 16], [4, 4], [6, 8], [41, 12], [34, 6], [36, 16], [19, 7]]"
reduction_layer,42,9,1.0,12719300.0,7.89717,0.1518,15247774.811035799,-31.172739042156667,True,159.37,False,44,44,[],"[[29, 8], [40, 18], [25, 14], [20, 21], [27, 6], [16, 21], [2, 11], [32, 15], [38, 33], [37, 7], [24, 6], [33, 1], [4, 3], [11, 16], [38, 22], [39, 16], [23, 30], [11, 10], [30, 30], [31, 30], [31, 15], [4, 17], [22, 33], [29, 22], [18, 27], [42, 10], [20, 31], [7, 34], [30, 12], [5, 16], [10, 8], [35, 12]]"
reduction_layer,42,5,1.9,19596700.0,7.63188,0.1855,27743317.448658,-138.66872281079517,True,255.84,False,74,39,[],"[[2, 22], [29, 31], [16, 13], [35, 20], [36, 21], [42, 22], [24, 12], [11, 5], [21, 2], [26, 30], [40, 19], [17, 32], [6, 4], [31, 10], [33, 13], [38, 16], [41, 27], [23, 16], [5, 32], [23, 7], [39, 28], [9, 20], [35, 4], [31, 23], [28, 5], [21, 15], [27, 21], [1, 2], [24, 2], [17, 21], [26, 22], [8, 29]]"
reduction_layer,42,3,0.7,17912900.0,8.06148,0.1719,24823130.987314794,-113.54709940047472,True,329.81,False,44,63,[],"[[7, 37], [17, 7], [5, 23], [14, 32], [6, 24], [10, 17], [9, 13], [40, 19], [26, 26], [33, 2], [18, 34], [2, 20], [39, 32], [19, 37], [41, 36], [15, 10], [29, 14], [15, 32], [5, 16], [23, 17], [42, 21], [30, 25], [9, 27], [11, 35], [41, 23], [37, 37], [35, 9], [29, 36], [37, 19], [18, 17], [34, 25], [21, 7]]"
reduction_layer,7,18,0.2,67623500.0,7.48069,0.3849,194709532.43875352,-1575.0367187429595,True,411.24,False,44,220,[],"[[33, 10], [4, 15], [14, 7], [22, 34], [15, 20], [37, 11], [32, 12], [15, 14], [2, 13], [20, 14], [1, 4], [11, 33], [42, 19], [36, 30], [6, 34], [17, 26], [8, 13], [23, 2], [23, 20], [17, 9], [36, 37], [16, 15], [4, 28], [39, 26], [38, 18], [24, 6], [8, 29], [26, 10], [40, 15], [18, 21], [27, 19], [40, 25]]"
reduction_layer,42,7,1.8,21151800.0,7.22868,0.1976,30212959.700102396,-159.9144286656414,True,255.36,False,75,42,[],"[[26, 16], [2, 6], [9, 9], [38, 7], [30, 25], [18, 15], [23, 29], [3, 21], [23, 22], [3, 12], [10, 18], [24, 33], [6, 21], [42, 6], [28, 9], [34, 22], [39, 34], [13, 24], [27, 5], [33, 23], [20, 21], [20, 35], [25, 33], [41, 26], [35, 5], [21, 17], [25, 4], [39, 6], [30, 19], [12, 9], [28, 19], [34, 7]]"
reduction_layer,7,16,1.6,19583100.0,7.49073,0.1889,27710064.899840698,-138.3826595679578,True,467.34,False,70,44,[],"[[8, 6], [30, 22], [39, 33], [40, 19], [32, 36], [25, 25], [9, 32], [37, 28], [34, 28], [1, 6], [19, 5], [39, 17], [23, 17], [22, 9], [18, 4], [28, 1], [24, 15], [7, 8], [17, 8], [1, 17], [14, 17], [2, 34], [19, 28], [6, 33], [15, 5], [13, 18], [8, 30], [31, 16], [29, 37], [14, 28], [20, 15], [27, 18]]"
reduction_layer,42,6,1.7,22243300.0,7.94832,0.1923,33998037.381028794,-192.4764918550257,True,299.75,False,74,44,[],"[[28, 33], [14, 33], [18, 10], [2, 8], [21, 20], [9, 11], [39, 33], [11, 12], [14, 11], [2, 33], [41, 17], [28, 4], [5, 24], [34, 7], [2, 22], [40, 28], [16, 36], [8, 2], [7, 37], [4, 34], [8, 24], [26, 23], [22, 29], [35, 34], [32, 37], [15, 6], [16, 5], [27, 25], [20, 17], [39, 8], [9, 31], [14, 22]]"
reduction_layer,42,8,1.8,23797800.0,7.54495,0.2051,36826363.598661005,-216.8078648894073,True,305.86,False,79,44,[],"[[26, 33], [37, 20], [4, 16], [39, 5], [19, 31], [26, 21], [19, 16], [11, 20], [23, 20], [3, 19], [13, 3], [41, 23], [14, 32], [35, 15], [35, 35], [17, 16], [11, 35], [41, 36], [4, 3], [15, 16], [6, 37], [18, 36], [15, 36], [25, 12], [11, 4], [20, 12], [12, 8], [28, 29], [37, 6], [20, 24], [42, 4], [17, 36]]"
reduction_layer,42,10,1.0,12113700.0,6.85536,0.165,13702222.78128,-17.876746965430748,True,250.21,False,43,43,[],"[[21, 29], [18, 6], [41, 5], [40, 34], [9, 10], [18, 27], [16, 23], [15, 18], [8, 8], [17, 15], [22, 8], [1, 28], [30, 31], [27, 9], [35, 25], [5, 30], [12, 21], [17, 32], [34, 16], [37, 11], [23, 31], [11, 26], [11, 10], [3, 35], [10, 35], [10, 11], [37, 27], [29, 8], [24, 23], [7, 27], [28, 12], [16, 6]]"
reduction_layer,42,13,1.7,19983100.0,7.63209,0.1878,28641907.160116196,-146.3990621677066,True,204.62,False,71,42,[],"[[24, 3], [29, 3], [27, 20], [40, 34], [31, 5], [15, 18], [16, 33], [1, 21], [35, 32], [3, 9], [33, 33], [39, 10], [37, 35], [32, 31], [8, 11], [38, 9], [14, 34], [21, 10], [34, 14], [1, 27], [3, 29], [7, 32], [13, 33], [21, 21], [6, 17], [19, 9], [11, 2], [12, 2], [40, 1], [36, 25], [13, 26], [27, 2]]"
reduction_layer,42,1,1.4,16658300.0,7.95473,0.1707,22619845.984161295,-94.59279739012659,True,457.48,False,61,44,[],"[[22, 26], [26, 15], [29, 4], [32, 29], [31, 29], [38, 21], [10, 10], [26, 3], [41, 21], [37, 25], [42, 28], [9, 4], [25, 4], [4, 1], [20, 23], [8, 29], [10, 37], [9, 10], [2, 21], [13, 30], [6, 31], [42, 35], [14, 36], [26, 27], [12, 32], [2, 27], [39, 23], [14, 30], [7, 1], [9, 26], [34, 2], [20, 12]]"
reduction_layer,42,14,0.8,15856500.0,7.78504,0.1674,20664439.683624,-77.77093298299192,True,161.85,False,44,55,[],"[[39, 6], [9, 1], [28, 29], [4, 4], [7, 23], [29, 25], [29, 36], [7, 29], [40, 12], [40, 23], [17, 35], [12, 8], [23, 31], [26, 16], [5, 3], [11, 6], [24, 18], [42, 19], [33, 18], [11, 30], [20, 15], [2, 6], [34, 16], [30, 13], [24, 33], [10, 36], [20, 1], [1, 35], [32, 32], [35, 4], [32, 16], [18, 35]]"
reduction_layer,42,12,0.9,14722100.0,7.9182,0.1616,18838121.206752,-62.059578379222934,True,282.31,False,44,49,[],"[[26, 35], [20, 7], [24, 3], [27, 31], [23, 13], [37, 1], [3, 18], [11, 36], [2, 3], [29, 8], [14, 24], [24, 16], [4, 31], [27, 11], [9, 37], [28, 4], [42, 16], [21, 25], [13, 30], [1, 16], [1, 27], [36, 1], [14, 14], [31, 20], [5, 24], [39, 34], [40, 20], [20, 33], [19, 22], [25, 24], [8, 19], [17, 13]]"
reduction_layer,42,17,1.2,14299300.0,7.48616,0.1643,17587797.075138398,-51.30335702451363,True,154.77,False,51,43,[],"[[30, 28], [8, 29], [2, 6], [16, 24], [9, 34], [13, 14], [6, 16], [42, 8], [27, 2], [3, 4], [7, 3], [9, 23], [8, 5], [4, 23], [22, 7], [11, 16], [34, 5], [34, 14], [10, 10], [17, 24], [26, 25], [18, 19], [22, 17], [33, 2], [39, 28], [34, 33], [16, 36], [25, 5], [19, 29], [4, 9], [23, 31], [13, 20]]"
reduction_layer,42,2,0.3,46603800.0,7.14371,0.3057,101774876.6123586,-775.543447904168,True,517.75,False,44,147,[],"[[12, 37], [11, 4], [31, 13], [42, 22], [4, 5], [17, 12], [34, 3], [5, 37], [9, 22], [41, 19], [31, 20], [7, 6], [36, 16], [15, 30], [23, 10], [41, 28], [1, 19], [40, 6], [29, 19], [25, 13], [6, 19], [38, 30], [34, 14], [30, 10], [33, 14], [2, 18], [24, 24], [28, 25], [39, 28], [8, 29], [28, 10], [19, 35]]"
reduction_layer,42,4,0.2,64515400.0,7.72774,0.3644,181674621.6342224,-1462.9006874472298,True,476.41,False,43,215,[],"[[6, 15], [14, 22], [31, 19], [8, 8], [3, 21], [17, 11], [39, 18], [25, 28], [19, 19], [20, 5], [32, 6], [3, 11], [18, 16], [10, 34], [34, 8], [10, 3], [16, 5], [23, 4], [31, 5], [10, 14], [2, 3], [33, 13], [4, 28], [40, 15], [41, 13], [7, 20], [26, 36], [20, 28], [27, 20], [28, 29], [2, 28], [15, 20]]"
reduction_layer,42,19,1.9,23141700.0,7.64886,0.2,35401524.6924,-204.55033719475546,True,209.71,False,81,43,[],"[[29, 2], [12, 8], [19, 36], [26, 4], [17, 31], [36, 13], [23, 12], [24, 12], [11, 6], [10, 11], [2, 16], [40, 11], [17, 21], [37, 31], [11, 18], [19, 8], [28, 1], [27, 36], [42, 8], [9, 33], [6, 35], [30, 9], [18, 7], [18, 15], [33, 16], [39, 28], [19, 15], [42, 34], [39, 21], [30, 24], [24, 24], [38, 20]]"
reduction_layer,42,18,2.0,25880300.0,10.0829,0.1803,47049010.379661,-304.7507021323692,True,225.38,False,87,44,[],"[[22, 24], [29, 2], [35, 17], [28, 29], [41, 23], [37, 1], [33, 16], [29, 11], [18, 10], [24, 30], [35, 9], [23, 15], [42, 22], [11, 16], [3, 31], [40, 19], [7, 7], [20, 36], [42, 2], [17, 1], [41, 29], [33, 7], [28, 16], [15, 29], [17, 27], [2, 37], [20, 19], [31, 32], [8, 13], [32, 27], [36, 21], [39, 20]]"
reduction_layer,123,4,1.1,13744100.0,7.90995,0.1572,17090020.604574002,-47.02111231117937,True,147.92,False,48,44,[],"[[8, 18], [10, 36], [16, 36], [37, 1], [19, 18], [23, 24], [39, 15], [20, 16], [8, 7], [37, 19], [19, 8], [6, 2], [33, 14], [1, 17], [13, 14], [10, 17], [27, 37], [7, 2], [3, 33], [33, 27], [5, 36], [12, 1], [9, 12], [15, 27], [6, 28], [32, 29], [23, 33], [37, 26], [16, 25], [27, 6], [17, 1], [36, 7]]"
reduction_layer,42,15,1.7,20782100.0,8.04613,0.1847,30884698.8370231,-165.69323007133434,True,274.67,False,73,43,[],"[[19, 9], [6, 31], [35, 26], [28, 17], [33, 10], [1, 2], [8, 36], [26, 15], [20, 5], [1, 30], [29, 20], [10, 6], [23, 36], [37, 24], [31, 19], [42, 13], [34, 12], [21, 22], [32, 16], [17, 21], [9, 14], [30, 26], [4, 7], [3, 13], [4, 19], [25, 25], [20, 21], [36, 31], [26, 31], [30, 17], [35, 17], [14, 36]]"
reduction_layer,123,2,1.1,14408800.0,8.12594,0.1565,18323809.428568,-57.63508460868213,True,243.51,False,48,44,[],"[[3, 9], [32, 19], [11, 37], [32, 1], [15, 35], [16, 12], [38, 10], [31, 33], [29, 34], [28, 16], [11, 29], [22, 26], [20, 32], [6, 16], [28, 25], [38, 3], [27, 5], [31, 11], [30, 31], [35, 30], [23, 35], [12, 10], [37, 17], [39, 31], [18, 16], [24, 36], [39, 18], [21, 35], [6, 35], [7, 22], [25, 25], [20, 9]]"
reduction_layer,123,0,0.3,40112600.0,7.26606,0.2778,80967743.1112968,-596.5449562045986,True,285.67,False,42,140,[],"[[18, 24], [39, 24], [8, 32], [16, 15], [18, 18], [30, 28], [31, 20], [35, 37], [37, 13], [36, 17], [7, 11], [2, 35], [40, 3], [14, 27], [34, 16], [35, 20], [12, 36], [10, 27], [14, 17], [38, 5], [13, 1], [30, 8], [3, 31], [29, 29], [6, 18], [36, 3], [17, 35], [26, 32], [15, 31], [21, 13], [30, 16], [9, 14]]"
reduction_layer,123,6,1.2,14505800.0,7.3029,0.1699,17998255.718718,-54.834428620802974,True,224.31,False,51,43,[],"[[7, 4], [42, 33], [3, 10], [13, 1], [3, 33], [21, 26], [29, 26], [36, 23], [31, 8], [42, 3], [30, 36], [41, 29], [33, 1], [19, 36], [13, 13], [29, 11], [16, 7], [24, 23], [35, 23], [28, 21], [32, 2], [34, 32], [39, 26], [23, 27], [35, 34], [28, 1], [17, 10], [30, 1], [28, 31], [38, 12], [24, 5], [5, 1]]"
reduction_layer,123,5,0.5,24612800.0,7.59623,0.2068,38664256.479059204,-232.61879115081987,True,239.0,False,43,86,[],"[[37, 32], [23, 16], [14, 7], [35, 26], [31, 24], [7, 1], [1, 19], [36, 24], [38, 19], [9, 14], [7, 21], [8, 29], [8, 21], [34, 37], [3, 20], [4, 25], [35, 20], [25, 24], [1, 28], [12, 35], [9, 4], [8, 13], [11, 23], [41, 14], [5, 24], [3, 33], [2, 35], [1, 11], [26, 33], [31, 3], [38, 6], [22, 30]]"
reduction_layer,123,3,0.8,16335700.0,7.04208,0.1803,20741226.3179568,-78.43150892092959,True,270.58,False,44,55,[],"[[24, 15], [35, 29], [20, 8], [7, 30], [16, 27], [36, 9], [26, 32], [17, 11], [1, 13], [27, 24], [31, 24], [10, 15], [24, 31], [37, 23], [9, 11], [3, 30], [3, 18], [14, 18], [25, 28], [19, 26], [7, 37], [42, 7], [14, 24], [4, 19], [40, 11], [41, 13], [29, 5], [20, 17], [12, 19], [5, 20], [14, 4], [11, 3]]"
reduction_layer,42,16,0.3,45728700.0,7.42151,0.2962,100523172.4846194,-764.7753547928315,True,385.16,False,44,147,[],"[[7, 28], [20, 29], [13, 35], [18, 15], [21, 4], [38, 19], [9, 19], [37, 37], [10, 9], [28, 34], [25, 32], [30, 1], [35, 35], [32, 3], [15, 2], [16, 20], [18, 27], [1, 30], [21, 11], [16, 31], [17, 13], [42, 20], [3, 33], [35, 22], [7, 22], [19, 7], [24, 35], [5, 37], [25, 6], [42, 6], [27, 32], [5, 19]]"
reduction_layer,123,1,0.3,44933700.0,7.08201,0.3023,96198181.9203951,-727.5685580194312,True,344.25,False,44,147,[],"[[21, 27], [19, 1], [14, 29], [42, 12], [5, 10], [35, 14], [6, 35], [30, 37], [13, 12], [16, 35], [34, 7], [1, 18], [13, 26], [10, 31], [31, 6], [24, 28], [4, 36], [10, 13], [27, 26], [12, 17], [15, 10], [21, 9], [7, 5], [38, 32], [38, 5], [27, 13], [17, 26], [4, 5], [14, 12], [39, 11], [32, 11], [39, 20]]"
reduction_layer,123,8,1.0,12716800.0,7.49303,0.16,15245978.22464,-31.15728346510472,True,248.07,False,44,44,[],"[[17, 23], [5, 7], [20, 35], [31, 13], [19, 11], [42, 21], [3, 1], [21, 2], [1, 12], [40, 35], [26, 1], [14, 20], [4, 17], [25, 34], [42, 15], [9, 24], [8, 37], [14, 12], [21, 29], [13, 26], [22, 30], [7, 35], [15, 8], [36, 7], [37, 17], [26, 27], [16, 22], [29, 13], [22, 37], [20, 12], [36, 37], [25, 23]]"
reduction_layer,123,11,0.7,17766000.0,7.23736,0.1838,23632808.760287996,-103.30705921120999,True,244.24,False,43,61,[],"[[11, 25], [41, 12], [20, 37], [24, 11], [3, 29], [12, 9], [4, 31], [1, 23], [38, 35], [5, 8], [7, 35], [21, 29], [22, 7], [4, 22], [32, 28], [18, 21], [3, 17], [6, 37], [16, 32], [9, 28], [25, 12], [25, 20], [29, 32], [16, 1], [40, 12], [8, 24], [34, 4], [32, 5], [13, 2], [14, 33], [24, 24], [38, 12]]"
reduction_layer,123,19,1.6,17525300.0,7.24891,0.1825,23184676.3421975,-99.45188968890236,True,148.68,False,65,41,[],"[[31, 7], [17, 11], [22, 20], [32, 34], [11, 34], [4, 26], [24, 32], [3, 24], [28, 29], [15, 4], [11, 16], [8, 13], [14, 2], [35, 1], [41, 11], [40, 11], [7, 3], [35, 8], [39, 23], [32, 16], [30, 33], [12, 16], [17, 33], [37, 22], [36, 12], [14, 29], [7, 12], [42, 9], [21, 29], [40, 33], [42, 19], [19, 25]]"
reduction_layer,123,13,1.5,19451600.0,7.80209,0.1821,27636066.672992397,-137.74607159231894,True,257.62,False,66,44,[],"[[36, 6], [11, 16], [38, 18], [33, 22], [30, 27], [16, 18], [21, 28], [1, 7], [28, 14], [18, 10], [32, 19], [33, 2], [34, 5], [22, 19], [26, 9], [31, 18], [18, 37], [34, 30], [36, 28], [30, 6], [25, 33], [39, 7], [8, 1], [4, 32], [19, 27], [1, 27], [26, 34], [39, 23], [5, 26], [37, 10], [35, 1], [3, 33]]"
arm_core,7,0,1.1,10549400.0,19.0669,0.06607,13289607.525600202,-15.879129752120683,True,199.2,False,40,36,[],"[[8, 5], [27, 15], [11, 7], [24, 6], [17, 16], [20, 9], [19, 3], [7, 21], [13, 12], [14, 14], [9, 14], [8, 19], [2, 22], [5, 24], [28, 13], [3, 20], [20, 26], [1, 29], [9, 4], [22, 17], [24, 19], [13, 19], [20, 16], [15, 6]]"
reduction_layer,123,10,0.2,63541200.0,7.63829,0.3666,177927884.86009678,-1430.668461353733,True,369.05,False,43,215,[],"[[29, 7], [8, 31], [22, 11], [5, 16], [30, 27], [32, 10], [11, 13], [33, 23], [12, 17], [13, 16], [15, 12], [14, 36], [27, 22], [5, 36], [36, 28], [6, 21], [19, 23], [2, 5], [33, 35], [26, 27], [20, 16], [30, 18], [10, 12], [41, 12], [19, 37], [9, 13], [40, 16], [9, 35], [34, 34], [25, 32], [13, 1], [2, 20]]"
reduction_layer,42,11,0.1,145201000.0,6.97295,0.708,716835353.5685999,-6066.752718684631,True,734.06,False,44,440,[],"[[20, 25], [14, 15], [16, 22], [25, 18], [42, 33], [4, 4], [36, 15], [1, 1], [12, 34], [31, 35], [22, 9], [16, 35], [33, 16], [6, 15], [22, 19], [32, 1], [13, 13], [3, 32], [16, 29], [29, 18], [8, 21], [35, 25], [19, 27], [9, 7], [1, 23], [27, 18], [34, 7], [15, 6], [20, 17], [37, 30], [20, 32], [19, 34]]"
reduction_layer,123,18,1.5,19452700.0,7.68096,0.1841,27507377.089987203,-136.63898775233682,True,284.55,False,66,44,[],"[[42, 35], [18, 15], [2, 10], [26, 11], [11, 30], [16, 16], [14, 8], [2, 4], [10, 27], [3, 4], [1, 11], [3, 16], [25, 13], [32, 34], [30, 12], [14, 16], [16, 28], [30, 30], [40, 22], [18, 29], [29, 21], [5, 16], [17, 26], [13, 17], [42, 6], [14, 30], [6, 9], [30, 2], [13, 29], [22, 14], [19, 15], [17, 37]]"
reduction_layer,123,15,1.1,13210000.0,7.49723,0.1635,16192779.75705,-39.30237688854925,True,339.09,False,48,44,[],"[[7, 21], [3, 11], [3, 24], [5, 36], [39, 35], [38, 14], [9, 32], [39, 2], [26, 37], [37, 28], [37, 7], [4, 31], [29, 16], [13, 4], [21, 4], [5, 1], [10, 1], [38, 6], [36, 23], [25, 2], [12, 34], [15, 12], [12, 1], [17, 6], [29, 1], [10, 19], [21, 19], [7, 28], [35, 1], [33, 23], [39, 29], [16, 33]]"
arm_core,7,1,0.7,14608800.0,18.7198,0.08123,22214277.9307152,-93.6980599106714,True,292.56,False,37,53,[],"[[32, 17], [5, 15], [21, 12], [13, 29], [8, 8], [10, 6], [22, 13], [3, 13], [16, 4], [5, 1], [7, 25], [35, 17], [15, 24], [33, 21], [4, 1], [15, 13], [17, 23], [31, 21], [13, 11], [30, 3], [8, 20], [24, 24], [31, 4], [35, 8]]"
reduction_layer,123,14,1.2,13741700.0,7.34177,0.166,16747474.534294002,-44.07427535669904,True,428.57,False,51,43,[],"[[9, 34], [25, 26], [11, 24], [19, 36], [23, 33], [5, 12], [7, 28], [4, 21], [34, 17], [23, 6], [41, 14], [6, 26], [25, 8], [14, 24], [19, 19], [20, 23], [29, 28], [39, 10], [38, 8], [26, 24], [40, 15], [2, 3], [28, 26], [36, 16], [20, 15], [19, 28], [1, 34], [28, 1], [4, 9], [27, 16], [3, 6], [7, 8]]"
reduction_layer,123,9,0.5,23643100.0,7.1996,0.2115,36001712.47374,-209.71360043766626,True,533.19,False,43,86,[],"[[17, 8], [3, 9], [41, 13], [37, 8], [41, 1], [16, 15], [28, 11], [40, 11], [31, 33], [32, 3], [16, 35], [23, 9], [1, 35], [38, 28], [16, 26], [31, 11], [41, 31], [6, 29], [14, 22], [9, 24], [20, 12], [4, 15], [12, 23], [21, 10], [35, 27], [2, 17], [32, 28], [32, 17], [15, 33], [29, 32], [12, 31], [9, 15]]"
reduction_layer,123,7,0.1,145203000.0,7.60398,0.6785,749145900.33729,-6344.712156840243,True,568.65,False,44,440,[],"[[38, 23], [37, 27], [7, 33], [21, 7], [18, 21], [34, 5], [42, 12], [11, 23], [13, 25], [3, 37], [2, 24], [10, 6], [6, 14], [32, 28], [13, 19], [27, 2], [6, 8], [11, 34], [11, 17], [26, 26], [18, 7], [12, 15], [14, 12], [15, 32], [23, 36], [9, 15], [14, 6], [26, 32], [32, 35], [29, 3], [3, 13], [9, 32]]"
reduction_layer,123,12,1.9,23827200.0,7.3462,0.2097,36705757.281408,-215.77031933433958,True,531.19,False,83,44,[],"[[24, 14], [13, 4], [19, 1], [41, 8], [18, 29], [15, 25], [10, 16], [8, 37], [16, 32], [21, 20], [23, 8], [33, 14], [32, 7], [25, 2], [35, 6], [18, 18], [22, 33], [36, 34], [19, 18], [14, 16], [22, 10], [33, 5], [28, 30], [7, 7], [3, 12], [5, 13], [2, 2], [40, 32], [4, 32], [42, 37], [33, 28], [33, 37]]"
arm_core,7,6,1.0,10444300.0,18.3166,0.06766,12943633.063610801,-12.86239509727396,True,208.53,False,36,36,[],"[[2, 9], [29, 28], [6, 17], [34, 16], [3, 17], [29, 10], [28, 22], [22, 27], [34, 6], [20, 29], [11, 3], [16, 22], [18, 8], [7, 7], [23, 4], [29, 22], [28, 6], [10, 15], [25, 21], [25, 5], [6, 10], [16, 14], [3, 9], [4, 23]]"
reduction_layer,123,16,1.3,16138800.0,7.62326,0.1716,21111994.0725408,-81.62112986693761,True,477.22,False,57,44,[],"[[14, 1], [4, 5], [30, 30], [38, 9], [7, 15], [12, 9], [36, 1], [9, 28], [34, 37], [16, 32], [32, 35], [40, 10], [8, 10], [24, 26], [28, 7], [38, 31], [8, 30], [18, 32], [39, 26], [16, 22], [35, 15], [11, 13], [3, 24], [26, 17], [39, 2], [26, 10], [31, 30], [20, 27], [5, 13], [40, 28], [9, 17], [12, 2]]"
reduction_layer,123,17,1.8,22191500.0,7.68039,0.1982,33781084.062566996,-190.61009748734904,True,470.77,False,79,44,[],"[[32, 21], [1, 22], [23, 37], [36, 22], [31, 36], [28, 37], [21, 35], [15, 12], [41, 5], [42, 15], [17, 6], [25, 27], [38, 23], [35, 36], [17, 36], [9, 19], [34, 14], [21, 5], [34, 7], [22, 17], [29, 1], [35, 6], [3, 33], [19, 2], [4, 2], [13, 11], [14, 11], [31, 8], [6, 23], [15, 33], [38, 5], [9, 30]]"
arm_core,7,4,1.4,14525500.0,19.2824,0.08029,22488145.181348,-96.08605358240338,True,309.33,False,52,37,[],"[[3, 17], [20, 4], [2, 24], [20, 27], [18, 3], [28, 30], [28, 21], [6, 5], [17, 8], [22, 12], [33, 10], [34, 4], [12, 23], [28, 7], [32, 2], [26, 2], [11, 20], [23, 11], [24, 21], [10, 15], [1, 17], [25, 5], [35, 21], [29, 6]]"
arm_core,7,3,0.8,12350500.0,19.2542,0.07382,17554321.965922,-53.065434692564985,True,329.32,False,37,46,[],"[[17, 20], [31, 4], [30, 26], [2, 19], [27, 17], [10, 25], [24, 9], [35, 11], [6, 3], [18, 8], [29, 2], [21, 10], [35, 22], [4, 20], [19, 11], [20, 2], [2, 27], [16, 20], [13, 4], [12, 9], [14, 3], [8, 16], [4, 8], [9, 15]]"
arm_core,7,9,2.0,17452400.0,19.6227,0.08896,30465527.115340795,-165.64507362348806,True,258.72,False,69,35,[],"[[10, 11], [35, 1], [9, 22], [27, 5], [21, 26], [7, 6], [24, 11], [25, 12], [34, 3], [5, 12], [16, 27], [29, 28], [20, 5], [2, 1], [10, 19], [32, 3], [8, 15], [6, 14], [30, 20], [23, 15], [22, 25], [23, 26], [24, 21], [17, 11]]"
arm_core,7,2,1.9,19140100.0,18.4117,0.09734,34302789.1844078,-199.10419484567214,True,485.59,False,70,37,[],"[[18, 23], [23, 1], [3, 21], [31, 17], [12, 11], [30, 2], [33, 6], [4, 27], [28, 16], [30, 22], [11, 9], [32, 2], [34, 5], [33, 24], [9, 30], [4, 13], [9, 2], [18, 15], [33, 13], [27, 4], [19, 13], [24, 30], [8, 6], [31, 30]]"
arm_core,7,5,2.0,18871000.0,18.7476,0.09394,33234653.044823997,-189.79054987358927,True,399.34,False,71,36,[],"[[21, 9], [25, 8], [21, 22], [20, 5], [13, 29], [3, 27], [24, 22], [18, 21], [26, 16], [17, 25], [33, 10], [6, 17], [18, 10], [26, 25], [24, 6], [7, 16], [34, 25], [22, 1], [9, 1], [14, 2], [12, 1], [28, 9], [15, 10], [10, 10]]"
arm_core,7,11,1.0,10912700.0,19.424,0.06744,14295141.126912,-24.64691002193452,True,239.34,False,37,37,[],"[[35, 20], [11, 13], [31, 12], [25, 8], [19, 17], [28, 6], [35, 30], [12, 13], [26, 25], [21, 21], [3, 15], [4, 18], [17, 27], [13, 23], [8, 23], [21, 2], [31, 30], [30, 2], [8, 10], [13, 7], [6, 8], [6, 2], [2, 3], [14, 7]]"
arm_core,7,8,0.8,13742900.0,18.7922,0.07773,20074497.3617874,-75.04017932915646,True,384.25,False,37,46,[],"[[11, 10], [2, 27], [1, 8], [14, 13], [28, 20], [24, 15], [13, 16], [9, 28], [11, 28], [35, 11], [20, 30], [16, 29], [22, 3], [23, 8], [2, 15], [22, 30], [16, 21], [3, 9], [22, 11], [20, 2], [19, 2], [27, 25], [12, 9], [31, 22]]"
arm_core,7,12,1.7,13446300.0,19.2924,0.07694,19959112.9713528,-74.03408169047269,True,283.36,False,56,33,[],"[[13, 17], [4, 22], [28, 21], [22, 18], [18, 23], [17, 17], [5, 12], [30, 5], [17, 11], [35, 2], [19, 2], [21, 2], [2, 1], [7, 23], [5, 5], [35, 26], [15, 18], [12, 23], [9, 6], [19, 17], [23, 7], [33, 4], [3, 23], [11, 2]]"
arm_core,7,7,2.0,20381000.0,19.5607,0.09812,39117169.411804,-241.08332703387364,True,429.08,False,73,37,[],"[[4, 13], [20, 22], [22, 14], [32, 7], [4, 1], [6, 12], [25, 30], [35, 2], [28, 7], [18, 16], [13, 10], [17, 15], [3, 12], [34, 27], [30, 12], [30, 5], [22, 4], [9, 23], [24, 23], [26, 13], [12, 11], [14, 22], [19, 15], [13, 26]]"
arm_core,7,16,0.8,12541600.0,18.9499,0.07331,17423006.0467304,-51.920421613043246,True,232.95,False,35,44,[],"[[17, 30], [20, 6], [11, 10], [20, 27], [32, 7], [30, 16], [14, 23], [3, 9], [29, 15], [26, 22], [24, 22], [26, 2], [33, 30], [3, 15], [21, 9], [1, 26], [2, 8], [31, 10], [16, 21], [23, 11], [33, 1], [10, 14], [4, 22], [21, 20]]"
arm_core,7,15,0.3,31240900.0,18.5965,0.1356,78779721.41286,-586.922133844162,True,280.55,False,36,120,[],"[[5, 2], [25, 8], [1, 28], [16, 29], [29, 8], [5, 18], [34, 18], [6, 25], [18, 15], [4, 9], [30, 7], [31, 24], [3, 5], [28, 10], [26, 3], [33, 24], [27, 29], [28, 4], [19, 20], [34, 24], [8, 11], [9, 25], [3, 25], [10, 12]]"
arm_core,7,14,0.3,27295500.0,18.3266,0.1241,62079003.44823,-441.29972473622036,True,356.11,False,34,113,[],"[[4, 25], [2, 14], [16, 22], [19, 24], [32, 9], [15, 21], [12, 10], [3, 1], [6, 17], [9, 24], [16, 13], [30, 10], [14, 24], [2, 27], [11, 3], [23, 1], [23, 15], [30, 26], [32, 21], [1, 24], [18, 30], [16, 3], [1, 5], [17, 16]]"
arm_core,7,10,0.3,31241800.0,17.9934,0.1353,76058381.417436,-563.1933284733555,True,414.46,False,36,120,[],"[[30, 21], [13, 15], [14, 6], [19, 30], [20, 22], [27, 17], [15, 15], [21, 27], [34, 16], [3, 15], [27, 24], [22, 27], [21, 12], [29, 8], [17, 24], [32, 26], [13, 27], [1, 19], [16, 11], [8, 3], [4, 26], [25, 28], [4, 13], [14, 19]]"
arm_core,7,18,1.8,17671900.0,19.7734,0.08965,31326717.529788997,-173.1542491642171,True,274.54,False,66,37,[],"[[19, 2], [16, 29], [31, 20], [6, 17], [18, 8], [20, 29], [5, 15], [10, 10], [32, 3], [22, 6], [14, 30], [3, 2], [34, 30], [18, 18], [11, 25], [4, 12], [7, 10], [32, 23], [29, 8], [3, 9], [28, 12], [24, 17], [33, 1], [8, 7]]"
arm_core,42,0,0.8,12350200.0,19.5695,0.07338,17735009.590482,-54.64094583167554,True,269.6,False,37,46,[],"[[27, 6], [33, 1], [10, 1], [28, 23], [35, 17], [28, 11], [1, 3], [34, 17], [2, 6], [12, 4], [19, 10], [12, 20], [5, 27], [32, 11], [11, 10], [25, 10], [32, 17], [6, 16], [7, 12], [3, 16], [8, 20], [23, 22], [33, 9], [7, 4]]"
arm_core,7,19,0.4,22077900.0,18.4698,0.107,43631860.52394,-280.44931103047975,True,320.93,False,35,88,[],"[[1, 4], [31, 14], [12, 27], [26, 2], [32, 17], [29, 23], [6, 28], [12, 12], [31, 29], [17, 1], [11, 16], [33, 28], [29, 15], [12, 1], [18, 28], [21, 30], [25, 2], [21, 13], [4, 14], [26, 14], [5, 7], [22, 27], [5, 1], [13, 21]]"
arm_core,7,17,0.7,13631200.0,18.5562,0.07903,19990106.8999632,-74.30433417671458,True,351.69,False,36,51,[],"[[9, 6], [28, 8], [6, 6], [2, 9], [34, 28], [11, 13], [33, 29], [26, 22], [30, 4], [30, 21], [12, 25], [31, 3], [7, 28], [6, 27], [26, 14], [22, 13], [17, 12], [7, 10], [18, 15], [29, 6], [2, 19], [11, 24], [23, 20], [9, 20]]"
arm_core,7,13,1.6,15733800.0,19.3726,0.08224,25067131.4454912,-118.57360134150017,True,481.93,False,56,35,[],"[[28, 25], [24, 10], [23, 3], [3, 17], [30, 10], [12, 19], [24, 26], [9, 22], [34, 23], [4, 18], [7, 26], [7, 4], [33, 23], [32, 18], [31, 9], [14, 28], [22, 11], [19, 15], [30, 23], [11, 1], [8, 22], [1, 25], [11, 27], [6, 25]]"
arm_core,42,1,0.7,13141600.0,19.0152,0.07612,19021638.3945984,-65.8597441180671,True,322.87,False,35,50,[],"[[18, 17], [24, 4], [15, 23], [9, 20], [33, 1], [13, 5], [1, 8], [26, 30], [31, 18], [17, 26], [13, 19], [7, 16], [4, 8], [11, 12], [14, 13], [5, 20], [9, 30], [3, 7], [9, 10], [7, 1], [15, 3], [25, 6], [11, 25], [32, 1]]"
arm_core,42,4,0.5,19893000.0,19.3328,0.09763,37547266.924752,-227.39451540833545,True,324.26,False,37,74,[],"[[28, 4], [5, 27], [31, 22], [35, 15], [5, 6], [21, 24], [34, 8], [20, 27], [19, 13], [25, 26], [4, 14], [2, 16], [30, 11], [20, 4], [29, 19], [16, 17], [8, 15], [17, 17], [7, 3], [34, 24], [23, 17], [11, 24], [24, 10], [15, 18]]"
arm_core,42,3,0.7,14328200.0,18.5743,0.08068,21471875.4947768,-87.22465969650587,True,362.22,False,37,53,[],"[[23, 11], [33, 20], [24, 4], [27, 15], [25, 3], [11, 5], [34, 25], [18, 24], [21, 5], [8, 10], [19, 9], [29, 27], [35, 4], [3, 7], [5, 6], [30, 4], [9, 2], [4, 25], [1, 30], [35, 18], [12, 1], [13, 26], [6, 25], [31, 6]]"
arm_core,42,2,0.2,47478500.0,18.7751,0.1886,168120602.19700998,-1365.932612265924,True,396.96,False,37,185,[],"[[35, 8], [31, 20], [24, 17], [4, 12], [8, 30], [8, 20], [13, 9], [34, 30], [22, 28], [33, 21], [19, 20], [32, 18], [11, 3], [23, 26], [11, 20], [30, 13], [4, 3], [16, 28], [28, 26], [17, 29], [26, 29], [28, 17], [6, 20], [1, 30]]"
arm_core,42,7,1.3,12659100.0,19.4307,0.07311,17983244.9981907,-56.805441883461526,True,314.24,False,45,35,[],"[[18, 20], [18, 7], [30, 26], [25, 7], [30, 5], [26, 12], [10, 3], [22, 28], [9, 8], [7, 20], [3, 10], [8, 24], [2, 20], [23, 19], [28, 13], [11, 21], [12, 7], [1, 3], [10, 19], [9, 28], [35, 25], [12, 28], [16, 15], [7, 1]]"
arm_core,42,13,1.3,13562800.0,18.7331,0.07683,19520450.7692844,-70.20915351761911,True,271.31,False,48,37,[],"[[22, 24], [20, 16], [5, 22], [21, 21], [1, 7], [7, 13], [18, 26], [13, 26], [19, 12], [16, 6], [6, 22], [20, 8], [4, 20], [33, 28], [2, 19], [27, 3], [34, 25], [24, 23], [30, 7], [18, 1], [16, 30], [13, 17], [29, 1], [25, 29]]"
arm_core,42,8,1.4,14526500.0,19.444,0.07942,22432438.38572,-95.60031651408009,True,388.16,False,52,37,[],"[[21, 24], [21, 3], [9, 5], [26, 8], [24, 11], [33, 3], [25, 21], [8, 2], [2, 3], [32, 28], [31, 30], [17, 8], [10, 29], [11, 12], [16, 7], [6, 23], [15, 13], [3, 13], [5, 17], [14, 23], [19, 21], [18, 12], [32, 6], [30, 11]]"
arm_core,42,10,0.5,19519500.0,18.6641,0.09771,35597111.164114505,-210.39007400640236,True,345.79,False,36,72,[],"[[22, 5], [33, 24], [7, 8], [5, 28], [32, 18], [9, 29], [33, 30], [11, 8], [2, 8], [4, 15], [28, 1], [25, 18], [30, 9], [20, 21], [15, 27], [9, 23], [34, 15], [33, 9], [1, 13], [27, 30], [23, 20], [28, 13], [19, 1], [3, 23]]"
arm_core,42,15,1.1,9970250.0,20.0215,0.0647,12915372.6162625,-12.615977282540264,True,255.5,False,37,34,[],"[[2, 1], [25, 16], [3, 6], [12, 27], [31, 14], [29, 18], [34, 8], [2, 26], [24, 8], [27, 14], [17, 27], [26, 19], [6, 22], [5, 20], [33, 8], [29, 4], [35, 21], [11, 20], [17, 8], [15, 15], [34, 20], [23, 19], [20, 26], [34, 14]]"
arm_core,42,12,0.2,46747500.0,18.7581,0.1871,164066919.741225,-1330.5864070177304,True,353.75,False,37,185,[],"[[3, 27], [5, 13], [18, 1], [17, 15], [13, 22], [12, 25], [33, 20], [1, 19], [2, 21], [23, 15], [4, 2], [6, 8], [31, 4], [35, 21], [28, 10], [11, 18], [2, 3], [19, 26], [27, 4], [18, 13], [15, 2], [11, 3], [5, 27], [10, 8]]"
arm_core,42,11,0.6,18027000.0,18.8343,0.09096,30883278.238055997,-169.28766701535145,True,394.75,False,37,62,[],"[[14, 24], [5, 2], [17, 28], [35, 11], [6, 6], [21, 13], [6, 20], [30, 28], [13, 26], [28, 6], [17, 2], [30, 2], [14, 16], [15, 30], [12, 3], [26, 9], [17, 17], [35, 25], [4, 17], [9, 7], [19, 14], [23, 1], [5, 9], [16, 5]]"
arm_core,42,6,0.1,87850400.0,21.4449,0.3085,581196428.75316,-4967.759619629167,True,544.97,False,36,360,[],"[[15, 13], [9, 14], [20, 4], [29, 5], [33, 18], [13, 17], [22, 24], [14, 8], [18, 21], [8, 22], [19, 13], [16, 2], [3, 4], [34, 10], [2, 14], [21, 30], [32, 25], [10, 14], [5, 21], [25, 14], [15, 30], [8, 7], [25, 27], [26, 1]]"
arm_core,42,9,1.2,12015200.0,19.3731,0.07228,16824736.3885536,-46.70379145951318,True,471.29,False,44,37,[],"[[20, 18], [35, 2], [6, 17], [11, 27], [13, 26], [11, 13], [19, 10], [13, 9], [2, 18], [14, 23], [17, 16], [3, 5], [8, 15], [30, 10], [19, 1], [17, 28], [6, 3], [29, 16], [14, 30], [23, 11], [7, 16], [21, 4], [25, 16], [26, 10]]"
arm_core,42,19,1.4,13785300.0,19.1109,0.07748,20412066.4673796,-77.98362322784745,True,271.32,False,52,37,[],"[[11, 7], [32, 3], [23, 22], [13, 10], [12, 29], [10, 6], [10, 14], [17, 9], [28, 12], [20, 18], [7, 29], [4, 30], [19, 10], [19, 4], [5, 10], [13, 27], [12, 23], [15, 3], [14, 21], [21, 2], [34, 2], [20, 24], [25, 21], [18, 19]]"
arm_core,42,16,1.5,16203800.0,19.5441,0.08311,26319996.8247738,-129.49799843661089,True,387.79,False,55,37,[],"[[4, 8], [17, 21], [29, 14], [8, 19], [34, 26], [9, 25], [19, 16], [35, 23], [9, 8], [10, 23], [18, 18], [2, 25], [34, 12], [28, 25], [8, 2], [19, 27], [27, 23], [6, 25], [22, 12], [30, 11], [16, 17], [29, 5], [22, 20], [32, 30]]"
arm_core,123,1,0.4,21374700.0,18.515,0.104,41158267.331999995,-258.88074131232827,True,260.23,False,35,88,[],"[[15, 7], [29, 29], [23, 10], [20, 16], [22, 27], [32, 16], [21, 14], [27, 5], [3, 21], [2, 29], [8, 16], [14, 10], [16, 27], [33, 24], [4, 19], [26, 21], [15, 13], [30, 30], [11, 4], [9, 5], [7, 16], [4, 29], [24, 4], [22, 11]]"
arm_core,42,14,1.4,15630900.0,19.2487,0.08342,25098951.1929186,-118.85105457958235,True,472.51,False,52,37,[],"[[24, 26], [4, 11], [3, 4], [35, 5], [27, 8], [33, 18], [25, 4], [1, 25], [20, 14], [6, 24], [27, 16], [6, 6], [26, 20], [8, 20], [34, 30], [30, 21], [17, 5], [9, 2], [22, 6], [5, 2], [17, 24], [4, 30], [13, 17], [13, 29]]"
arm_core,123,6,2.0,18690800.0,18.5699,0.09603,33330696.132927604,-190.6280004489139,True,253.54,False,73,37,[],"[[18, 7], [32, 18], [34, 8], [22, 22], [8, 20], [7, 26], [33, 23], [29, 2], [27, 9], [1, 22], [21, 30], [4, 27], [16, 3], [10, 15], [33, 1], [9, 11], [30, 24], [17, 13], [2, 15], [31, 12], [13, 14], [26, 20], [10, 2], [14, 5]]"
arm_core,123,5,1.5,15642300.0,19.2863,0.08276,24967209.808952402,-117.70233164725083,True,290.36,False,55,37,[],"[[6, 5], [32, 19], [15, 23], [27, 9], [5, 9], [16, 30], [8, 25], [6, 21], [13, 16], [2, 15], [26, 11], [20, 1], [14, 23], [24, 15], [15, 6], [1, 22], [26, 18], [4, 23], [18, 16], [35, 30], [30, 2], [16, 11], [34, 23], [26, 28]]"
arm_core,123,3,0.3,32524600.0,18.6053,0.1394,84355113.688972,-635.5369333209716,True,293.93,False,37,123,[],"[[29, 14], [1, 5], [24, 9], [14, 12], [13, 15], [35, 16], [9, 18], [7, 24], [11, 2], [6, 15], [3, 4], [30, 1], [19, 10], [18, 8], [20, 28], [25, 18], [18, 30], [2, 5], [33, 19], [8, 21], [34, 5], [29, 2], [23, 11], [14, 24]]"
arm_core,123,2,0.6,17205600.0,18.8377,0.0884,28651671.511008002,-149.82910550545307,True,371.27,False,37,62,[],"[[28, 14], [17, 18], [13, 16], [1, 9], [19, 27], [12, 27], [23, 21], [26, 25], [35, 9], [18, 7], [4, 3], [7, 13], [16, 5], [13, 10], [7, 22], [13, 26], [17, 9], [21, 28], [31, 11], [20, 22], [5, 20], [15, 24], [12, 7], [10, 24]]"
arm_core,42,18,0.1,82915400.0,22.4224,0.2907,540458470.423872,-4612.543775219732,True,498.48,False,35,350,[],"[[21, 16], [30, 30], [13, 12], [28, 26], [33, 18], [32, 8], [2, 15], [2, 24], [23, 27], [20, 12], [6, 17], [20, 18], [1, 28], [27, 15], [18, 11], [26, 11], [33, 6], [16, 19], [15, 12], [13, 2], [4, 27], [7, 7], [20, 29], [31, 20]]"
arm_core,123,0,1.7,16839200.0,19.0341,0.08798,28199263.0910256,-145.88431677492767,True,460.75,False,63,37,[],"[[6, 30], [31, 14], [25, 15], [21, 29], [32, 11], [11, 1], [20, 21], [11, 14], [7, 25], [16, 17], [34, 12], [4, 19], [23, 21], [31, 2], [19, 19], [23, 15], [28, 10], [20, 2], [30, 10], [12, 19], [20, 8], [23, 8], [23, 2], [18, 4]]"
arm_core,42,5,0.1,91123100.0,20.5952,0.3231,606361275.372672,-5187.185251349088,True,797.94,False,37,370,[],"[[8, 11], [30, 23], [11, 29], [6, 17], [21, 21], [23, 22], [18, 13], [9, 27], [14, 1], [26, 29], [19, 23], [22, 21], [2, 4], [1, 19], [13, 9], [7, 6], [5, 11], [31, 20], [32, 30], [29, 10], [21, 11], [7, 16], [35, 23], [3, 22]]"
arm_core,123,7,0.7,14608800.0,18.9809,0.08121,22518572.441623196,-96.35136498717128,True,305.53,False,37,53,[],"[[1, 15], [31, 7], [29, 9], [22, 10], [26, 13], [31, 25], [30, 4], [8, 26], [35, 22], [19, 9], [13, 28], [21, 28], [28, 15], [6, 6], [4, 17], [30, 18], [23, 23], [5, 17], [13, 22], [16, 27], [21, 2], [4, 26], [9, 12], [33, 19]]"
arm_core,123,12,1.3,11945200.0,19.5314,0.07083,16525097.927402403,-44.09108494793414,True,220.78,False,45,35,[],"[[10, 15], [1, 25], [23, 10], [21, 27], [20, 1], [15, 24], [12, 26], [5, 27], [1, 11], [20, 28], [5, 15], [27, 27], [14, 7], [32, 4], [6, 22], [25, 11], [18, 18], [34, 9], [13, 15], [10, 1], [5, 9], [17, 10], [34, 18], [21, 18]]"
arm_core,123,8,0.8,12121200.0,18.4874,0.07396,16573657.4142048,-44.51450084347747,True,350.31,False,36,45,[],"[[17, 7], [34, 18], [8, 26], [10, 13], [27, 1], [4, 15], [31, 13], [10, 3], [28, 4], [16, 10], [32, 16], [22, 21], [32, 27], [10, 28], [25, 27], [29, 20], [18, 11], [17, 1], [26, 15], [12, 10], [21, 23], [7, 6], [6, 16], [5, 4]]"
arm_core,123,10,1.6,16340900.0,18.9794,0.08617,26724804.942728195,-133.02773491188205,True,339.63,False,59,37,[],"[[7, 20], [21, 27], [29, 19], [22, 2], [19, 27], [17, 10], [28, 26], [11, 30], [20, 6], [3, 1], [18, 26], [32, 30], [8, 19], [23, 26], [35, 19], [5, 2], [14, 21], [25, 8], [14, 13], [26, 30], [10, 20], [27, 6], [24, 29], [7, 27]]"
arm_core,123,4,0.7,13369000.0,18.9433,0.07798,19748667.201046,-72.19909351070962,True,477.73,False,36,51,[],"[[34, 29], [19, 8], [4, 27], [9, 2], [6, 26], [20, 6], [14, 30], [23, 9], [10, 5], [22, 14], [16, 23], [26, 13], [8, 10], [2, 2], [10, 27], [12, 16], [7, 11], [1, 3], [31, 6], [9, 15], [14, 11], [20, 22], [34, 1], [6, 20]]"
arm_core,42,17,0.1,91123000.0,23.1133,0.3171,667861191.10389,-5723.435603440688,True,686.17,False,37,370,[],"[[25, 4], [5, 14], [31, 1], [29, 11], [32, 28], [1, 22], [24, 10], [6, 11], [7, 10], [14, 20], [35, 22], [34, 18], [20, 27], [24, 26], [8, 17], [6, 5], [13, 10], [8, 3], [27, 14], [10, 25], [33, 5], [2, 21], [7, 30], [21, 10]]"
arm_core,123,18,0.9,11685300.0,18.8199,0.07062,15530480.4529314,-35.41848817215039,True,165.19,False,36,40,[],"[[6, 9], [12, 3], [30, 19], [34, 2], [31, 18], [4, 5], [18, 10], [19, 25], [7, 29], [2, 24], [6, 25], [8, 26], [25, 9], [25, 16], [11, 7], [21, 4], [33, 13], [24, 19], [14, 26], [22, 26], [9, 7], [4, 27], [3, 7], [13, 24]]"
arm_core,123,9,0.6,14844300.0,18.5677,0.0825,22739022.001574997,-98.27358150953609,True,427.08,False,35,58,[],"[[21, 15], [1, 5], [25, 8], [15, 6], [13, 23], [32, 5], [16, 8], [23, 13], [1, 24], [33, 2], [24, 24], [21, 1], [11, 7], [3, 27], [28, 13], [29, 6], [11, 26], [20, 8], [25, 23], [31, 19], [4, 4], [21, 26], [7, 7], [2, 11]]"
arm_core,123,15,0.3,26325500.0,18.7563,0.1203,59400407.770695,-417.9436297219299,True,262.18,False,34,113,[],"[[14, 24], [9, 21], [5, 8], [2, 6], [4, 22], [7, 11], [22, 5], [21, 15], [6, 8], [32, 20], [4, 28], [32, 5], [31, 9], [21, 7], [16, 13], [13, 24], [26, 11], [26, 18], [10, 24], [8, 14], [11, 30], [15, 22], [30, 3], [10, 9]]"
arm_core,123,13,0.3,31914800.0,18.1319,0.1397,80841031.908164,-604.8957922749779,True,402.17,False,37,123,[],"[[24, 6], [14, 28], [1, 22], [1, 5], [14, 2], [1, 11], [29, 20], [5, 23], [1, 28], [23, 5], [20, 29], [26, 10], [17, 6], [30, 26], [21, 28], [3, 21], [28, 6], [9, 25], [12, 26], [35, 25], [11, 8], [16, 8], [27, 24], [23, 23]]"
arm_core,123,17,1.6,14739400.0,18.244,0.08218,22098663.325648002,-92.68995490862267,True,287.22,False,57,36,[],"[[21, 18], [1, 18], [22, 25], [19, 14], [31, 23], [15, 24], [12, 19], [32, 26], [2, 16], [28, 28], [18, 24], [3, 25], [25, 22], [6, 4], [10, 2], [14, 29], [35, 2], [2, 5], [26, 10], [25, 6], [13, 19], [34, 16], [20, 19], [29, 5]]"
arm_core,123,11,1.5,16376400.0,19.2774,0.08407,26540429.331175204,-131.42006626003368,True,469.07,False,55,37,[],"[[31, 15], [14, 14], [22, 19], [33, 28], [26, 8], [14, 7], [6, 14], [6, 7], [14, 28], [15, 28], [10, 18], [31, 7], [12, 9], [23, 30], [33, 19], [2, 18], [13, 3], [11, 3], [9, 25], [23, 1], [29, 30], [17, 28], [9, 2], [22, 26]]"
arm_core,123,14,0.4,23981800.0,18.3813,0.1135,50032690.948589996,-336.2615430975693,True,358.71,False,37,93,[],"[[11, 18], [33, 20], [10, 10], [4, 29], [6, 30], [18, 20], [35, 7], [15, 5], [19, 30], [18, 29], [3, 16], [18, 4], [23, 5], [19, 11], [21, 26], [32, 26], [17, 22], [21, 5], [5, 16], [11, 7], [28, 14], [5, 8], [32, 6], [3, 6]]"
softmax,7,1,0.9,7482000.0,6.33598,0.07225,3425069.22051,4.288216039734599,True,279.23,False,37,41,"[[21, 1], [28, 9], [6, 1], [25, 4], [35, 26], [13, 1], [32, 17], [22, 3]]",[]
softmax,7,0,1.2,8276850.0,6.65771,0.07564,4168132.14090114,-16.4762920991026,True,308.11,False,45,38,"[[1, 30], [41, 29], [28, 11], [10, 29], [22, 2], [33, 33], [19, 29], [22, 28]]",[]
arm_core,123,19,0.9,11375000.0,18.5677,0.06935,14647246.193124996,-27.717100663417156,True,337.28,False,36,40,[],"[[8, 1], [4, 3], [22, 22], [12, 1], [15, 12], [9, 7], [20, 10], [6, 29], [30, 5], [2, 21], [34, 25], [29, 22], [18, 24], [24, 2], [31, 13], [26, 25], [25, 8], [1, 11], [11, 1], [9, 16], [32, 27], [8, 10], [11, 9], [13, 3]]"
softmax,7,4,1.0,7908400.0,6.21681,0.07539,3706550.8731795596,-3.5776428362725183,True,300.0,False,40,40,"[[33, 32], [30, 26], [13, 15], [33, 20], [16, 1], [6, 28], [3, 35], [15, 7]]",[]
softmax,7,2,0.9,9150880.0,6.37227,0.08093,4719180.294438768,-31.875047110320526,True,389.51,False,40,44,"[[11, 7], [35, 22], [38, 27], [38, 33], [38, 20], [25, 37], [30, 23], [33, 19]]",[]
arm_core,123,16,1.6,17122500.0,19.1048,0.08744,28603542.258720003,-149.40944105260826,True,541.4,False,59,37,[],"[[34, 11], [31, 11], [19, 24], [8, 8], [29, 10], [23, 5], [28, 19], [6, 11], [6, 29], [24, 20], [33, 6], [15, 8], [7, 17], [34, 20], [26, 29], [17, 9], [10, 29], [3, 9], [4, 3], [20, 21], [25, 15], [27, 26], [20, 9], [4, 30]]"
softmax,7,7,1.0,8516680.0,6.38677,0.07769,4225875.789580484,-18.08990842965136,True,339.72,False,41,41,"[[3, 4], [39, 21], [31, 11], [13, 27], [10, 29], [28, 10], [29, 27], [1, 33]]",[]
softmax,7,5,1.5,7344290.0,6.13907,0.0707,3187658.70600821,10.922529804204236,True,378.27,False,46,31,"[[41, 6], [29, 13], [34, 18], [28, 4], [21, 25], [33, 25], [10, 20], [40, 16]]",[]
softmax,7,8,1.4,9785920.0,6.53047,0.08318,5315755.727796032,-48.546038356736844,True,333.73,False,52,37,"[[39, 10], [3, 21], [29, 17], [1, 23], [40, 32], [16, 23], [4, 15], [22, 16]]",[]
softmax,7,3,1.6,13381300.0,6.39035,0.1047,8953021.6406385,-150.18754889069874,True,427.71,False,65,41,"[[8, 9], [34, 28], [16, 9], [37, 12], [3, 36], [40, 10], [10, 30], [26, 31]]",[]
softmax,7,6,0.5,15207300.0,6.40039,0.1182,11504719.3301154,-221.49341813405243,True,413.53,False,38,76,"[[36, 4], [28, 37], [15, 9], [8, 23], [4, 19], [30, 20], [31, 29], [19, 14]]",[]
softmax,7,9,0.3,24446900.0,6.36688,0.1793,27908130.825889595,-679.8782495685242,True,374.17,False,38,127,"[[8, 17], [19, 15], [36, 23], [15, 16], [15, 27], [5, 11], [29, 20], [11, 18]]",[]
softmax,7,10,0.8,10429900.0,6.35345,0.0901,5970552.918765499,-66.84400643999979,True,388.25,False,41,51,"[[5, 25], [34, 37], [11, 31], [24, 1], [33, 27], [39, 37], [26, 10], [9, 36]]",[]
softmax,7,11,0.9,10293700.0,6.31076,0.08947,5812066.95186764,-62.4151982472699,True,397.92,False,43,48,"[[30, 12], [14, 15], [20, 3], [14, 1], [26, 12], [21, 14], [41, 21], [15, 19]]",[]
softmax,7,12,1.8,16716000.0,6.83852,0.1204,13763249.118528,-284.60686234765075,True,395.34,False,77,43,"[[28, 22], [24, 16], [34, 38], [25, 5], [14, 8], [21, 25], [18, 33], [15, 10]]",[]
softmax,7,16,0.8,10191200.0,6.52043,0.08716,5791869.70178656,-61.85079656312994,True,355.7,False,40,50,"[[27, 2], [14, 18], [22, 19], [37, 32], [20, 29], [38, 26], [12, 14], [19, 19]]",[]
softmax,7,15,1.3,9011160.0,6.38277,0.08065,4638678.44216958,-29.62546457731628,True,379.94,False,48,37,"[[33, 20], [6, 10], [29, 32], [7, 10], [26, 28], [11, 16], [21, 29], [8, 29]]",[]
softmax,7,13,2.0,16755500.0,6.38166,0.1236,13216288.950468,-269.3223439715714,True,394.66,False,81,41,"[[36, 11], [38, 15], [34, 32], [27, 22], [32, 36], [10, 11], [29, 21], [32, 26]]",[]
softmax,7,14,1.5,9027210.0,6.39162,0.08061,4651075.760963922,-29.971901224793427,True,399.1,False,52,35,"[[33, 30], [9, 1], [27, 12], [6, 30], [28, 21], [41, 16], [22, 28], [16, 25]]",[]
softmax,7,18,1.5,8783420.0,6.34157,0.07896,4398125.121871824,-22.9033267339722,True,326.64,False,51,34,"[[36, 27], [33, 25], [7, 11], [12, 14], [29, 23], [5, 13], [28, 29], [28, 11]]",[]
softmax,42,1,1.5,8783300.0,6.27044,0.07991,4401055.6881513195,-22.98521988957462,True,338.64,False,51,34,"[[30, 12], [9, 11], [15, 5], [17, 4], [1, 17], [30, 29], [21, 15], [12, 8]]",[]
softmax,7,19,2.0,18909800.0,6.46244,0.1359,16607448.5712408,-364.08654174444206,True,371.07,False,85,43,"[[21, 30], [12, 31], [23, 1], [8, 23], [13, 37], [12, 36], [19, 24], [16, 38]]",[]
softmax,42,4,0.9,7251260.0,6.32958,0.07088,3253209.8575943043,9.090736851996205,True,319.18,False,36,40,"[[23, 33], [20, 17], [1, 18], [11, 13], [19, 25], [34, 5], [33, 17], [30, 9]]",[]
softmax,7,17,0.5,18060200.0,6.49611,0.1321,15498110.153086198,-333.0866546818893,True,455.06,False,41,82,"[[39, 14], [23, 28], [28, 29], [1, 2], [20, 18], [30, 27], [14, 1], [25, 14]]",[]
softmax,42,0,0.6,15251200.0,6.2572,0.123,11737866.46272,-228.0085939013568,True,404.36,False,43,72,"[[8, 7], [25, 21], [41, 5], [29, 37], [3, 12], [5, 8], [8, 15], [20, 20]]",[]
softmax,42,2,0.4,13705800.0,6.31187,0.1118,9671731.6731828,-170.27152820213368,True,398.01,False,33,83,"[[19, 27], [15, 4], [10, 23], [27, 35], [29, 27], [13, 35], [2, 34], [31, 1]]",[]
softmax,42,5,0.2,16525800.0,6.30588,0.1277,13307580.1846008,-271.87343018800806,True,367.17,False,25,125,"[[15, 20], [12, 25], [23, 25], [21, 14], [2, 3], [9, 20], [9, 14], [11, 14]]",[]
softmax,42,3,1.9,14506900.0,6.65107,0.1105,10661748.0158215,-197.9370217157678,True,436.66,False,74,39,"[[11, 1], [31, 18], [34, 13], [19, 27], [20, 9], [19, 34], [25, 1], [15, 33]]",[]
softmax,42,6,0.5,15308000.0,6.53039,0.1182,11816124.236184,-230.19546681538284,True,358.85,False,39,78,"[[10, 25], [10, 17], [32, 19], [30, 28], [23, 33], [2, 11], [23, 22], [37, 15]]",[]
softmax,42,8,1.3,10380700.0,6.2809,0.08756,5708924.1384428,-59.53292579086031,True,334.45,False,51,39,"[[39, 30], [32, 11], [28, 28], [1, 34], [13, 31], [39, 18], [19, 17], [41, 25]]",[]
softmax,42,7,2.0,18909900.0,6.32073,0.1364,16303124.3717628,-355.58235973845564,True,399.09,False,85,43,"[[19, 38], [15, 15], [26, 22], [32, 7], [28, 33], [41, 14], [16, 7], [38, 3]]",[]
softmax,42,9,0.5,14510800.0,6.37005,0.1153,10657700.333562002,-197.8239113331685,True,370.92,False,38,76,"[[26, 29], [36, 32], [2, 29], [4, 23], [16, 38], [16, 30], [34, 9], [27, 32]]",[]
softmax,42,12,2.0,17548900.0,6.38277,0.1326,14852604.559267798,-315.0483354646531,True,369.09,False,85,43,"[[34, 14], [12, 36], [16, 19], [27, 2], [31, 17], [23, 9], [23, 32], [40, 38]]",[]
softmax,42,10,0.9,10057400.0,6.3883,0.08921,5731714.7039482,-60.16979633027098,True,448.48,False,43,48,"[[1, 21], [17, 19], [36, 13], [19, 25], [41, 5], [19, 1], [40, 23], [17, 25]]",[]
softmax,42,13,0.8,7963730.0,6.37199,0.07404,3757145.578596708,-4.99148565306041,True,394.0,False,35,44,"[[22, 36], [4, 7], [33, 14], [33, 5], [25, 31], [21, 24], [5, 8], [8, 29]]",[]
softmax,42,11,1.2,11210200.0,6.3872,0.09291,6652522.2568704,-85.9012860901034,True,457.63,False,51,43,"[[25, 38], [39, 26], [35, 34], [24, 23], [37, 26], [36, 37], [40, 18], [19, 15]]",[]
softmax,42,14,0.6,13300400.0,6.41311,0.1103,9408251.185313199,-162.90870254544063,True,357.48,False,41,68,"[[20, 38], [5, 17], [4, 16], [39, 19], [34, 15], [33, 28], [23, 25], [1, 5]]",[]
softmax,42,15,1.0,9631180.0,6.39273,0.08397,5169993.712997958,-44.47279440989219,True,371.2,False,43,43,"[[27, 18], [11, 6], [8, 18], [10, 11], [3, 34], [39, 19], [9, 1], [41, 1]]",[]
softmax,42,17,1.2,10957300.0,6.4143,0.09243,6496295.5299177,-81.53561118654929,True,371.41,False,51,43,"[[35, 38], [37, 14], [13, 5], [22, 8], [31, 14], [17, 13], [9, 4], [2, 31]]",[]
softmax,42,18,2.0,14761700.0,6.54478,0.1129,10907503.7107454,-204.80453722135482,True,367.9,False,77,39,"[[32, 34], [6, 13], [9, 9], [1, 6], [40, 18], [17, 20], [36, 3], [41, 31]]",[]
softmax,123,2,1.4,12290800.0,6.53822,0.1014,8148499.373726401,-127.70559117118496,True,320.66,False,60,43,"[[11, 30], [27, 15], [13, 15], [41, 17], [4, 28], [4, 3], [13, 26], [36, 38]]",[]
softmax,123,0,1.2,11210300.0,6.38609,0.09394,6725163.16525438,-87.93119862100683,True,391.85,False,51,43,"[[22, 36], [21, 17], [16, 33], [24, 20], [11, 5], [34, 19], [19, 31], [11, 38]]",[]
softmax,42,16,0.2,30308800.0,7.63633,0.2,46289599.7408,-1193.5388702418409,True,477.01,False,35,175,"[[1, 9], [23, 1], [25, 11], [33, 32], [8, 34], [16, 9], [13, 1], [22, 6]]",[]
softmax,123,3,1.8,13008000.0,6.44132,0.1065,8923495.54464,-149.3624574430644,True,339.74,False,70,39,"[[37, 6], [3, 26], [20, 23], [30, 14], [21, 23], [39, 34], [14, 26], [7, 33]]",[]
softmax,123,1,1.7,13899000.0,6.36784,0.1101,9744577.558416,-172.30716870483744,True,405.85,False,69,41,"[[35, 8], [5, 21], [30, 28], [19, 5], [24, 36], [38, 33], [27, 9], [9, 14]]",[]
softmax,123,4,2.0,18488000.0,6.464,0.1333,15930207.385600002,-345.16138786407924,True,346.66,False,85,43,"[[23, 13], [25, 7], [8, 11], [36, 38], [8, 19], [4, 36], [4, 8], [31, 35]]",[]
softmax,123,5,1.0,9400090.0,6.40601,0.08286,4989586.465018974,-39.43140738038875,True,357.67,False,43,43,"[[21, 38], [16, 33], [24, 37], [11, 1], [25, 23], [38, 18], [36, 34], [35, 4]]",[]
softmax,123,6,0.5,15308000.0,6.6649,0.1179,12028899.49668,-236.14136117650472,True,362.42,False,39,78,"[[4, 24], [29, 15], [13, 5], [29, 31], [28, 14], [9, 20], [35, 24], [37, 31]]",[]
softmax,123,7,1.6,14024600.0,6.37005,0.1085,9693108.250455,-170.86888557331753,True,337.71,False,65,41,"[[2, 7], [30, 20], [25, 34], [20, 31], [7, 36], [2, 15], [37, 4], [6, 32]]",[]
softmax,123,8,1.2,10237100.0,6.3872,0.08853,5788658.4452736,-61.76105966445093,True,335.61,False,50,42,"[[28, 37], [23, 22], [35, 4], [22, 32], [34, 7], [1, 15], [36, 22], [1, 35]]",[]
softmax,123,9,0.7,13458900.0,6.5183,0.1046,9176468.867202,-156.43166581169393,True,364.15,False,42,60,"[[17, 16], [27, 20], [34, 23], [6, 32], [40, 11], [16, 34], [21, 1], [3, 31]]",[]
softmax,42,19,0.1,50644600.0,8.18509,0.2909,120586954.16217262,-3269.7399270306496,True,621.77,False,32,320,"[[22, 25], [5, 15], [30, 28], [14, 13], [18, 38], [14, 30], [21, 3], [23, 35]]",[]
softmax,123,10,1.0,9173000.0,6.46915,0.08064,4785299.604288001,-33.72271695068342,True,353.5,False,42,42,"[[31, 35], [6, 22], [20, 3], [14, 27], [2, 22], [27, 10], [14, 37], [9, 15]]",[]
softmax,123,12,0.9,9377110.0,6.32073,0.08441,5002995.935186223,-39.80612807332654,True,323.02,False,41,46,"[[15, 18], [39, 20], [15, 24], [29, 21], [10, 7], [5, 25], [36, 33], [1, 5]]",[]
softmax,123,11,1.5,12537700.0,6.54827,0.1003,8234654.5513337,-130.1131529503248,True,348.93,False,61,41,"[[39, 17], [3, 4], [4, 21], [20, 26], [39, 36], [8, 8], [32, 21], [10, 1]]",[]
softmax,123,14,1.7,11149100.0,6.24378,0.09061,6307591.12565478,-76.26236442557614,True,266.16,False,59,35,"[[28, 20], [28, 5], [41, 25], [4, 12], [18, 16], [3, 16], [38, 9], [12, 30]]",[]
softmax,123,13,0.3,23549200.0,6.67264,0.1683,26445876.693350405,-639.0163158036478,True,332.55,False,37,123,"[[27, 17], [9, 38], [15, 22], [27, 8], [8, 13], [21, 19], [35, 28], [1, 26]]",[]
softmax,123,15,1.4,9134370.0,6.35974,0.0822,4775180.34128436,-33.43993939143242,True,273.55,False,50,36,"[[2, 1], [6, 31], [8, 3], [15, 11], [22, 16], [5, 26], [14, 10], [34, 20]]",[]
softmax,123,16,0.7,12869700.0,6.56524,0.1048,8854831.7350944,-147.44368287764445,True,272.85,False,43,61,"[[36, 38], [13, 4], [9, 15], [41, 9], [41, 37], [8, 35], [26, 14], [17, 5]]",[]
softmax,123,18,1.0,9400130.0,6.3434,0.08337,4971251.775603539,-38.91905398857983,True,242.16,False,43,43,"[[7, 29], [21, 13], [6, 17], [30, 22], [27, 35], [29, 16], [26, 14], [41, 33]]",[]
softmax,123,17,0.6,11723200.0,6.38166,0.09802,7333216.967706239,-104.9229469418844,True,247.29,False,37,62,"[[10, 5], [13, 27], [21, 16], [35, 22], [30, 21], [25, 1], [13, 38], [13, 16]]",[]
softmax,123,19,1.7,9938070.0,6.4251,0.08359,5337480.090429629,-49.153114409568175,True,230.86,False,56,33,"[[41, 24], [29, 28], [3, 7], [35, 22], [7, 10], [40, 25], [39, 6], [8, 1]]",[]
